ticker,exchange,trade_date,open,high,low,close,adjusted_close,price_type,volume,turnover,currency
000001,XSHE,2021-01-18,21.0346,22.6023,21.0346,22.5229,,RAW_CLOSE,2157301.78,4792909.447,CNY
000002,XSHE,2021-01-18,30.2,31.26,29.83,31.26,,RAW_CLOSE,1258281.68,3847315.298,CNY
000063,XSHE,2021-01-18,35.3,36.68,35.1,36.33,,RAW_CLOSE,1125083.46,4065911.565,CNY
000066,XSHE,2021-01-18,18.36,19.23,18.28,18.95,,RAW_CLOSE,708417.56,1337417.773,CNY
000069,XSHE,2021-01-18,6.79,7.03,6.74,7.0,,RAW_CLOSE,632979.08,435764.831,CNY
000100,XSHE,2021-01-18,9.12,10.25,9.08,10.09,,RAW_CLOSE,12325172.47,11851857.923,CNY
000157,XSHE,2021-01-18,11.73,11.9,11.16,11.73,,RAW_CLOSE,1739868.23,2019447.783,CNY
000166,XSHE,2021-01-18,5.1,5.17,5.08,5.11,,RAW_CLOSE,670960.98,343611.179,CNY
000333,XSHE,2021-01-18,99.39,100.28,97.51,99.12,,RAW_CLOSE,286771.8,2849767.542,CNY
000338,XSHE,2021-01-18,18.39,18.95,18.22,18.74,,RAW_CLOSE,901909.02,1680089.598,CNY
000425,XSHE,2021-01-18,5.91,5.92,5.78,5.88,,RAW_CLOSE,1071455.66,625233.22,CNY
000538,XSHE,2021-01-18,132.9,135.8,130.68,134.11,,RAW_CLOSE,82129.28,1100416.545,CNY
000568,XSHE,2021-01-18,240.13,241.67,227.8,232.01,,RAW_CLOSE,241308.48,5628705.057,CNY
000596,XSHE,2021-01-18,238.98,238.98,228.94,233.3,,RAW_CLOSE,27388.05,637452.23,CNY
000625,XSHE,2021-01-18,19.62,19.93,19.28,19.63,,RAW_CLOSE,745760.03,1466837.341,CNY
000651,XSHE,2021-01-18,63.0,64.2,62.6,63.76,,RAW_CLOSE,383904.98,2432906.889,CNY
000656,XSHE,2021-01-18,7.13,7.32,7.07,7.3,,RAW_CLOSE,329016.81,237084.143,CNY
000661,XSHE,2021-01-18,469.01,481.39,455.46,474.12,,RAW_CLOSE,38594.81,1810901.118,CNY
000703,XSHE,2021-01-18,12.91,14.0,12.81,13.99,,RAW_CLOSE,653748.26,892212.473,CNY
000725,XSHE,2021-01-18,6.63,6.88,6.43,6.84,,RAW_CLOSE,19310198.9,12850954.468,CNY
000728,XSHE,2021-01-18,8.52,8.65,8.48,8.58,,RAW_CLOSE,344251.32,295392.332,CNY
000768,XSHE,2021-01-18,34.39,35.35,34.25,34.98,,RAW_CLOSE,424270.13,1480317.176,CNY
000776,XSHE,2021-01-18,16.85,17.53,16.81,17.18,,RAW_CLOSE,1304196.77,2247480.923,CNY
000783,XSHE,2021-01-18,8.23,8.31,8.15,8.22,,RAW_CLOSE,376697.86,310162.34,CNY
000786,XSHE,2021-01-18,48.51,50.8,47.1,50.22,,RAW_CLOSE,147834.41,733558.838,CNY
000858,XSHE,2021-01-18,285.0,287.14,279.33,284.55,,RAW_CLOSE,272558.64,7724438.136,CNY
000876,XSHE,2021-01-18,22.78,23.22,22.75,22.98,,RAW_CLOSE,293972.63,675243.933,CNY
000895,XSHE,2021-01-18,50.69,51.14,49.11,49.92,,RAW_CLOSE,298330.92,1485807.95,CNY
000938,XSHE,2021-01-18,22.95,25.1,22.81,24.67,,RAW_CLOSE,767154.03,1859870.724,CNY
000963,XSHE,2021-01-18,27.18,27.38,26.94,27.14,,RAW_CLOSE,110085.88,298586.925,CNY
001979,XSHE,2021-01-18,13.23,13.39,13.11,13.31,,RAW_CLOSE,142271.34,188325.564,CNY
002001,XSHE,2021-01-18,37.5,39.1,37.31,39.0,,RAW_CLOSE,210194.82,810684.332,CNY
002007,XSHE,2021-01-18,49.0,51.47,48.7,50.8,,RAW_CLOSE,279616.75,1414893.083,CNY
002008,XSHE,2021-01-18,46.8994,48.3212,45.7461,47.7346,,RAW_CLOSE,313934.31,1492859.325,CNY
002024,XSHE,2021-01-18,7.48,7.53,7.41,7.45,,RAW_CLOSE,281012.57,209540.79,CNY
002027,XSHE,2021-01-18,11.15,12.05,11.15,11.91,,RAW_CLOSE,2150686.63,2533775.713,CNY
002032,XSHE,2021-01-18,81.59,84.0,80.85,82.43,,RAW_CLOSE,14139.51,116511.62,CNY
002044,XSHE,2021-01-18,13.46,14.05,13.15,13.88,,RAW_CLOSE,750852.6,1016779.143,CNY
002049,XSHE,2021-01-18,127.75,133.51,122.38,132.3,,RAW_CLOSE,203932.99,2649699.351,CNY
002050,XSHE,2021-01-18,24.7431,25.7013,24.516,25.3753,,RAW_CLOSE,352964.38,905581.433,CNY
002120,XSHE,2021-01-18,16.05,16.22,15.92,16.03,,RAW_CLOSE,95370.51,153098.416,CNY
002129,XSHE,2021-01-18,29.28,30.75,29.01,30.39,,RAW_CLOSE,788216.36,2379476.218,CNY
002142,XSHE,2021-01-18,38.93,40.76,38.52,40.5,,RAW_CLOSE,581114.72,2332962.049,CNY
002153,XSHE,2021-01-18,29.38,31.46,29.33,31.26,,RAW_CLOSE,86677.04,267134.077,CNY
002179,XSHE,2021-01-18,74.66,76.59,74.41,75.2,,RAW_CLOSE,161946.11,1224098.675,CNY
002202,XSHE,2021-01-18,14.6,15.05,14.51,14.84,,RAW_CLOSE,844692.16,1250987.365,CNY
002230,XSHE,2021-01-18,43.99,44.88,43.45,43.97,,RAW_CLOSE,431480.05,1905009.167,CNY
002236,XSHE,2021-01-18,23.3358,23.8596,23.0096,23.4939,,RAW_CLOSE,531673.02,1264496.593,CNY
002241,XSHE,2021-01-18,41.58,43.9,41.5,43.69,,RAW_CLOSE,1086644.27,4682476.765,CNY
002252,XSHE,2021-01-18,7.24,7.31,7.23,7.25,,RAW_CLOSE,199227.05,144596.753,CNY
002271,XSHE,2021-01-18,48.1,48.8,46.2,48.2,,RAW_CLOSE,343473.91,1644730.978,CNY
002304,XSHE,2021-01-18,207.4,208.1,198.0,200.18,,RAW_CLOSE,180300.17,3619290.96,CNY
002311,XSHE,2021-01-18,65.3,69.5,65.3,67.9,,RAW_CLOSE,130684.42,884529.302,CNY
002352,XSHE,2021-01-18,87.1388,90.5312,86.1539,89.7552,,RAW_CLOSE,187937.24,1684079.416,CNY
002371,XSHE,2021-01-18,212.02,236.0,207.18,233.98,,RAW_CLOSE,130499.2,2932259.223,CNY
002384,XSHE,2021-01-18,25.78,26.34,25.68,26.08,,RAW_CLOSE,425814.8,1106659.306,CNY
002410,XSHE,2021-01-18,80.6962,88.3185,80.208,86.7442,,RAW_CLOSE,118389.28,1017923.276,CNY
002414,XSHE,2021-01-18,46.26,48.42,45.8,47.82,,RAW_CLOSE,136860.14,650300.951,CNY
002415,XSHE,2021-01-18,58.21,61.1,57.07,59.78,,RAW_CLOSE,459471.04,2736546.475,CNY
002456,XSHE,2021-01-18,13.92,14.36,13.86,14.3,,RAW_CLOSE,525262.39,747549.227,CNY
002460,XSHE,2021-01-18,126.9,138.51,123.95,135.75,,RAW_CLOSE,350484.94,4596798.426,CNY
002463,XSHE,2021-01-18,19.25,19.95,19.14,19.73,,RAW_CLOSE,302770.06,594441.313,CNY
002475,XSHE,2021-01-18,57.5,58.88,57.5,57.9,,RAW_CLOSE,777859.26,4519950.341,CNY
002493,XSHE,2021-01-18,31.23,33.52,31.09,33.2,,RAW_CLOSE,270330.08,882801.719,CNY
002508,XSHE,2021-01-18,43.69,44.2,42.83,43.45,,RAW_CLOSE,81174.54,353277.232,CNY
002555,XSHE,2021-01-18,31.76,32.53,30.8,31.95,,RAW_CLOSE,449624.29,1437421.03,CNY
002558,XSHE,2021-01-18,17.75,18.3,17.33,18.1,,RAW_CLOSE,171976.39,307101.458,CNY
002594,XSHE,2021-01-18,220.0,224.0,216.26,221.69,,RAW_CLOSE,263789.33,5826658.747,CNY
002601,XSHE,2021-01-18,39.8301,41.3882,38.1745,40.2683,,RAW_CLOSE,308959.06,1269727.772,CNY
002602,XSHE,2021-01-18,6.76,6.81,6.71,6.78,,RAW_CLOSE,411216.36,278018.959,CNY
002607,XSHE,2021-01-18,32.95,33.88,32.0,33.13,,RAW_CLOSE,139669.58,460614.116,CNY
002624,XSHE,2021-01-18,25.87,26.89,25.18,26.78,,RAW_CLOSE,599078.09,1576450.673,CNY
002673,XSHE,2021-01-18,10.9,11.43,10.65,10.96,,RAW_CLOSE,1547776.58,1711013.076,CNY
002714,XSHE,2021-01-18,84.01,84.58,82.05,83.44,,RAW_CLOSE,292418.35,2441976.289,CNY
002736,XSHE,2021-01-18,13.17,13.43,13.13,13.3,,RAW_CLOSE,192274.57,255339.208,CNY
002739,XSHE,2021-01-18,19.01,19.65,18.9,19.3,,RAW_CLOSE,260862.45,501170.549,CNY
002773,XSHE,2021-01-18,39.7,40.6,39.18,40.52,,RAW_CLOSE,46964.73,188584.915,CNY
002812,XSHE,2021-01-18,141.4776,141.4776,130.8927,135.3064,,RAW_CLOSE,118849.45,1611656.608,CNY
002821,XSHE,2021-01-18,284.99,296.66,276.68,293.21,,RAW_CLOSE,27097.74,784427.326,CNY
002841,XSHE,2021-01-18,100.87,105.78,99.59,105.25,,RAW_CLOSE,18495.65,191300.875,CNY
002916,XSHE,2021-01-18,132.37,138.0,131.14,135.29,,RAW_CLOSE,80988.02,1092407.827,CNY
002938,XSHE,2021-01-18,48.31,48.86,47.8,48.25,,RAW_CLOSE,107509.14,519125.737,CNY
002939,XSHE,2021-01-18,12.33,12.5,12.27,12.4,,RAW_CLOSE,148821.34,184644.314,CNY
002945,XSHE,2021-01-18,14.1078,14.4352,14.0681,14.336,,RAW_CLOSE,105972.72,152648.012,CNY
300003,XSHE,2021-01-18,27.4,28.04,27.11,27.69,,RAW_CLOSE,176757.49,488247.716,CNY
300014,XSHE,2021-01-18,91.2,95.19,88.18,94.1,,RAW_CLOSE,284837.96,2655174.717,CNY
300015,XSHE,2021-01-18,71.4,72.8,70.58,71.81,,RAW_CLOSE,187808.18,1345921.497,CNY
300033,XSHE,2021-01-18,124.8303,131.713,124.8303,130.1087,,RAW_CLOSE,70014.26,916392.503,CNY
300059,XSHE,2021-01-18,35.9,38.87,35.83,37.78,,RAW_CLOSE,3347526.55,12626685.267,CNY
300122,XSHE,2021-01-18,143.3,146.88,138.29,141.25,,RAW_CLOSE,113838.81,1618563.825,CNY
300124,XSHE,2021-01-18,88.2,91.59,85.68,90.32,,RAW_CLOSE,127804.69,1144945.85,CNY
300136,XSHE,2021-01-18,38.62,40.17,38.38,39.48,,RAW_CLOSE,380174.57,1504735.819,CNY
300142,XSHE,2021-01-18,34.8,35.52,34.55,35.33,,RAW_CLOSE,289390.85,1016906.861,CNY
300144,XSHE,2021-01-18,16.04,16.21,15.6,15.71,,RAW_CLOSE,333662.28,526137.673,CNY
300274,XSHE,2021-01-18,82.4,87.63,79.51,86.1,,RAW_CLOSE,422871.32,3572266.213,CNY
300347,XSHE,2021-01-18,159.92,163.89,155.98,162.3,,RAW_CLOSE,61171.98,985915.63,CNY
300408,XSHE,2021-01-18,39.45,41.2,38.62,41.15,,RAW_CLOSE,292937.61,1175948.318,CNY
300413,XSHE,2021-01-18,82.48,83.81,78.0,82.77,,RAW_CLOSE,85911.76,704439.577,CNY
300433,XSHE,2021-01-18,38.01,41.4,38.01,40.51,,RAW_CLOSE,1045238.3,4180266.596,CNY
300498,XSHE,2021-01-18,18.5,18.78,18.5,18.59,,RAW_CLOSE,264026.26,491737.135,CNY
300529,XSHE,2021-01-18,74.2204,75.4119,72.8601,75.2332,,RAW_CLOSE,50563.21,379879.643,CNY
600000,XSHG,2021-01-18,9.92,10.12,9.87,10.08,,RAW_CLOSE,963894.98,962800.689,CNY
600009,XSHG,2021-01-18,71.5,72.89,70.86,72.2,,RAW_CLOSE,135351.88,975201.418,CNY
600010,XSHG,2021-01-18,1.16,1.19,1.15,1.16,,RAW_CLOSE,4161924.84,486489.774,CNY
600011,XSHG,2021-01-18,4.48,4.5,4.44,4.45,,RAW_CLOSE,336981.42,150349.53,CNY
600015,XSHG,2021-01-18,6.25,6.28,6.19,6.25,,RAW_CLOSE,373508.91,233159.546,CNY
600016,XSHG,2021-01-18,5.24,5.27,5.21,5.23,,RAW_CLOSE,1202765.8,630138.849,CNY
600018,XSHG,2021-01-18,4.81,4.91,4.77,4.85,,RAW_CLOSE,602997.47,292396.215,CNY
600019,XSHG,2021-01-18,6.26,6.35,6.18,6.29,,RAW_CLOSE,1086156.72,681459.522,CNY
600025,XSHG,2021-01-18,4.35,4.38,4.27,4.28,,RAW_CLOSE,234970.95,101224.283,CNY
600028,XSHG,2021-01-18,4.2,4.21,4.14,4.16,,RAW_CLOSE,2017441.29,839947.933,CNY
600029,XSHG,2021-01-18,5.66,5.74,5.62,5.72,,RAW_CLOSE,291202.9,165905.923,CNY
600030,XSHG,2021-01-18,30.02,31.0,29.86,30.35,,RAW_CLOSE,1695533.5,5167176.626,CNY
600031,XSHG,2021-01-18,41.45,42.15,39.76,41.65,,RAW_CLOSE,1213881.22,5015823.894,CNY
600036,XSHG,2021-01-18,51.5,53.08,51.2,51.92,,RAW_CLOSE,1237641.6,6463924.98,CNY
600048,XSHG,2021-01-18,15.59,16.04,15.39,15.96,,RAW_CLOSE,1277876.1,2011580.67,CNY
600050,XSHG,2021-01-18,4.62,4.66,4.58,4.59,,RAW_CLOSE,1686157.54,777474.56,CNY
600061,XSHG,2021-01-18,13.6,13.92,13.51,13.84,,RAW_CLOSE,309841.12,425514.022,CNY
600079,XSHG,2021-01-18,29.98,29.98,28.21,28.39,,RAW_CLOSE,229478.35,660998.261,CNY
600085,XSHG,2021-01-18,24.5,25.6,24.43,25.3,,RAW_CLOSE,199482.08,503615.344,CNY
600104,XSHG,2021-01-18,25.45,25.45,24.7,24.77,,RAW_CLOSE,989304.65,2460139.844,CNY
600109,XSHG,2021-01-18,16.05,16.38,15.88,16.08,,RAW_CLOSE,552400.52,892840.457,CNY
600111,XSHG,2021-01-18,15.0,15.22,14.53,15.22,,RAW_CLOSE,2359505.35,3562736.014,CNY
600115,XSHG,2021-01-18,4.56,4.59,4.52,4.58,,RAW_CLOSE,261061.3,119077.497,CNY
600118,XSHG,2021-01-18,34.6,35.34,34.42,34.76,,RAW_CLOSE,184403.56,644632.568,CNY
600132,XSHG,2021-01-18,124.9,125.94,119.65,124.2,,RAW_CLOSE,32802.58,404657.874,CNY
600143,XSHG,2021-01-18,20.2239,22.3251,20.0877,22.3251,,RAW_CLOSE,1924207.28,4340866.08,CNY
600150,XSHG,2021-01-18,18.6,19.13,18.6,18.75,,RAW_CLOSE,170962.19,322442.646,CNY
600161,XSHG,2021-01-18,41.18,41.48,40.32,40.67,,RAW_CLOSE,110826.71,451356.561,CNY
600176,XSHG,2021-01-18,21.94,24.25,21.92,24.0,,RAW_CLOSE,496447.02,1170407.201,CNY
600183,XSHG,2021-01-18,28.37,29.48,28.07,28.91,,RAW_CLOSE,339844.83,980895.964,CNY
600196,XSHG,2021-01-18,49.99,50.8,49.2,50.29,,RAW_CLOSE,252058.73,1259403.97,CNY
600233,XSHG,2021-01-18,11.99,12.0,11.81,11.92,,RAW_CLOSE,89451.37,106419.236,CNY
600276,XSHG,2021-01-18,109.03,110.34,107.39,107.83,,RAW_CLOSE,235131.96,2543706.268,CNY
600299,XSHG,2021-01-18,11.36,11.47,11.29,11.41,,RAW_CLOSE,56733.65,64544.018,CNY
600309,XSHG,2021-01-18,107.0222,110.4813,104.9073,108.5146,,RAW_CLOSE,193955.7,2125975.528,CNY
600332,XSHG,2021-01-18,29.8,29.89,29.63,29.75,,RAW_CLOSE,49420.19,147022.588,CNY
600340,XSHG,2021-01-18,11.57,11.66,11.2,11.36,,RAW_CLOSE,408552.02,465390.019,CNY
600352,XSHG,2021-01-18,14.43,14.73,14.38,14.66,,RAW_CLOSE,511089.38,745622.84,CNY
600362,XSHG,2021-01-18,21.35,22.22,20.66,21.97,,RAW_CLOSE,521549.89,1119898.609,CNY
600383,XSHG,2021-01-18,12.42,12.58,12.16,12.52,,RAW_CLOSE,562415.65,695645.304,CNY
600406,XSHG,2021-01-18,26.75,29.59,26.54,28.89,,RAW_CLOSE,558821.78,1613207.115,CNY
600426,XSHG,2021-01-18,40.9,43.34,40.79,42.0,,RAW_CLOSE,160747.83,679047.982,CNY
600436,XSHG,2021-01-18,284.1,294.68,282.0,286.51,,RAW_CLOSE,40295.43,1165572.224,CNY
600438,XSHG,2021-01-18,37.9,38.65,37.1,38.3,,RAW_CLOSE,802620.17,3055167.601,CNY
600482,XSHG,2021-01-18,18.59,19.45,18.55,19.15,,RAW_CLOSE,94965.71,181901.276,CNY
600489,XSHG,2021-01-18,8.34,8.48,8.31,8.46,,RAW_CLOSE,272980.78,229451.834,CNY
600519,XSHG,2021-01-18,2061.06,2091.48,2040.27,2063.0,,RAW_CLOSE,39144.04,8076715.79,CNY
600521,XSHG,2021-01-18,28.0,28.33,26.32,28.25,,RAW_CLOSE,396665.51,1089308.384,CNY
600522,XSHG,2021-01-18,11.1966,11.4837,11.1372,11.4144,,RAW_CLOSE,521679.56,597445.681,CNY
600547,XSHG,2021-01-18,22.6,23.07,22.44,23.07,,RAW_CLOSE,223308.0,508158.614,CNY
600570,XSHG,2021-01-18,95.18,98.05,94.28,97.0,,RAW_CLOSE,180871.09,1749226.379,CNY
600584,XSHG,2021-01-18,44.51,48.98,44.3,48.2,,RAW_CLOSE,1082260.77,5123091.544,CNY
600585,XSHG,2021-01-18,55.01,55.28,54.16,55.18,,RAW_CLOSE,366632.68,2006957.405,CNY
600588,XSHG,2021-01-18,41.4381,44.0218,40.812,43.038,,RAW_CLOSE,502076.19,2133908.955,CNY
600606,XSHG,2021-01-18,5.78,5.89,5.74,5.85,,RAW_CLOSE,421102.74,244159.857,CNY
600655,XSHG,2021-01-18,12.44,12.85,12.02,12.5,,RAW_CLOSE,792268.98,985801.623,CNY
600660,XSHG,2021-01-18,53.09,55.2,52.87,54.49,,RAW_CLOSE,292008.13,1585907.35,CNY
600690,XSHG,2021-01-18,33.3,35.19,33.3,34.96,,RAW_CLOSE,510256.34,1767597.209,CNY
600703,XSHG,2021-01-18,33.3,35.8,33.29,34.95,,RAW_CLOSE,1193306.73,4135787.539,CNY
600705,XSHG,2021-01-18,4.48,4.54,4.46,4.51,,RAW_CLOSE,492319.26,221638.592,CNY
600741,XSHG,2021-01-18,30.2,30.6,29.15,29.85,,RAW_CLOSE,294509.92,878746.983,CNY
600745,XSHG,2021-01-18,113.72,126.27,112.72,125.6,,RAW_CLOSE,404033.24,4955550.568,CNY
600760,XSHG,2021-01-18,83.6,86.78,82.51,85.4,,RAW_CLOSE,267502.28,2277732.807,CNY
600763,XSHG,2021-01-18,297.93,299.01,286.3,294.3,,RAW_CLOSE,23319.17,684072.526,CNY
600795,XSHG,2021-01-18,2.12,2.14,2.11,2.13,,RAW_CLOSE,335729.85,71279.608,CNY
600809,XSHG,2021-01-18,367.0,373.71,356.88,373.5,,RAW_CLOSE,69445.58,2528960.523,CNY
600837,XSHG,2021-01-18,12.82,13.02,12.78,12.86,,RAW_CLOSE,586132.43,755701.431,CNY
600845,XSHG,2021-01-18,61.29,63.45,60.14,62.9,,RAW_CLOSE,59562.33,371347.677,CNY
600848,XSHG,2021-01-18,19.82,20.15,19.82,19.96,,RAW_CLOSE,23001.93,46018.812,CNY
600887,XSHG,2021-01-18,46.65,48.24,46.65,47.51,,RAW_CLOSE,706755.67,3354358.894,CNY
600893,XSHG,2021-01-18,66.84,68.82,66.45,68.02,,RAW_CLOSE,578842.13,3927224.92,CNY
600900,XSHG,2021-01-18,19.2,19.25,18.98,19.1,,RAW_CLOSE,398756.11,761753.611,CNY
600919,XSHG,2021-01-18,5.5,5.57,5.46,5.52,,RAW_CLOSE,1011442.03,557666.688,CNY
600926,XSHG,2021-01-18,15.56,16.28,15.55,16.03,,RAW_CLOSE,435268.92,695782.705,CNY
600958,XSHG,2021-01-18,11.0,11.17,10.95,11.04,,RAW_CLOSE,409847.81,453147.222,CNY
600989,XSHG,2021-01-18,13.85,14.5,13.5,14.32,,RAW_CLOSE,473167.53,667061.234,CNY
600999,XSHG,2021-01-18,24.33,25.81,24.16,24.99,,RAW_CLOSE,798218.05,1995037.133,CNY
601006,XSHG,2021-01-18,6.67,6.67,6.61,6.64,,RAW_CLOSE,304421.91,201997.789,CNY
601009,XSHG,2021-01-18,8.27,8.53,8.25,8.45,,RAW_CLOSE,1093946.6,918603.692,CNY
601012,XSHG,2021-01-18,100.0,104.3,99.37,103.17,,RAW_CLOSE,712452.94,7286087.238,CNY
601021,XSHG,2021-01-18,56.41,56.41,51.35,51.37,,RAW_CLOSE,141870.31,746443.558,CNY
601066,XSHG,2021-01-18,42.2,43.15,41.92,42.36,,RAW_CLOSE,292835.02,1247203.646,CNY
601088,XSHG,2021-01-18,18.74,19.14,18.58,18.92,,RAW_CLOSE,496978.55,940741.26,CNY
601100,XSHG,2021-01-18,121.0,124.66,116.66,124.14,,RAW_CLOSE,61097.63,748483.258,CNY
601108,XSHG,2021-01-18,11.74,11.9,11.66,11.76,,RAW_CLOSE,418918.77,493936.762,CNY
601111,XSHG,2021-01-18,7.05,7.12,6.99,7.08,,RAW_CLOSE,366322.66,258562.318,CNY
601138,XSHG,2021-01-18,15.26,15.95,15.0,15.88,,RAW_CLOSE,919827.38,1433424.391,CNY
601155,XSHG,2021-01-18,35.87,36.74,35.48,36.62,,RAW_CLOSE,133813.52,483873.619,CNY
601162,XSHG,2021-01-18,5.72,5.83,5.7,5.77,,RAW_CLOSE,689563.41,398141.794,CNY
601166,XSHG,2021-01-18,22.7,24.38,22.61,24.21,,RAW_CLOSE,2886877.48,6822132.487,CNY
601169,XSHG,2021-01-18,4.88,4.92,4.85,4.88,,RAW_CLOSE,770934.03,376637.077,CNY
601186,XSHG,2021-01-18,8.18,8.27,8.13,8.21,,RAW_CLOSE,677167.5,553927.157,CNY
601211,XSHG,2021-01-18,17.34,17.65,17.3,17.47,,RAW_CLOSE,394109.63,688414.111,CNY
601216,XSHG,2021-01-18,4.4,4.64,4.37,4.53,,RAW_CLOSE,1403283.12,632532.27,CNY
601225,XSHG,2021-01-18,10.72,11.11,10.51,11.02,,RAW_CLOSE,1047434.82,1144078.004,CNY
601229,XSHG,2021-01-18,8.23,8.38,8.11,8.28,,RAW_CLOSE,631994.45,519311.139,CNY
601231,XSHG,2021-01-18,19.09,20.88,18.88,20.47,,RAW_CLOSE,397974.99,799231.878,CNY
601236,XSHG,2021-01-18,16.0088,16.2065,15.7717,15.9792,,RAW_CLOSE,183635.94,296968.81,CNY
601238,XSHG,2021-01-18,13.5,13.77,13.04,13.2,,RAW_CLOSE,2325744.42,3149667.641,CNY
601288,XSHG,2021-01-18,3.19,3.21,3.16,3.19,,RAW_CLOSE,2988215.06,951438.081,CNY
601318,XSHG,2021-01-18,85.4113,86.0494,83.7423,85.6076,,RAW_CLOSE,1162419.91,10058906.404,CNY
601319,XSHG,2021-01-18,6.44,6.49,6.38,6.43,,RAW_CLOSE,883368.0,567527.333,CNY
601328,XSHG,2021-01-18,4.54,4.55,4.51,4.53,,RAW_CLOSE,1310261.6,593262.955,CNY
601336,XSHG,2021-01-18,55.9,56.15,54.9,55.35,,RAW_CLOSE,166561.98,921951.786,CNY
601360,XSHG,2021-01-18,17.32,17.5,17.09,17.28,,RAW_CLOSE,394941.82,683731.483,CNY
601377,XSHG,2021-01-18,8.71,8.95,8.67,8.8,,RAW_CLOSE,861761.98,760031.278,CNY
601390,XSHG,2021-01-18,5.72,5.85,5.68,5.76,,RAW_CLOSE,1333448.44,765227.874,CNY
601398,XSHG,2021-01-18,5.13,5.18,5.08,5.14,,RAW_CLOSE,3981897.84,2039374.953,CNY
601555,XSHG,2021-01-18,9.21,9.35,9.18,9.24,,RAW_CLOSE,259163.46,240152.685,CNY
601600,XSHG,2021-01-18,3.55,3.61,3.51,3.59,,RAW_CLOSE,944550.15,336713.212,CNY
601601,XSHG,2021-01-18,41.3,41.79,40.39,41.3,,RAW_CLOSE,457053.64,1882552.68,CNY
601607,XSHG,2021-01-18,19.03,19.15,18.92,19.15,,RAW_CLOSE,103825.97,197747.7,CNY
601618,XSHG,2021-01-18,3.22,3.32,3.16,3.21,,RAW_CLOSE,2590004.88,833810.391,CNY
601628,XSHG,2021-01-18,41.0,41.66,40.01,40.88,,RAW_CLOSE,329001.57,1335610.067,CNY
601633,XSHG,2021-01-18,41.5883,41.7765,39.8159,40.7962,,RAW_CLOSE,551148.84,2279295.946,CNY
601668,XSHG,2021-01-18,5.01,5.06,5.0,5.04,,RAW_CLOSE,2196775.31,1104989.118,CNY
601669,XSHG,2021-01-18,4.03,4.09,4.01,4.03,,RAW_CLOSE,914506.19,368811.454,CNY
601688,XSHG,2021-01-18,18.78,19.32,18.68,19.04,,RAW_CLOSE,860491.76,1640019.327,CNY
601698,XSHG,2021-01-18,18.17,18.61,18.11,18.45,,RAW_CLOSE,87046.36,160448.401,CNY
601727,XSHG,2021-01-18,5.39,5.52,5.38,5.46,,RAW_CLOSE,1002235.76,547025.404,CNY
601766,XSHG,2021-01-18,6.96,7.44,6.95,7.28,,RAW_CLOSE,5341187.8,3848919.663,CNY
601788,XSHG,2021-01-18,17.81,18.16,17.63,17.79,,RAW_CLOSE,389382.15,697583.223,CNY
601799,XSHG,2021-01-18,185.22,194.0,176.3,190.8,,RAW_CLOSE,26474.96,500837.668,CNY
601800,XSHG,2021-01-18,7.4,7.49,7.36,7.42,,RAW_CLOSE,345199.69,255341.193,CNY
601808,XSHG,2021-01-18,15.26,16.21,15.06,16.2,,RAW_CLOSE,215364.68,340766.266,CNY
601818,XSHG,2021-01-18,4.07,4.21,4.04,4.16,,RAW_CLOSE,2420651.08,998918.572,CNY
601838,XSHG,2021-01-18,9.68,10.17,9.63,9.94,,RAW_CLOSE,697592.44,689957.736,CNY
601857,XSHG,2021-01-18,4.25,4.28,4.24,4.25,,RAW_CLOSE,907183.52,386260.371,CNY
601872,XSHG,2021-01-18,5.84,5.95,5.79,5.91,,RAW_CLOSE,654970.81,384645.257,CNY
601877,XSHG,2021-01-18,37.87,38.18,37.37,37.88,,RAW_CLOSE,156576.69,591089.464,CNY
601878,XSHG,2021-01-18,13.98,14.15,13.95,14.0,,RAW_CLOSE,311275.7,437440.904,CNY
601881,XSHG,2021-01-18,12.02,12.31,12.0,12.11,,RAW_CLOSE,240765.69,292570.573,CNY
601888,XSHG,2021-01-18,278.22,279.0,268.0,274.2,,RAW_CLOSE,173566.24,4748017.549,CNY
601899,XSHG,2021-01-18,10.3,10.71,9.93,10.69,,RAW_CLOSE,2976872.79,3080365.298,CNY
601901,XSHG,2021-01-18,8.93,9.06,8.88,8.92,,RAW_CLOSE,710250.6,636848.516,CNY
601919,XSHG,2021-01-18,14.68,15.85,14.55,15.64,,RAW_CLOSE,2611623.7,4013681.434,CNY
601933,XSHG,2021-01-18,7.3,7.32,7.2,7.22,,RAW_CLOSE,726192.16,525263.822,CNY
601939,XSHG,2021-01-18,6.75,6.8,6.66,6.76,,RAW_CLOSE,1786202.62,1202704.263,CNY
601985,XSHG,2021-01-18,5.18,5.27,5.16,5.22,,RAW_CLOSE,851721.83,444550.766,CNY
601988,XSHG,2021-01-18,3.22,3.23,3.19,3.2,,RAW_CLOSE,1674359.0,536433.188,CNY
601989,XSHG,2021-01-18,4.41,4.54,4.39,4.5,,RAW_CLOSE,1207424.44,539779.776,CNY
601998,XSHG,2021-01-18,5.16,5.2,5.11,5.16,,RAW_CLOSE,469436.23,241810.416,CNY
603019,XSHG,2021-01-18,34.97,36.17,34.7,36.15,,RAW_CLOSE,285710.67,1020132.761,CNY
603160,XSHG,2021-01-18,154.0,161.98,153.23,159.08,,RAW_CLOSE,63420.93,1003513.734,CNY
603233,XSHG,2021-01-18,89.69,93.0,87.5,91.98,,RAW_CLOSE,47962.64,437974.492,CNY
603259,XSHG,2021-01-18,141.99,146.0,137.5,143.6,,RAW_CLOSE,128665.46,1843172.693,CNY
603288,XSHG,2021-01-18,155.9692,155.9692,149.9439,155.5486,,RAW_CLOSE,56308.35,1131488.692,CNY
603338,XSHG,2021-01-18,103.25,107.14,101.85,106.5,,RAW_CLOSE,22682.58,238859.202,CNY
603501,XSHG,2021-01-18,296.0,314.6,293.0,314.6,,RAW_CLOSE,165409.22,5098881.152,CNY
603517,XSHG,2021-01-18,87.67,89.05,83.98,87.48,,RAW_CLOSE,47683.13,415680.632,CNY
603659,XSHG,2021-01-18,74.6671,75.5853,72.1616,74.4322,,RAW_CLOSE,49971.28,521630.875,CNY
603799,XSHG,2021-01-18,82.6,84.37,80.29,83.1,,RAW_CLOSE,384433.87,3168553.889,CNY
603806,XSHG,2021-01-18,84.0,85.45,81.51,84.42,,RAW_CLOSE,59278.61,497853.524,CNY
603833,XSHG,2021-01-18,126.68,135.26,122.22,133.82,,RAW_CLOSE,40309.49,528062.796,CNY
603882,XSHG,2021-01-18,139.86,146.0,135.56,139.27,,RAW_CLOSE,52071.37,734586.328,CNY
603899,XSHG,2021-01-18,95.095,96.4474,92.4797,95.9601,,RAW_CLOSE,34661.68,331658.068,CNY
603939,XSHG,2021-01-18,98.0,99.4,95.71,97.3,,RAW_CLOSE,63853.18,623402.54,CNY
603986,XSHG,2021-01-18,212.12,228.5,208.12,224.63,,RAW_CLOSE,220016.59,4857506.388,CNY
603993,XSHG,2021-01-18,6.2,6.33,6.07,6.24,,RAW_CLOSE,4167167.42,2585222.754,CNY
000001,XSHE,2021-01-19,22.3344,22.6618,21.878,22.1657,,RAW_CLOSE,1242088.34,2790056.611,CNY
000002,XSHE,2021-01-19,31.19,32.35,30.72,31.28,,RAW_CLOSE,1631688.39,5130233.086,CNY
000063,XSHE,2021-01-19,36.43,37.09,35.62,35.86,,RAW_CLOSE,1019411.51,3697034.724,CNY
000066,XSHE,2021-01-19,19.28,19.8,18.65,18.7,,RAW_CLOSE,715440.03,1368374.137,CNY
000069,XSHE,2021-01-19,6.97,7.34,6.92,7.2,,RAW_CLOSE,974528.99,698276.962,CNY
000100,XSHE,2021-01-19,9.9,9.9,9.08,9.08,,RAW_CLOSE,11534160.91,10827313.898,CNY
000157,XSHE,2021-01-19,11.79,12.13,11.35,11.36,,RAW_CLOSE,1322823.67,1535980.287,CNY
000166,XSHE,2021-01-19,5.11,5.21,5.09,5.14,,RAW_CLOSE,981107.85,504896.417,CNY
000333,XSHE,2021-01-19,99.69,100.11,94.48,94.85,,RAW_CLOSE,423078.07,4087923.629,CNY
000338,XSHE,2021-01-19,19.15,19.65,18.65,18.75,,RAW_CLOSE,1215888.77,2323628.531,CNY
000425,XSHE,2021-01-19,5.84,5.87,5.61,5.67,,RAW_CLOSE,1210059.77,693394.288,CNY
000538,XSHE,2021-01-19,133.01,134.4,130.6,131.51,,RAW_CLOSE,83444.29,1103719.284,CNY
000568,XSHE,2021-01-19,236.0,241.95,226.6,229.87,,RAW_CLOSE,188495.55,4410572.939,CNY
000596,XSHE,2021-01-19,235.1,239.85,221.36,223.5,,RAW_CLOSE,37024.35,846793.331,CNY
000625,XSHE,2021-01-19,19.73,20.18,19.43,19.8,,RAW_CLOSE,893043.69,1768617.73,CNY
000651,XSHE,2021-01-19,63.72,65.09,62.66,62.92,,RAW_CLOSE,408454.05,2602511.496,CNY
000656,XSHE,2021-01-19,7.28,7.92,7.26,7.6,,RAW_CLOSE,984199.71,748150.428,CNY
000661,XSHE,2021-01-19,474.13,475.0,448.05,451.0,,RAW_CLOSE,55931.16,2556578.734,CNY
000703,XSHE,2021-01-19,14.0,14.55,13.77,14.19,,RAW_CLOSE,670368.91,956113.607,CNY
000725,XSHE,2021-01-19,6.83,6.95,6.49,6.52,,RAW_CLOSE,15945348.78,10734321.081,CNY
000728,XSHE,2021-01-19,8.55,8.69,8.49,8.59,,RAW_CLOSE,455580.9,391067.692,CNY
000768,XSHE,2021-01-19,34.44,34.98,34.01,34.36,,RAW_CLOSE,332110.28,1141962.228,CNY
000776,XSHE,2021-01-19,17.2,18.03,17.15,17.4,,RAW_CLOSE,1727631.46,3034825.678,CNY
000783,XSHE,2021-01-19,8.22,8.32,8.11,8.18,,RAW_CLOSE,424124.85,347821.311,CNY
000786,XSHE,2021-01-19,50.6,52.15,48.57,49.36,,RAW_CLOSE,159677.24,803756.531,CNY
000858,XSHE,2021-01-19,287.0,290.0,280.0,281.5,,RAW_CLOSE,293888.57,8340023.174,CNY
000876,XSHE,2021-01-19,22.94,22.94,22.14,22.2,,RAW_CLOSE,432388.6,967588.695,CNY
000895,XSHE,2021-01-19,50.0,50.5,48.81,48.96,,RAW_CLOSE,192245.3,946085.724,CNY
000938,XSHE,2021-01-19,24.69,25.07,24.31,24.75,,RAW_CLOSE,522415.95,1288814.651,CNY
000963,XSHE,2021-01-19,27.65,28.2,27.3,27.35,,RAW_CLOSE,173414.99,480470.16,CNY
001979,XSHE,2021-01-19,13.25,13.85,13.15,13.65,,RAW_CLOSE,291373.08,394808.324,CNY
002001,XSHE,2021-01-19,39.1,39.85,38.27,39.26,,RAW_CLOSE,236055.42,920128.089,CNY
002007,XSHE,2021-01-19,50.79,52.48,50.51,51.2,,RAW_CLOSE,310966.21,1605294.688,CNY
002008,XSHE,2021-01-19,47.9235,50.1407,45.8654,46.2233,,RAW_CLOSE,550936.07,2665634.564,CNY
002024,XSHE,2021-01-19,7.45,7.65,7.39,7.57,,RAW_CLOSE,423528.64,318588.957,CNY
002027,XSHE,2021-01-19,11.88,11.89,11.45,11.68,,RAW_CLOSE,1752211.58,2044136.886,CNY
002032,XSHE,2021-01-19,82.33,82.33,78.82,79.85,,RAW_CLOSE,19217.71,154081.645,CNY
002044,XSHE,2021-01-19,13.7,13.94,13.2,13.3,,RAW_CLOSE,539444.27,730146.087,CNY
002049,XSHE,2021-01-19,131.1,131.5,127.3,128.81,,RAW_CLOSE,140427.46,1815080.552,CNY
002050,XSHE,2021-01-19,25.5827,25.6321,24.0221,24.111,,RAW_CLOSE,503881.76,1247984.106,CNY
002120,XSHE,2021-01-19,16.04,16.75,15.82,16.48,,RAW_CLOSE,189667.89,310398.727,CNY
002129,XSHE,2021-01-19,30.3,30.64,28.57,28.76,,RAW_CLOSE,877428.3,2580854.572,CNY
002142,XSHE,2021-01-19,40.49,40.49,38.82,38.89,,RAW_CLOSE,391669.85,1537781.95,CNY
002153,XSHE,2021-01-19,31.01,31.75,30.15,30.3,,RAW_CLOSE,60462.92,186546.053,CNY
002179,XSHE,2021-01-19,74.52,75.87,73.13,74.5,,RAW_CLOSE,93628.72,697500.008,CNY
002202,XSHE,2021-01-19,14.88,15.09,14.2,14.35,,RAW_CLOSE,818908.84,1190382.978,CNY
002230,XSHE,2021-01-19,46.66,48.37,46.2,46.7,,RAW_CLOSE,1544802.06,7401535.186,CNY
002236,XSHE,2021-01-19,23.6718,24.8777,22.9009,23.2073,,RAW_CLOSE,753306.45,1807684.229,CNY
002241,XSHE,2021-01-19,43.5,43.67,42.03,42.65,,RAW_CLOSE,924172.74,3935662.483,CNY
002252,XSHE,2021-01-19,7.26,7.5,7.17,7.39,,RAW_CLOSE,340300.07,249396.328,CNY
002271,XSHE,2021-01-19,48.25,49.7,46.7,47.37,,RAW_CLOSE,258997.29,1238759.486,CNY
002304,XSHE,2021-01-19,205.0,205.0,189.52,190.61,,RAW_CLOSE,176493.45,3455434.474,CNY
002311,XSHE,2021-01-19,67.9,67.9,63.1,63.46,,RAW_CLOSE,125817.24,815967.389,CNY
002352,XSHE,2021-01-19,92.3219,92.3518,89.1384,91.0286,,RAW_CLOSE,217520.6,1983208.999,CNY
002371,XSHE,2021-01-19,232.0,237.98,227.68,231.01,,RAW_CLOSE,101722.48,2360929.26,CNY
002384,XSHE,2021-01-19,25.96,26.08,25.56,25.72,,RAW_CLOSE,434811.64,1119140.406,CNY
002410,XSHE,2021-01-19,86.7641,88.179,85.3692,85.6382,,RAW_CLOSE,70535.75,611444.637,CNY
002414,XSHE,2021-01-19,47.82,48.36,46.05,46.35,,RAW_CLOSE,106857.52,501766.606,CNY
002415,XSHE,2021-01-19,59.82,62.19,59.82,60.59,,RAW_CLOSE,482539.33,2948151.415,CNY
002456,XSHE,2021-01-19,14.31,14.42,14.02,14.04,,RAW_CLOSE,457309.75,647358.923,CNY
002460,XSHE,2021-01-19,134.1,137.53,122.19,125.59,,RAW_CLOSE,465653.41,6054602.517,CNY
002463,XSHE,2021-01-19,19.65,19.73,19.06,19.15,,RAW_CLOSE,293726.15,567596.438,CNY
002475,XSHE,2021-01-19,57.8,57.87,55.52,55.71,,RAW_CLOSE,1092621.87,6146833.932,CNY
002493,XSHE,2021-01-19,33.35,33.72,31.81,32.19,,RAW_CLOSE,308854.83,1011939.58,CNY
002508,XSHE,2021-01-19,43.4,43.86,42.5,42.7,,RAW_CLOSE,87168.16,375631.131,CNY
002555,XSHE,2021-01-19,31.91,31.93,30.23,30.35,,RAW_CLOSE,585806.26,1813783.257,CNY
002558,XSHE,2021-01-19,17.94,18.2,17.78,18.12,,RAW_CLOSE,113432.9,204552.613,CNY
002594,XSHE,2021-01-19,222.06,225.2,213.56,216.2,,RAW_CLOSE,276250.13,6035553.036,CNY
002601,XSHE,2021-01-19,39.4308,41.8557,37.8532,38.6323,,RAW_CLOSE,251080.4,1029961.549,CNY
002602,XSHE,2021-01-19,6.76,6.77,6.59,6.6,,RAW_CLOSE,704594.87,468849.064,CNY
002607,XSHE,2021-01-19,33.0,33.7,32.08,32.3,,RAW_CLOSE,151993.92,493166.395,CNY
002624,XSHE,2021-01-19,26.8,26.81,26.02,26.33,,RAW_CLOSE,416592.81,1096190.059,CNY
002673,XSHE,2021-01-19,10.93,11.15,10.57,10.75,,RAW_CLOSE,1231685.82,1338331.788,CNY
002714,XSHE,2021-01-19,83.44,83.5,81.21,82.09,,RAW_CLOSE,252104.27,2073120.37,CNY
002736,XSHE,2021-01-19,13.26,13.43,13.18,13.34,,RAW_CLOSE,183447.88,243871.867,CNY
002739,XSHE,2021-01-19,19.27,20.65,19.09,20.16,,RAW_CLOSE,560601.34,1128872.59,CNY
002773,XSHE,2021-01-19,40.54,40.94,39.66,39.81,,RAW_CLOSE,42189.0,169527.029,CNY
002812,XSHE,2021-01-19,134.6174,136.7344,129.6745,129.9741,,RAW_CLOSE,91514.92,1219853.261,CNY
002821,XSHE,2021-01-19,292.96,299.8,291.37,295.2,,RAW_CLOSE,19727.14,583175.393,CNY
002841,XSHE,2021-01-19,104.95,105.23,102.6,103.59,,RAW_CLOSE,9303.84,96373.336,CNY
002916,XSHE,2021-01-19,135.4,135.46,131.29,131.4,,RAW_CLOSE,61035.3,810412.435,CNY
002938,XSHE,2021-01-19,48.23,48.24,45.66,46.36,,RAW_CLOSE,207224.77,967468.826,CNY
002939,XSHE,2021-01-19,12.39,12.56,12.31,12.41,,RAW_CLOSE,156487.43,194495.322,CNY
002945,XSHE,2021-01-19,14.3459,14.5642,14.2368,14.2963,,RAW_CLOSE,116602.39,169057.092,CNY
300003,XSHE,2021-01-19,27.78,28.7,27.41,28.5,,RAW_CLOSE,309886.06,873777.943,CNY
300014,XSHE,2021-01-19,95.0,97.19,90.5,91.5,,RAW_CLOSE,218460.59,2054764.458,CNY
300015,XSHE,2021-01-19,71.8,71.99,69.61,70.6,,RAW_CLOSE,297937.79,2099678.588,CNY
300033,XSHE,2021-01-19,128.8411,129.9799,125.474,125.7711,,RAW_CLOSE,68803.83,886212.847,CNY
300059,XSHE,2021-01-19,37.7,38.65,36.68,37.04,,RAW_CLOSE,2961310.41,11144092.563,CNY
300122,XSHE,2021-01-19,141.0,142.27,131.88,132.3,,RAW_CLOSE,223712.95,3040275.162,CNY
300124,XSHE,2021-01-19,90.32,94.4,90.01,93.41,,RAW_CLOSE,170768.42,1586108.912,CNY
300136,XSHE,2021-01-19,39.28,40.94,38.9,40.18,,RAW_CLOSE,440526.79,1765711.321,CNY
300142,XSHE,2021-01-19,35.4,36.63,35.02,35.25,,RAW_CLOSE,363868.18,1298488.432,CNY
300144,XSHE,2021-01-19,15.74,16.15,15.67,15.71,,RAW_CLOSE,358862.95,570365.408,CNY
300274,XSHE,2021-01-19,86.65,88.6,82.38,83.9,,RAW_CLOSE,396546.95,3387312.733,CNY
300347,XSHE,2021-01-19,163.48,165.89,158.95,159.06,,RAW_CLOSE,40682.03,656142.272,CNY
300408,XSHE,2021-01-19,41.0,42.4,39.75,40.26,,RAW_CLOSE,296700.64,1215645.382,CNY
300413,XSHE,2021-01-19,82.5,83.8,80.6,82.6,,RAW_CLOSE,104588.61,859719.48,CNY
300433,XSHE,2021-01-19,40.13,40.47,38.6,38.74,,RAW_CLOSE,781064.54,3086305.888,CNY
300498,XSHE,2021-01-19,18.59,18.6,18.21,18.29,,RAW_CLOSE,314036.79,574499.441,CNY
300529,XSHE,2021-01-19,74.558,75.2332,73.2076,73.9424,,RAW_CLOSE,46780.72,346983.854,CNY
600000,XSHG,2021-01-19,10.07,10.22,9.98,10.16,,RAW_CLOSE,828161.8,837479.675,CNY
600009,XSHG,2021-01-19,72.2,72.42,70.66,71.65,,RAW_CLOSE,160751.48,1150025.221,CNY
600010,XSHG,2021-01-19,1.16,1.17,1.15,1.16,,RAW_CLOSE,2718104.98,314497.353,CNY
600011,XSHG,2021-01-19,4.46,4.57,4.42,4.56,,RAW_CLOSE,454424.11,204734.935,CNY
600015,XSHG,2021-01-19,6.26,6.33,6.21,6.31,,RAW_CLOSE,346367.34,217440.2,CNY
600016,XSHG,2021-01-19,5.25,5.29,5.21,5.27,,RAW_CLOSE,1156389.78,607674.874,CNY
600018,XSHG,2021-01-19,4.86,4.88,4.69,4.72,,RAW_CLOSE,662041.54,314299.879,CNY
600019,XSHG,2021-01-19,6.29,6.3,6.16,6.21,,RAW_CLOSE,1073863.73,666979.039,CNY
600025,XSHG,2021-01-19,4.29,4.34,4.25,4.32,,RAW_CLOSE,167589.44,72046.03,CNY
600028,XSHG,2021-01-19,4.16,4.22,4.14,4.17,,RAW_CLOSE,1698011.27,709264.825,CNY
600029,XSHG,2021-01-19,5.73,5.87,5.68,5.81,,RAW_CLOSE,481041.55,279358.905,CNY
600030,XSHG,2021-01-19,30.33,31.43,30.04,30.45,,RAW_CLOSE,2143914.55,6580405.965,CNY
600031,XSHG,2021-01-19,41.01,41.58,39.02,39.3,,RAW_CLOSE,1684572.3,6743015.982,CNY
600036,XSHG,2021-01-19,52.3,53.23,51.49,51.85,,RAW_CLOSE,901880.02,4710719.576,CNY
600048,XSHG,2021-01-19,15.75,16.4,15.6,16.1,,RAW_CLOSE,1821935.56,2915611.185,CNY
600050,XSHG,2021-01-19,4.59,4.65,4.52,4.54,,RAW_CLOSE,1551450.43,710151.174,CNY
600061,XSHG,2021-01-19,13.78,14.05,13.67,13.76,,RAW_CLOSE,247847.53,342725.899,CNY
600079,XSHG,2021-01-19,28.36,28.85,28.06,28.19,,RAW_CLOSE,168797.47,479626.536,CNY
600085,XSHG,2021-01-19,25.31,25.35,24.92,25.15,,RAW_CLOSE,111198.72,279032.328,CNY
600104,XSHG,2021-01-19,24.56,24.63,23.33,23.69,,RAW_CLOSE,1170226.6,2784578.162,CNY
600109,XSHG,2021-01-19,16.02,16.49,15.91,16.05,,RAW_CLOSE,594877.92,959537.085,CNY
600111,XSHG,2021-01-19,15.2,15.32,14.23,14.46,,RAW_CLOSE,2148810.71,3184637.373,CNY
600115,XSHG,2021-01-19,4.57,4.7,4.54,4.65,,RAW_CLOSE,360974.09,167658.579,CNY
600118,XSHG,2021-01-19,34.47,35.19,33.68,34.07,,RAW_CLOSE,231400.51,791695.456,CNY
600132,XSHG,2021-01-19,124.2,127.1,121.11,121.57,,RAW_CLOSE,33152.08,411392.373,CNY
600143,XSHG,2021-01-19,22.3738,23.1033,22.0138,22.6364,,RAW_CLOSE,1705139.99,3949719.492,CNY
600150,XSHG,2021-01-19,18.62,18.66,18.32,18.39,,RAW_CLOSE,113330.77,208873.972,CNY
600161,XSHG,2021-01-19,40.66,40.92,39.63,39.8,,RAW_CLOSE,111947.26,448877.791,CNY
600176,XSHG,2021-01-19,24.09,24.18,21.63,22.5,,RAW_CLOSE,747375.67,1714337.294,CNY
600183,XSHG,2021-01-19,28.64,28.88,27.23,27.3,,RAW_CLOSE,435835.27,1218491.536,CNY
600196,XSHG,2021-01-19,50.29,50.39,49.5,49.9,,RAW_CLOSE,242533.11,1206057.435,CNY
600233,XSHG,2021-01-19,11.95,12.14,11.83,11.95,,RAW_CLOSE,118059.82,141181.209,CNY
600276,XSHG,2021-01-19,108.5,108.5,104.28,104.95,,RAW_CLOSE,348142.27,3676873.518,CNY
600299,XSHG,2021-01-19,11.46,11.85,11.41,11.58,,RAW_CLOSE,103033.41,119816.102,CNY
600309,XSHG,2021-01-19,108.6233,110.8963,104.759,106.2316,,RAW_CLOSE,192540.43,2089901.48,CNY
600332,XSHG,2021-01-19,29.72,29.85,29.36,29.78,,RAW_CLOSE,48862.04,144460.219,CNY
600340,XSHG,2021-01-19,11.34,12.0,11.05,11.81,,RAW_CLOSE,494909.47,573911.172,CNY
600352,XSHG,2021-01-19,14.67,15.04,14.56,14.6,,RAW_CLOSE,589575.26,873154.44,CNY
600362,XSHG,2021-01-19,21.89,21.9,20.81,20.87,,RAW_CLOSE,512047.95,1089348.039,CNY
600383,XSHG,2021-01-19,12.44,13.32,12.3,13.06,,RAW_CLOSE,947180.17,1220895.568,CNY
600406,XSHG,2021-01-19,29.09,29.4,28.66,29.31,,RAW_CLOSE,399856.78,1165127.951,CNY
600426,XSHG,2021-01-19,42.05,43.76,41.0,41.58,,RAW_CLOSE,137708.93,581660.83,CNY
600436,XSHG,2021-01-19,288.8,294.38,282.69,283.5,,RAW_CLOSE,36036.02,1038252.885,CNY
600438,XSHG,2021-01-19,39.1,39.45,37.0,37.19,,RAW_CLOSE,945252.87,3590686.096,CNY
600482,XSHG,2021-01-19,19.1,19.4,18.6,18.73,,RAW_CLOSE,66548.61,126107.174,CNY
600489,XSHG,2021-01-19,8.48,8.52,8.37,8.44,,RAW_CLOSE,229101.86,193148.984,CNY
600519,XSHG,2021-01-19,2073.11,2096.3,2006.85,2009.41,,RAW_CLOSE,46345.19,9479278.513,CNY
600521,XSHG,2021-01-19,27.92,28.25,27.1,27.38,,RAW_CLOSE,252078.68,696354.219,CNY
600522,XSHG,2021-01-19,11.4045,11.4738,10.959,10.9986,,RAW_CLOSE,709170.99,797038.655,CNY
600547,XSHG,2021-01-19,23.09,23.19,22.85,23.14,,RAW_CLOSE,192149.23,442321.34,CNY
600570,XSHG,2021-01-19,96.81,99.85,96.11,97.5,,RAW_CLOSE,155832.08,1523824.215,CNY
600584,XSHG,2021-01-19,48.3,48.89,47.0,47.17,,RAW_CLOSE,910781.83,4369445.101,CNY
600585,XSHG,2021-01-19,55.33,55.5,54.0,55.07,,RAW_CLOSE,399264.95,2180116.66,CNY
600588,XSHG,2021-01-19,42.7299,46.3073,42.6604,45.3037,,RAW_CLOSE,450801.78,2045847.487,CNY
600606,XSHG,2021-01-19,5.83,6.33,5.78,6.15,,RAW_CLOSE,1145105.68,694009.384,CNY
600655,XSHG,2021-01-19,12.5,12.75,11.85,11.92,,RAW_CLOSE,754732.05,923329.725,CNY
600660,XSHG,2021-01-19,54.48,56.16,53.27,53.54,,RAW_CLOSE,214529.89,1171292.487,CNY
600690,XSHG,2021-01-19,34.97,35.06,32.8,33.76,,RAW_CLOSE,635700.28,2140277.77,CNY
600703,XSHG,2021-01-19,34.64,34.9,32.28,32.87,,RAW_CLOSE,1398517.37,4681413.914,CNY
600705,XSHG,2021-01-19,4.49,4.55,4.41,4.42,,RAW_CLOSE,549523.8,245949.796,CNY
600741,XSHG,2021-01-19,29.74,30.44,29.31,29.52,,RAW_CLOSE,200855.2,599251.498,CNY
600745,XSHG,2021-01-19,126.0,133.9,125.6,127.15,,RAW_CLOSE,423479.09,5494387.447,CNY
600760,XSHG,2021-01-19,83.88,85.55,80.38,81.58,,RAW_CLOSE,269548.15,2225004.547,CNY
600763,XSHG,2021-01-19,294.51,298.6,278.76,281.13,,RAW_CLOSE,29053.6,836834.123,CNY
600795,XSHG,2021-01-19,2.13,2.13,2.11,2.12,,RAW_CLOSE,304959.43,64651.352,CNY
600809,XSHG,2021-01-19,376.0,388.44,350.04,358.0,,RAW_CLOSE,80191.51,2945858.884,CNY
600837,XSHG,2021-01-19,12.85,13.05,12.78,12.79,,RAW_CLOSE,795510.62,1025061.941,CNY
600845,XSHG,2021-01-19,62.73,64.19,62.52,63.48,,RAW_CLOSE,58839.65,373048.229,CNY
600848,XSHG,2021-01-19,20.16,20.77,20.15,20.6,,RAW_CLOSE,60930.77,124752.106,CNY
600887,XSHG,2021-01-19,47.51,47.57,45.97,46.14,,RAW_CLOSE,638229.49,2970963.317,CNY
600893,XSHG,2021-01-19,66.7,69.54,64.9,66.8,,RAW_CLOSE,593917.02,3965627.995,CNY
600900,XSHG,2021-01-19,19.15,19.48,19.12,19.4,,RAW_CLOSE,497345.02,960033.769,CNY
600919,XSHG,2021-01-19,5.62,5.67,5.55,5.59,,RAW_CLOSE,1563729.04,876515.97,CNY
600926,XSHG,2021-01-19,15.96,15.96,15.43,15.52,,RAW_CLOSE,274159.86,428525.72,CNY
600958,XSHG,2021-01-19,11.06,11.27,10.98,11.12,,RAW_CLOSE,434679.29,483243.861,CNY
600989,XSHG,2021-01-19,14.32,14.72,14.21,14.48,,RAW_CLOSE,413897.34,599790.138,CNY
600999,XSHG,2021-01-19,24.97,25.93,24.53,25.17,,RAW_CLOSE,724435.69,1824564.497,CNY
601006,XSHG,2021-01-19,6.62,6.64,6.58,6.64,,RAW_CLOSE,319313.26,211232.868,CNY
601009,XSHG,2021-01-19,8.42,8.58,8.3,8.48,,RAW_CLOSE,692828.31,585392.238,CNY
601012,XSHG,2021-01-19,105.5,106.87,101.08,102.5,,RAW_CLOSE,615736.11,6385967.87,CNY
601021,XSHG,2021-01-19,51.3,52.52,50.8,51.62,,RAW_CLOSE,74863.12,386868.667,CNY
601066,XSHG,2021-01-19,42.3,43.26,42.03,42.22,,RAW_CLOSE,347252.64,1482967.639,CNY
601088,XSHG,2021-01-19,18.94,19.48,18.63,18.74,,RAW_CLOSE,671637.21,1276441.132,CNY
601100,XSHG,2021-01-19,123.99,123.99,115.6,116.69,,RAW_CLOSE,115159.43,1363933.309,CNY
601108,XSHG,2021-01-19,11.77,11.87,11.58,11.61,,RAW_CLOSE,476883.81,558027.111,CNY
601111,XSHG,2021-01-19,7.08,7.32,7.03,7.2,,RAW_CLOSE,708565.57,511277.175,CNY
601138,XSHG,2021-01-19,15.86,15.86,15.05,15.1,,RAW_CLOSE,771931.37,1187756.288,CNY
601155,XSHG,2021-01-19,36.77,40.16,36.38,40.1,,RAW_CLOSE,247703.2,961872.054,CNY
601162,XSHG,2021-01-19,5.76,5.85,5.72,5.77,,RAW_CLOSE,831857.65,480611.347,CNY
601166,XSHG,2021-01-19,23.9,24.24,23.45,23.88,,RAW_CLOSE,1483284.11,3534847.261,CNY
601169,XSHG,2021-01-19,4.89,4.96,4.85,4.92,,RAW_CLOSE,927862.98,456060.256,CNY
601186,XSHG,2021-01-19,8.17,8.25,8.14,8.16,,RAW_CLOSE,575294.03,470877.505,CNY
601211,XSHG,2021-01-19,17.48,17.8,17.38,17.55,,RAW_CLOSE,494183.35,869508.921,CNY
601216,XSHG,2021-01-19,4.49,4.93,4.48,4.8,,RAW_CLOSE,2879919.6,1354190.507,CNY
601225,XSHG,2021-01-19,10.99,11.37,10.89,11.07,,RAW_CLOSE,925460.61,1028861.02,CNY
601229,XSHG,2021-01-19,8.26,8.39,8.18,8.37,,RAW_CLOSE,522536.59,434700.924,CNY
601231,XSHG,2021-01-19,20.35,20.39,19.57,19.67,,RAW_CLOSE,261365.19,520930.929,CNY
601236,XSHG,2021-01-19,16.2164,16.6018,16.1571,16.2361,,RAW_CLOSE,224327.34,371832.849,CNY
601238,XSHG,2021-01-19,12.58,12.7,11.88,11.96,,RAW_CLOSE,1500974.88,1833900.625,CNY
601288,XSHG,2021-01-19,3.18,3.22,3.17,3.2,,RAW_CLOSE,3218256.23,1027603.183,CNY
601318,XSHG,2021-01-19,85.9807,86.5403,84.4688,85.2149,,RAW_CLOSE,1103328.31,9590457.42,CNY
601319,XSHG,2021-01-19,6.41,6.49,6.34,6.39,,RAW_CLOSE,825196.06,528946.09,CNY
601328,XSHG,2021-01-19,4.53,4.61,4.51,4.6,,RAW_CLOSE,2471398.11,1130595.922,CNY
601336,XSHG,2021-01-19,55.69,57.56,55.36,56.8,,RAW_CLOSE,303895.03,1721991.521,CNY
601360,XSHG,2021-01-19,17.23,17.25,16.61,16.66,,RAW_CLOSE,500317.47,840472.198,CNY
601377,XSHG,2021-01-19,8.8,8.97,8.68,8.74,,RAW_CLOSE,911373.1,801470.519,CNY
601390,XSHG,2021-01-19,5.72,5.75,5.62,5.65,,RAW_CLOSE,1149847.57,653518.848,CNY
601398,XSHG,2021-01-19,5.14,5.22,5.1,5.2,,RAW_CLOSE,4330690.19,2239901.452,CNY
601555,XSHG,2021-01-19,9.22,9.38,9.19,9.28,,RAW_CLOSE,314891.12,291910.323,CNY
601600,XSHG,2021-01-19,3.57,3.57,3.42,3.46,,RAW_CLOSE,1383411.01,483694.356,CNY
601601,XSHG,2021-01-19,41.4,43.88,41.31,42.2,,RAW_CLOSE,623597.63,2656669.503,CNY
601607,XSHG,2021-01-19,19.15,19.21,18.92,19.08,,RAW_CLOSE,101568.0,193569.45,CNY
601618,XSHG,2021-01-19,3.22,3.26,3.07,3.11,,RAW_CLOSE,2877527.86,906329.183,CNY
601628,XSHG,2021-01-19,40.5,41.26,40.11,40.93,,RAW_CLOSE,239906.83,974373.728,CNY
601633,XSHG,2021-01-19,41.0041,41.42,39.0138,39.5683,,RAW_CLOSE,487719.08,1960147.972,CNY
601668,XSHG,2021-01-19,5.04,5.11,5.01,5.06,,RAW_CLOSE,2513906.68,1271596.486,CNY
601669,XSHG,2021-01-19,4.04,4.06,4.0,4.03,,RAW_CLOSE,741748.06,298589.885,CNY
601688,XSHG,2021-01-19,19.03,19.52,18.92,19.14,,RAW_CLOSE,1048702.34,2013727.074,CNY
601698,XSHG,2021-01-19,18.4,18.55,18.01,18.16,,RAW_CLOSE,114672.79,208501.152,CNY
601727,XSHG,2021-01-19,5.44,5.46,5.28,5.31,,RAW_CLOSE,1310660.04,699764.403,CNY
601766,XSHG,2021-01-19,7.18,7.35,6.75,6.78,,RAW_CLOSE,5096581.84,3569247.423,CNY
601788,XSHG,2021-01-19,17.79,18.12,17.67,17.72,,RAW_CLOSE,359928.96,642063.896,CNY
601799,XSHG,2021-01-19,189.53,193.59,186.22,190.32,,RAW_CLOSE,19443.47,369568.038,CNY
601800,XSHG,2021-01-19,7.42,7.44,7.34,7.36,,RAW_CLOSE,300550.72,222148.95,CNY
601808,XSHG,2021-01-19,16.12,16.43,16.0,16.21,,RAW_CLOSE,141292.8,228993.295,CNY
601818,XSHG,2021-01-19,4.14,4.24,4.1,4.21,,RAW_CLOSE,2012365.81,841955.778,CNY
601838,XSHG,2021-01-19,10.12,10.85,9.94,10.61,,RAW_CLOSE,1024263.33,1070675.84,CNY
601857,XSHG,2021-01-19,4.25,4.29,4.24,4.26,,RAW_CLOSE,748038.43,318870.331,CNY
601872,XSHG,2021-01-19,5.87,5.87,5.72,5.77,,RAW_CLOSE,532820.55,307571.115,CNY
601877,XSHG,2021-01-19,37.89,38.48,37.36,37.64,,RAW_CLOSE,140319.28,530514.994,CNY
601878,XSHG,2021-01-19,13.98,14.17,13.88,13.95,,RAW_CLOSE,316764.64,443473.634,CNY
601881,XSHG,2021-01-19,12.11,12.3,12.05,12.11,,RAW_CLOSE,257703.01,313252.249,CNY
601888,XSHG,2021-01-19,277.11,281.93,268.0,268.15,,RAW_CLOSE,135251.47,3693985.646,CNY
601899,XSHG,2021-01-19,10.55,10.74,10.14,10.28,,RAW_CLOSE,2415155.75,2515421.37,CNY
601901,XSHG,2021-01-19,8.9,9.18,8.86,9.09,,RAW_CLOSE,860102.78,778534.531,CNY
601919,XSHG,2021-01-19,15.92,15.93,14.08,14.08,,RAW_CLOSE,2882961.81,4195899.334,CNY
601933,XSHG,2021-01-19,7.19,7.38,7.14,7.28,,RAW_CLOSE,711945.62,516101.712,CNY
601939,XSHG,2021-01-19,6.75,7.03,6.7,6.95,,RAW_CLOSE,2607771.17,1797083.464,CNY
601985,XSHG,2021-01-19,5.21,5.22,5.08,5.1,,RAW_CLOSE,819250.38,420041.328,CNY
601988,XSHG,2021-01-19,3.21,3.23,3.19,3.22,,RAW_CLOSE,1415137.25,454056.854,CNY
601989,XSHG,2021-01-19,4.49,4.49,4.36,4.39,,RAW_CLOSE,949942.74,418940.901,CNY
601998,XSHG,2021-01-19,5.15,5.23,5.11,5.2,,RAW_CLOSE,412563.26,213549.919,CNY
603019,XSHG,2021-01-19,36.04,36.48,35.18,35.23,,RAW_CLOSE,280772.73,1002363.233,CNY
603160,XSHG,2021-01-19,158.78,159.0,155.45,155.7,,RAW_CLOSE,48799.42,767127.065,CNY
603233,XSHG,2021-01-19,91.42,94.57,90.5,91.7,,RAW_CLOSE,39461.97,366583.056,CNY
603259,XSHG,2021-01-19,143.5,148.66,143.11,143.38,,RAW_CLOSE,144597.16,2115893.479,CNY
603288,XSHG,2021-01-19,155.541,156.3668,150.1198,153.0712,,RAW_CLOSE,88455.75,1758504.014,CNY
603338,XSHG,2021-01-19,106.5,107.49,103.0,103.5,,RAW_CLOSE,30393.4,317217.274,CNY
603501,XSHG,2021-01-19,313.99,324.5,308.84,314.89,,RAW_CLOSE,167790.12,5295055.199,CNY
603517,XSHG,2021-01-19,88.35,88.58,81.0,82.1,,RAW_CLOSE,84508.0,703599.307,CNY
603659,XSHG,2021-01-19,74.6956,74.6956,70.4676,71.5352,,RAW_CLOSE,86996.47,874552.768,CNY
603799,XSHG,2021-01-19,83.1,86.18,76.51,78.55,,RAW_CLOSE,563276.3,4589885.831,CNY
603806,XSHG,2021-01-19,84.9,87.18,84.46,85.15,,RAW_CLOSE,39494.39,337887.168,CNY
603833,XSHG,2021-01-19,133.99,135.0,129.7,130.1,,RAW_CLOSE,15754.32,207401.686,CNY
603882,XSHG,2021-01-19,139.87,142.88,131.27,132.98,,RAW_CLOSE,93418.03,1261753.899,CNY
603899,XSHG,2021-01-19,96.4872,96.4872,91.4853,92.9471,,RAW_CLOSE,29135.38,273625.132,CNY
603939,XSHG,2021-01-19,97.05,98.58,95.4,95.93,,RAW_CLOSE,47853.84,465002.913,CNY
603986,XSHG,2021-01-19,224.89,229.5,221.13,225.0,,RAW_CLOSE,154154.61,3472744.786,CNY
603993,XSHG,2021-01-19,6.26,6.39,5.82,5.89,,RAW_CLOSE,5598691.87,3414990.873,CNY
000001,XSHE,2021-01-20,21.9772,22.7908,21.9475,22.2947,,RAW_CLOSE,1280793.16,2889249.85,CNY
000002,XSHE,2021-01-20,31.07,31.2,30.35,30.5,,RAW_CLOSE,961434.54,2946920.755,CNY
000063,XSHE,2021-01-20,35.6,36.09,35.09,35.87,,RAW_CLOSE,700121.82,2484475.73,CNY
000066,XSHE,2021-01-20,18.61,18.8,18.2,18.56,,RAW_CLOSE,572889.33,1058981.234,CNY
000069,XSHE,2021-01-20,7.18,7.21,7.08,7.15,,RAW_CLOSE,482744.66,344420.007,CNY
000100,XSHE,2021-01-20,8.88,9.25,8.84,9.11,,RAW_CLOSE,6308821.43,5742482.578,CNY
000157,XSHE,2021-01-20,11.34,11.57,11.26,11.32,,RAW_CLOSE,1079073.88,1230072.956,CNY
000166,XSHE,2021-01-20,5.12,5.17,5.08,5.1,,RAW_CLOSE,975498.81,499356.657,CNY
000333,XSHE,2021-01-20,96.0,98.12,95.5,96.28,,RAW_CLOSE,322023.27,3113133.925,CNY
000338,XSHE,2021-01-20,19.08,19.86,19.05,19.38,,RAW_CLOSE,1213878.52,2364833.899,CNY
000425,XSHE,2021-01-20,5.65,5.81,5.63,5.75,,RAW_CLOSE,931253.87,534457.101,CNY
000538,XSHE,2021-01-20,131.89,135.44,131.89,135.1,,RAW_CLOSE,72570.6,974231.75,CNY
000568,XSHE,2021-01-20,227.42,232.0,219.0,229.0,,RAW_CLOSE,198200.72,4494726.61,CNY
000596,XSHE,2021-01-20,223.48,229.0,216.7,227.79,,RAW_CLOSE,31291.15,704099.802,CNY
000625,XSHE,2021-01-20,19.89,20.2,19.48,19.6,,RAW_CLOSE,1014449.38,2009397.299,CNY
000651,XSHE,2021-01-20,62.79,62.85,60.89,61.0,,RAW_CLOSE,608480.99,3749281.99,CNY
000656,XSHE,2021-01-20,7.59,7.75,7.47,7.63,,RAW_CLOSE,477190.12,363176.295,CNY
000661,XSHE,2021-01-20,451.21,460.98,438.0,459.2,,RAW_CLOSE,47495.36,2155061.342,CNY
000703,XSHE,2021-01-20,14.19,14.3,13.86,13.99,,RAW_CLOSE,331604.6,465568.006,CNY
000725,XSHE,2021-01-20,6.58,6.86,6.55,6.71,,RAW_CLOSE,11283303.15,7580809.361,CNY
000728,XSHE,2021-01-20,8.56,8.63,8.51,8.55,,RAW_CLOSE,439364.96,375811.604,CNY
000768,XSHE,2021-01-20,34.4,35.27,34.22,35.05,,RAW_CLOSE,356460.71,1240969.58,CNY
000776,XSHE,2021-01-20,17.4,17.65,17.11,17.28,,RAW_CLOSE,1094047.23,1898141.852,CNY
000783,XSHE,2021-01-20,8.17,8.24,8.1,8.11,,RAW_CLOSE,315009.18,256848.042,CNY
000786,XSHE,2021-01-20,48.98,51.66,48.25,51.39,,RAW_CLOSE,151329.38,764130.59,CNY
000858,XSHE,2021-01-20,280.0,285.61,274.94,284.85,,RAW_CLOSE,264040.34,7448387.724,CNY
000876,XSHE,2021-01-20,22.1,22.33,21.77,21.96,,RAW_CLOSE,355185.95,780114.908,CNY
000895,XSHE,2021-01-20,48.96,48.99,47.5,48.38,,RAW_CLOSE,198941.87,954124.873,CNY
000938,XSHE,2021-01-20,24.69,24.69,23.92,24.21,,RAW_CLOSE,370430.93,896030.931,CNY
000963,XSHE,2021-01-20,27.36,27.99,27.23,27.93,,RAW_CLOSE,149282.85,413382.34,CNY
001979,XSHE,2021-01-20,13.59,13.65,13.23,13.3,,RAW_CLOSE,181611.64,242543.144,CNY
002001,XSHE,2021-01-20,39.26,41.23,38.7,41.05,,RAW_CLOSE,282813.17,1144036.708,CNY
002007,XSHE,2021-01-20,51.24,51.55,49.64,49.74,,RAW_CLOSE,240221.24,1207598.352,CNY
002008,XSHE,2021-01-20,46.0841,50.4589,45.4379,48.9576,,RAW_CLOSE,534898.61,2599099.156,CNY
002024,XSHE,2021-01-20,7.58,7.61,7.43,7.45,,RAW_CLOSE,339647.18,253785.433,CNY
002027,XSHE,2021-01-20,11.52,12.0,11.52,11.79,,RAW_CLOSE,1210345.03,1423388.492,CNY
002032,XSHE,2021-01-20,79.12,80.6,78.12,80.0,,RAW_CLOSE,24807.02,196396.091,CNY
002044,XSHE,2021-01-20,13.3,13.42,13.02,13.29,,RAW_CLOSE,394660.14,520968.39,CNY
002049,XSHE,2021-01-20,129.59,131.58,128.05,129.94,,RAW_CLOSE,103967.98,1346486.869,CNY
002050,XSHE,2021-01-20,24.269,24.9012,24.2493,24.8024,,RAW_CLOSE,315322.86,788621.414,CNY
002120,XSHE,2021-01-20,16.5,16.68,16.33,16.41,,RAW_CLOSE,141494.76,233253.08,CNY
002129,XSHE,2021-01-20,29.08,29.5,28.5,29.15,,RAW_CLOSE,801235.72,2324737.716,CNY
002142,XSHE,2021-01-20,38.9,39.64,38.36,38.65,,RAW_CLOSE,346393.38,1344236.866,CNY
002153,XSHE,2021-01-20,30.45,30.78,29.61,29.92,,RAW_CLOSE,44102.03,132682.858,CNY
002179,XSHE,2021-01-20,74.0,76.68,72.18,75.92,,RAW_CLOSE,143739.01,1070325.966,CNY
002202,XSHE,2021-01-20,14.45,15.25,14.45,15.1,,RAW_CLOSE,1144296.06,1712914.556,CNY
002230,XSHE,2021-01-20,47.0,48.19,46.4,47.07,,RAW_CLOSE,773494.08,3661871.785,CNY
002236,XSHE,2021-01-20,22.8218,23.998,22.7625,23.8794,,RAW_CLOSE,586293.88,1395993.127,CNY
002241,XSHE,2021-01-20,42.31,42.64,41.71,41.9,,RAW_CLOSE,697288.08,2930073.336,CNY
002252,XSHE,2021-01-20,7.34,7.4,7.3,7.35,,RAW_CLOSE,188023.59,138241.826,CNY
002271,XSHE,2021-01-20,46.88,47.9,46.02,47.75,,RAW_CLOSE,205224.03,971783.134,CNY
002304,XSHE,2021-01-20,190.8,194.49,185.35,190.8,,RAW_CLOSE,170100.07,3235704.028,CNY
002311,XSHE,2021-01-20,63.45,65.01,62.6,64.37,,RAW_CLOSE,100091.11,640107.603,CNY
002352,XSHE,2021-01-20,90.9888,95.2866,89.5363,93.5058,,RAW_CLOSE,228677.19,2144082.627,CNY
002371,XSHE,2021-01-20,227.0,232.58,223.21,227.5,,RAW_CLOSE,83635.49,1899253.564,CNY
002384,XSHE,2021-01-20,25.69,25.69,24.67,24.8,,RAW_CLOSE,645852.58,1623447.234,CNY
002410,XSHE,2021-01-20,87.6808,90.1717,85.9272,90.102,,RAW_CLOSE,81373.33,726184.211,CNY
002414,XSHE,2021-01-20,47.18,48.2,46.73,47.26,,RAW_CLOSE,122367.94,580867.518,CNY
002415,XSHE,2021-01-20,59.71,60.58,59.2,60.4,,RAW_CLOSE,462392.56,2771744.366,CNY
002456,XSHE,2021-01-20,14.0,14.13,13.88,13.92,,RAW_CLOSE,375452.65,525135.759,CNY
002460,XSHE,2021-01-20,129.0,131.69,124.19,126.98,,RAW_CLOSE,370384.75,4754604.435,CNY
002463,XSHE,2021-01-20,19.15,19.18,18.72,18.76,,RAW_CLOSE,253089.3,476753.102,CNY
002475,XSHE,2021-01-20,56.2,56.55,55.0,56.21,,RAW_CLOSE,751365.83,4193144.12,CNY
002493,XSHE,2021-01-20,32.09,33.53,32.09,32.5,,RAW_CLOSE,368715.56,1211858.671,CNY
002508,XSHE,2021-01-20,43.0,43.02,41.95,42.58,,RAW_CLOSE,69196.27,294310.584,CNY
002555,XSHE,2021-01-20,30.25,31.15,29.6,30.33,,RAW_CLOSE,406152.49,1235322.034,CNY
002558,XSHE,2021-01-20,18.09,18.21,17.92,18.16,,RAW_CLOSE,81661.89,147871.436,CNY
002594,XSHE,2021-01-20,219.9,226.3,218.01,222.0,,RAW_CLOSE,381401.08,8483028.913,CNY
002601,XSHE,2021-01-20,38.5057,39.051,38.0772,38.8465,,RAW_CLOSE,152406.38,603919.241,CNY
002602,XSHE,2021-01-20,6.61,6.64,6.36,6.39,,RAW_CLOSE,787282.45,507847.572,CNY
002607,XSHE,2021-01-20,32.1,35.03,31.88,34.94,,RAW_CLOSE,256592.58,868405.033,CNY
002624,XSHE,2021-01-20,26.11,26.84,25.91,26.58,,RAW_CLOSE,322709.93,855265.762,CNY
002673,XSHE,2021-01-20,10.68,10.84,10.41,10.5,,RAW_CLOSE,847421.65,898884.571,CNY
002714,XSHE,2021-01-20,81.51,83.83,81.18,82.55,,RAW_CLOSE,256972.61,2120246.06,CNY
002736,XSHE,2021-01-20,13.3,13.4,13.17,13.24,,RAW_CLOSE,125787.49,166930.064,CNY
002739,XSHE,2021-01-20,20.1,20.4,19.83,20.05,,RAW_CLOSE,312973.86,629655.349,CNY
002773,XSHE,2021-01-20,40.08,40.59,39.72,40.0,,RAW_CLOSE,67840.08,271720.128,CNY
002812,XSHE,2021-01-20,130.9726,138.1224,130.9726,136.8742,,RAW_CLOSE,85343.25,1159644.221,CNY
002821,XSHE,2021-01-20,296.0,316.1,296.0,315.9,,RAW_CLOSE,38603.85,1204407.119,CNY
002841,XSHE,2021-01-20,104.46,108.26,103.01,107.56,,RAW_CLOSE,15435.02,164479.393,CNY
002916,XSHE,2021-01-20,131.5,131.5,127.2,128.69,,RAW_CLOSE,67926.8,874260.201,CNY
002938,XSHE,2021-01-20,46.24,46.77,45.77,46.13,,RAW_CLOSE,102518.55,473213.032,CNY
002939,XSHE,2021-01-20,12.37,12.48,12.25,12.33,,RAW_CLOSE,133562.26,165071.422,CNY
002945,XSHE,2021-01-20,14.2368,14.4352,14.1673,14.2665,,RAW_CLOSE,86720.0,124916.435,CNY
300003,XSHE,2021-01-20,28.57,28.98,28.09,28.45,,RAW_CLOSE,296574.24,845451.653,CNY
300014,XSHE,2021-01-20,94.5,105.58,94.1,104.23,,RAW_CLOSE,423640.81,4280624.911,CNY
300015,XSHE,2021-01-20,70.7,75.4,70.25,75.4,,RAW_CLOSE,511630.78,3782132.877,CNY
300033,XSHE,2021-01-20,126.7614,128.4053,124.3153,125.0877,,RAW_CLOSE,60881.45,776010.011,CNY
300059,XSHE,2021-01-20,37.8,38.73,37.14,37.45,,RAW_CLOSE,2757280.54,10436055.607,CNY
300122,XSHE,2021-01-20,132.12,143.0,130.22,142.1,,RAW_CLOSE,200367.24,2769426.226,CNY
300124,XSHE,2021-01-20,92.49,94.56,91.5,93.41,,RAW_CLOSE,93370.88,871075.822,CNY
300136,XSHE,2021-01-20,39.9,39.97,38.93,39.17,,RAW_CLOSE,357739.25,1401190.903,CNY
300142,XSHE,2021-01-20,35.25,36.8,35.0,36.8,,RAW_CLOSE,505776.54,1827368.12,CNY
300144,XSHE,2021-01-20,15.77,16.33,15.62,15.73,,RAW_CLOSE,449502.05,714996.629,CNY
300274,XSHE,2021-01-20,84.98,92.55,84.41,92.2,,RAW_CLOSE,564733.45,5046978.452,CNY
300347,XSHE,2021-01-20,160.8,176.09,159.86,173.95,,RAW_CLOSE,103066.01,1772298.711,CNY
300408,XSHE,2021-01-20,39.83,41.28,39.2,41.0,,RAW_CLOSE,169602.61,686931.721,CNY
300413,XSHE,2021-01-20,82.5,86.79,81.16,85.49,,RAW_CLOSE,94355.16,799393.693,CNY
300433,XSHE,2021-01-20,38.75,39.97,38.43,38.88,,RAW_CLOSE,566379.16,2217368.402,CNY
300498,XSHE,2021-01-20,18.22,18.31,18.15,18.25,,RAW_CLOSE,237611.12,432611.803,CNY
300529,XSHE,2021-01-20,73.5651,78.7084,72.731,78.6389,,RAW_CLOSE,86996.19,669651.174,CNY
600000,XSHG,2021-01-20,10.13,10.18,9.96,9.98,,RAW_CLOSE,666089.13,669394.442,CNY
600009,XSHG,2021-01-20,71.33,71.59,70.8,70.8,,RAW_CLOSE,143614.31,1020413.958,CNY
600010,XSHG,2021-01-20,1.16,1.21,1.15,1.2,,RAW_CLOSE,7596752.82,894104.449,CNY
600011,XSHG,2021-01-20,4.56,4.59,4.48,4.51,,RAW_CLOSE,410666.24,185607.898,CNY
600015,XSHG,2021-01-20,6.29,6.34,6.22,6.24,,RAW_CLOSE,298605.4,186920.666,CNY
600016,XSHG,2021-01-20,5.26,5.29,5.21,5.22,,RAW_CLOSE,1019892.24,534602.515,CNY
600018,XSHG,2021-01-20,4.69,4.72,4.64,4.68,,RAW_CLOSE,453876.7,212187.059,CNY
600019,XSHG,2021-01-20,6.59,6.83,6.59,6.82,,RAW_CLOSE,3761767.5,2544562.438,CNY
600025,XSHG,2021-01-20,4.33,4.34,4.27,4.3,,RAW_CLOSE,161382.69,69359.244,CNY
600028,XSHG,2021-01-20,4.2,4.23,4.13,4.16,,RAW_CLOSE,1097346.87,458308.164,CNY
600029,XSHG,2021-01-20,5.81,5.83,5.71,5.74,,RAW_CLOSE,273851.67,157716.955,CNY
600030,XSHG,2021-01-20,30.58,31.7,30.46,31.1,,RAW_CLOSE,2166237.13,6739778.462,CNY
600031,XSHG,2021-01-20,39.3,40.45,39.3,39.85,,RAW_CLOSE,1098106.87,4384907.815,CNY
600036,XSHG,2021-01-20,52.1,53.12,50.99,51.72,,RAW_CLOSE,792281.18,4123860.428,CNY
600048,XSHG,2021-01-20,15.97,15.98,15.51,15.68,,RAW_CLOSE,958790.54,1505834.153,CNY
600050,XSHG,2021-01-20,4.54,4.56,4.42,4.46,,RAW_CLOSE,2011751.67,901976.53,CNY
600061,XSHG,2021-01-20,13.7,13.91,13.69,13.86,,RAW_CLOSE,215395.99,297377.981,CNY
600079,XSHG,2021-01-20,28.78,30.55,28.01,30.22,,RAW_CLOSE,268299.93,793959.292,CNY
600085,XSHG,2021-01-20,25.11,25.55,25.07,25.3,,RAW_CLOSE,126704.08,321096.509,CNY
600104,XSHG,2021-01-20,23.71,24.0,23.3,23.45,,RAW_CLOSE,714314.07,1687406.334,CNY
600109,XSHG,2021-01-20,16.09,16.26,15.95,16.0,,RAW_CLOSE,456775.91,734027.455,CNY
600111,XSHG,2021-01-20,14.51,15.91,14.3,15.91,,RAW_CLOSE,2484505.59,3822385.468,CNY
600115,XSHG,2021-01-20,4.64,4.68,4.57,4.61,,RAW_CLOSE,297783.79,137535.685,CNY
600118,XSHG,2021-01-20,34.09,34.34,33.65,34.17,,RAW_CLOSE,143307.03,487860.725,CNY
600132,XSHG,2021-01-20,122.06,130.7,120.63,129.49,,RAW_CLOSE,32172.91,407688.519,CNY
600143,XSHG,2021-01-20,22.899,22.9088,21.4399,22.3738,,RAW_CLOSE,1158284.11,2636302.448,CNY
600150,XSHG,2021-01-20,18.32,18.69,18.25,18.52,,RAW_CLOSE,102195.65,188404.72,CNY
600161,XSHG,2021-01-20,39.8,40.26,39.61,39.83,,RAW_CLOSE,75826.35,302821.493,CNY
600176,XSHG,2021-01-20,22.22,23.88,22.22,23.37,,RAW_CLOSE,631824.42,1478810.022,CNY
600183,XSHG,2021-01-20,27.15,27.8,26.94,27.7,,RAW_CLOSE,248316.6,681441.881,CNY
600196,XSHG,2021-01-20,49.85,50.49,49.4,50.02,,RAW_CLOSE,261425.86,1307803.239,CNY
600233,XSHG,2021-01-20,11.92,11.93,11.72,11.8,,RAW_CLOSE,100942.88,119046.452,CNY
600276,XSHG,2021-01-20,105.9,107.53,105.0,105.97,,RAW_CLOSE,305027.27,3235274.872,CNY
600299,XSHG,2021-01-20,11.53,12.74,11.44,12.74,,RAW_CLOSE,252682.8,309166.151,CNY
600309,XSHG,2021-01-20,107.2298,109.9179,106.8345,108.6628,,RAW_CLOSE,139101.16,1530773.576,CNY
600332,XSHG,2021-01-20,29.78,30.18,29.7,29.95,,RAW_CLOSE,65673.51,196687.35,CNY
600340,XSHG,2021-01-20,11.69,11.69,11.2,11.29,,RAW_CLOSE,465529.55,526948.163,CNY
600352,XSHG,2021-01-20,14.53,15.01,14.46,15.0,,RAW_CLOSE,670885.72,992792.402,CNY
600362,XSHG,2021-01-20,20.86,21.46,20.8,21.37,,RAW_CLOSE,388219.62,823097.441,CNY
600383,XSHG,2021-01-20,13.0,13.0,12.63,12.74,,RAW_CLOSE,514391.97,655898.339,CNY
600406,XSHG,2021-01-20,29.02,30.12,28.88,29.43,,RAW_CLOSE,235947.57,694020.772,CNY
600426,XSHG,2021-01-20,41.51,42.87,41.36,41.77,,RAW_CLOSE,100309.32,420737.974,CNY
600436,XSHG,2021-01-20,281.51,293.48,281.51,293.2,,RAW_CLOSE,34763.42,1008052.542,CNY
600438,XSHG,2021-01-20,37.5,38.59,37.01,38.32,,RAW_CLOSE,907219.44,3442182.907,CNY
600482,XSHG,2021-01-20,18.69,19.42,18.57,19.27,,RAW_CLOSE,86465.39,165361.094,CNY
600489,XSHG,2021-01-20,8.4,8.45,8.36,8.43,,RAW_CLOSE,219266.27,184456.127,CNY
600519,XSHG,2021-01-20,2008.0,2055.49,1982.5,2040.63,,RAW_CLOSE,45082.42,9126453.277,CNY
600521,XSHG,2021-01-20,27.47,29.2,27.1,28.8,,RAW_CLOSE,193142.89,551188.36,CNY
600522,XSHG,2021-01-20,10.9887,11.0877,10.8501,10.959,,RAW_CLOSE,352365.08,389090.117,CNY
600547,XSHG,2021-01-20,23.0,23.1,22.9,23.02,,RAW_CLOSE,166181.33,381874.282,CNY
600570,XSHG,2021-01-20,97.6,99.89,95.83,98.8,,RAW_CLOSE,150034.59,1467656.75,CNY
600584,XSHG,2021-01-20,47.1,47.95,45.85,47.58,,RAW_CLOSE,705886.55,3320268.143,CNY
600585,XSHG,2021-01-20,55.0,55.0,53.89,54.0,,RAW_CLOSE,312267.87,1693535.588,CNY
600588,XSHG,2021-01-20,45.0353,45.254,43.7733,45.0254,,RAW_CLOSE,231767.57,1041072.664,CNY
600606,XSHG,2021-01-20,6.07,6.15,5.95,5.98,,RAW_CLOSE,657117.53,394237.247,CNY
600655,XSHG,2021-01-20,11.67,12.38,11.61,12.16,,RAW_CLOSE,676359.96,809371.593,CNY
600660,XSHG,2021-01-20,54.22,56.76,53.8,56.12,,RAW_CLOSE,266799.92,1489598.117,CNY
600690,XSHG,2021-01-20,33.35,33.64,32.74,33.25,,RAW_CLOSE,477264.79,1580921.666,CNY
600703,XSHG,2021-01-20,33.1,33.7,32.65,33.22,,RAW_CLOSE,839376.49,2784594.467,CNY
600705,XSHG,2021-01-20,4.41,4.43,4.33,4.37,,RAW_CLOSE,448170.16,195944.879,CNY
600741,XSHG,2021-01-20,29.4,31.24,29.4,30.99,,RAW_CLOSE,227858.93,699110.703,CNY
600745,XSHG,2021-01-20,126.8,130.32,123.6,128.7,,RAW_CLOSE,258588.49,3277604.539,CNY
600760,XSHG,2021-01-20,81.0,84.84,80.3,83.81,,RAW_CLOSE,216827.06,1798007.546,CNY
600763,XSHG,2021-01-20,283.44,298.93,282.0,297.55,,RAW_CLOSE,27121.23,797985.924,CNY
600795,XSHG,2021-01-20,2.12,2.12,2.1,2.1,,RAW_CLOSE,322879.61,68002.481,CNY
600809,XSHG,2021-01-20,351.0,363.8,339.0,361.0,,RAW_CLOSE,78520.51,2763426.181,CNY
600837,XSHG,2021-01-20,12.8,12.88,12.65,12.67,,RAW_CLOSE,671900.22,856541.188,CNY
600845,XSHG,2021-01-20,63.48,65.26,62.84,65.08,,RAW_CLOSE,66035.78,425053.034,CNY
600848,XSHG,2021-01-20,20.5,20.65,20.16,20.28,,RAW_CLOSE,29563.99,60083.078,CNY
600887,XSHG,2021-01-20,46.13,46.4,45.51,46.16,,RAW_CLOSE,651725.01,2997057.193,CNY
600893,XSHG,2021-01-20,66.56,71.5,65.3,70.9,,RAW_CLOSE,766313.6,5277414.415,CNY
600900,XSHG,2021-01-20,19.38,19.38,19.05,19.1,,RAW_CLOSE,366505.89,701133.99,CNY
600919,XSHG,2021-01-20,5.58,5.64,5.52,5.53,,RAW_CLOSE,820972.86,456889.144,CNY
600926,XSHG,2021-01-20,15.41,15.61,14.96,15.1,,RAW_CLOSE,297415.36,451993.112,CNY
600958,XSHG,2021-01-20,11.12,11.17,10.96,10.99,,RAW_CLOSE,345591.95,381809.244,CNY
600989,XSHG,2021-01-20,14.42,15.14,14.28,14.67,,RAW_CLOSE,472069.92,701229.697,CNY
600999,XSHG,2021-01-20,25.06,26.29,25.06,26.07,,RAW_CLOSE,711830.84,1838711.547,CNY
601006,XSHG,2021-01-20,6.64,6.64,6.55,6.57,,RAW_CLOSE,274297.79,180692.986,CNY
601009,XSHG,2021-01-20,8.41,8.5,8.32,8.36,,RAW_CLOSE,478581.53,401482.182,CNY
601012,XSHG,2021-01-20,103.3,108.38,101.8,108.31,,RAW_CLOSE,739911.77,7813323.733,CNY
601021,XSHG,2021-01-20,51.16,52.19,50.41,50.76,,RAW_CLOSE,54615.72,279644.772,CNY
601066,XSHG,2021-01-20,42.18,42.8,41.4,41.47,,RAW_CLOSE,357022.0,1502232.729,CNY
601088,XSHG,2021-01-20,18.61,18.91,18.45,18.81,,RAW_CLOSE,426120.96,794399.628,CNY
601100,XSHG,2021-01-20,115.12,117.9,113.35,116.25,,RAW_CLOSE,103990.65,1207412.775,CNY
601108,XSHG,2021-01-20,11.58,11.73,11.51,11.51,,RAW_CLOSE,357202.81,414221.614,CNY
601111,XSHG,2021-01-20,7.2,7.24,7.11,7.15,,RAW_CLOSE,352823.48,252647.492,CNY
601138,XSHG,2021-01-20,15.35,15.48,15.04,15.14,,RAW_CLOSE,489211.11,742855.894,CNY
601155,XSHG,2021-01-20,39.6,40.55,38.97,40.2,,RAW_CLOSE,182451.8,725911.812,CNY
601162,XSHG,2021-01-20,5.76,5.8,5.7,5.73,,RAW_CLOSE,679056.21,390113.992,CNY
601166,XSHG,2021-01-20,23.88,24.23,23.08,23.22,,RAW_CLOSE,1321459.07,3114730.727,CNY
601169,XSHG,2021-01-20,4.92,4.95,4.85,4.85,,RAW_CLOSE,793128.32,387778.894,CNY
601186,XSHG,2021-01-20,8.16,8.21,8.1,8.11,,RAW_CLOSE,514040.52,419018.458,CNY
601211,XSHG,2021-01-20,17.56,17.75,17.49,17.56,,RAW_CLOSE,345577.34,607738.405,CNY
601216,XSHG,2021-01-20,4.68,4.74,4.55,4.61,,RAW_CLOSE,2180567.7,1007422.289,CNY
601225,XSHG,2021-01-20,10.97,11.26,10.9,11.19,,RAW_CLOSE,506165.97,561014.155,CNY
601229,XSHG,2021-01-20,8.37,8.41,8.25,8.28,,RAW_CLOSE,321263.56,266892.759,CNY
601231,XSHG,2021-01-20,19.57,19.7,19.12,19.29,,RAW_CLOSE,159381.97,307564.668,CNY
601236,XSHG,2021-01-20,15.9693,16.335,15.9594,16.0484,,RAW_CLOSE,145908.93,237997.52,CNY
601238,XSHG,2021-01-20,11.96,12.23,11.58,11.88,,RAW_CLOSE,783841.68,938079.306,CNY
601288,XSHG,2021-01-20,3.19,3.21,3.17,3.18,,RAW_CLOSE,1930655.81,614986.566,CNY
601318,XSHG,2021-01-20,85.5291,85.7352,83.3594,83.6441,,RAW_CLOSE,1319775.53,11316059.444,CNY
601319,XSHG,2021-01-20,6.37,6.41,6.32,6.34,,RAW_CLOSE,609965.46,387325.99,CNY
601328,XSHG,2021-01-20,4.58,4.62,4.54,4.55,,RAW_CLOSE,1240836.54,567410.722,CNY
601336,XSHG,2021-01-20,56.95,57.14,55.16,55.25,,RAW_CLOSE,203131.77,1133836.753,CNY
601360,XSHG,2021-01-20,16.62,16.92,16.45,16.71,,RAW_CLOSE,295265.23,491396.357,CNY
601377,XSHG,2021-01-20,8.74,8.8,8.62,8.67,,RAW_CLOSE,679780.92,591560.175,CNY
601390,XSHG,2021-01-20,5.64,5.75,5.59,5.65,,RAW_CLOSE,977688.48,554014.946,CNY
601398,XSHG,2021-01-20,5.18,5.25,5.13,5.15,,RAW_CLOSE,3145664.69,1629660.426,CNY
601555,XSHG,2021-01-20,9.28,9.28,9.1,9.12,,RAW_CLOSE,344413.29,316181.216,CNY
601600,XSHG,2021-01-20,3.45,3.53,3.43,3.52,,RAW_CLOSE,1043746.58,363683.164,CNY
601601,XSHG,2021-01-20,41.98,42.18,39.37,39.81,,RAW_CLOSE,765284.51,3092311.063,CNY
601607,XSHG,2021-01-20,19.1,19.42,19.09,19.21,,RAW_CLOSE,134162.8,258507.52,CNY
601618,XSHG,2021-01-20,3.1,3.14,3.03,3.05,,RAW_CLOSE,2312385.94,714277.883,CNY
601628,XSHG,2021-01-20,40.46,40.77,39.8,39.98,,RAW_CLOSE,208643.04,837648.337,CNY
601633,XSHG,2021-01-20,39.8456,41.222,39.2317,40.103,,RAW_CLOSE,447200.8,1816338.234,CNY
601668,XSHG,2021-01-20,5.06,5.1,5.02,5.04,,RAW_CLOSE,2161876.58,1093587.429,CNY
601669,XSHG,2021-01-20,4.02,4.04,3.96,3.98,,RAW_CLOSE,813388.06,325434.1,CNY
601688,XSHG,2021-01-20,19.15,19.39,19.05,19.12,,RAW_CLOSE,778198.19,1492016.12,CNY
601698,XSHG,2021-01-20,18.0,18.24,17.92,18.09,,RAW_CLOSE,60877.1,110214.771,CNY
601727,XSHG,2021-01-20,5.31,5.34,5.22,5.26,,RAW_CLOSE,923985.5,486160.892,CNY
601766,XSHG,2021-01-20,6.79,7.11,6.63,6.87,,RAW_CLOSE,4235828.37,2911913.18,CNY
601788,XSHG,2021-01-20,17.72,17.85,17.41,17.46,,RAW_CLOSE,360676.0,635503.223,CNY
601799,XSHG,2021-01-20,190.86,201.85,186.05,201.85,,RAW_CLOSE,23176.62,452722.878,CNY
601800,XSHG,2021-01-20,7.36,7.4,7.3,7.32,,RAW_CLOSE,272677.8,200256.214,CNY
601808,XSHG,2021-01-20,16.5,16.85,15.4,15.84,,RAW_CLOSE,246394.38,392366.614,CNY
601818,XSHG,2021-01-20,4.17,4.22,4.1,4.11,,RAW_CLOSE,1579588.11,653553.848,CNY
601838,XSHG,2021-01-20,10.5,10.7,10.19,10.34,,RAW_CLOSE,587689.36,612599.088,CNY
601857,XSHG,2021-01-20,4.27,4.31,4.23,4.27,,RAW_CLOSE,810316.37,345732.679,CNY
601872,XSHG,2021-01-20,5.72,5.78,5.71,5.73,,RAW_CLOSE,241651.36,138662.32,CNY
601877,XSHG,2021-01-20,37.5,38.3,37.31,37.59,,RAW_CLOSE,125564.79,473948.431,CNY
601878,XSHG,2021-01-20,13.93,14.05,13.9,13.94,,RAW_CLOSE,248650.06,346911.869,CNY
601881,XSHG,2021-01-20,12.13,12.25,12.02,12.06,,RAW_CLOSE,214865.94,260135.435,CNY
601888,XSHG,2021-01-20,270.27,274.99,263.0,272.94,,RAW_CLOSE,140385.71,3800141.223,CNY
601899,XSHG,2021-01-20,10.28,10.66,10.28,10.56,,RAW_CLOSE,2075436.82,2181268.565,CNY
601901,XSHG,2021-01-20,9.03,9.08,8.84,8.92,,RAW_CLOSE,623530.06,558025.829,CNY
601919,XSHG,2021-01-20,13.9,14.59,13.55,14.04,,RAW_CLOSE,1538161.67,2172614.365,CNY
601933,XSHG,2021-01-20,7.29,7.29,7.18,7.21,,RAW_CLOSE,467933.09,337631.034,CNY
601939,XSHG,2021-01-20,6.93,6.99,6.74,6.78,,RAW_CLOSE,1846212.2,1260739.262,CNY
601985,XSHG,2021-01-20,5.09,5.14,5.06,5.1,,RAW_CLOSE,492837.81,250987.746,CNY
601988,XSHG,2021-01-20,3.21,3.23,3.19,3.2,,RAW_CLOSE,1108636.65,355260.112,CNY
601989,XSHG,2021-01-20,4.37,4.42,4.35,4.36,,RAW_CLOSE,649014.48,284027.288,CNY
601998,XSHG,2021-01-20,5.19,5.25,5.13,5.13,,RAW_CLOSE,268845.08,138924.057,CNY
603019,XSHG,2021-01-20,35.27,35.41,34.76,35.04,,RAW_CLOSE,159399.39,558854.941,CNY
603160,XSHG,2021-01-20,155.6,156.97,153.66,155.3,,RAW_CLOSE,30448.26,471809.379,CNY
603233,XSHG,2021-01-20,92.43,93.83,90.02,92.84,,RAW_CLOSE,31783.08,294294.444,CNY
603259,XSHG,2021-01-20,145.15,156.89,145.15,154.17,,RAW_CLOSE,174347.49,2679343.897,CNY
603288,XSHG,2021-01-20,151.3967,154.654,149.1258,153.5453,,RAW_CLOSE,38279.24,766191.3,CNY
603338,XSHG,2021-01-20,103.6,106.38,103.6,105.99,,RAW_CLOSE,30115.27,317069.426,CNY
603501,XSHG,2021-01-20,317.0,321.99,309.0,321.0,,RAW_CLOSE,102654.04,3261488.765,CNY
603517,XSHG,2021-01-20,82.8,85.5,81.3,84.7,,RAW_CLOSE,39562.09,330371.674,CNY
603659,XSHG,2021-01-20,70.8234,74.7241,70.5245,73.1652,,RAW_CLOSE,60194.52,618669.677,CNY
603799,XSHG,2021-01-20,79.8,85.46,78.8,84.19,,RAW_CLOSE,493575.7,4092414.469,CNY
603806,XSHG,2021-01-20,85.4,89.5,84.52,88.93,,RAW_CLOSE,57694.79,509203.092,CNY
603833,XSHG,2021-01-20,130.2,138.2,129.14,136.4,,RAW_CLOSE,24569.95,333469.846,CNY
603882,XSHG,2021-01-20,133.4,140.8,133.4,139.2,,RAW_CLOSE,77267.96,1066915.437,CNY
603899,XSHG,2021-01-20,92.8675,95.105,91.8334,93.9713,,RAW_CLOSE,28787.56,271633.149,CNY
603939,XSHG,2021-01-20,95.8,97.89,94.01,96.45,,RAW_CLOSE,42022.8,405776.639,CNY
603986,XSHG,2021-01-20,225.08,227.59,223.1,225.5,,RAW_CLOSE,109271.76,2461157.394,CNY
603993,XSHG,2021-01-20,5.9,6.27,5.9,6.2,,RAW_CLOSE,4843853.08,2963676.498,CNY
000001,XSHE,2021-01-21,22.3245,22.6222,21.9772,22.0566,,RAW_CLOSE,944778.6,2114252.731,CNY
000002,XSHE,2021-01-21,30.3,30.7,30.02,30.1,,RAW_CLOSE,875252.61,2650781.806,CNY
000063,XSHE,2021-01-21,35.86,35.86,34.7,35.32,,RAW_CLOSE,937432.2,3303233.944,CNY
000066,XSHE,2021-01-21,18.77,19.25,18.53,18.72,,RAW_CLOSE,662153.77,1248296.399,CNY
000069,XSHE,2021-01-21,7.15,7.15,6.99,7.02,,RAW_CLOSE,501458.73,354778.672,CNY
000100,XSHE,2021-01-21,9.15,10.02,9.15,9.8,,RAW_CLOSE,9665362.49,9356285.124,CNY
000157,XSHE,2021-01-21,11.75,12.06,11.46,11.62,,RAW_CLOSE,2029952.48,2379205.121,CNY
000166,XSHE,2021-01-21,5.1,5.16,5.04,5.09,,RAW_CLOSE,1151781.15,587127.832,CNY
000333,XSHE,2021-01-21,97.24,101.0,96.99,100.1,,RAW_CLOSE,409301.71,4074982.807,CNY
000338,XSHE,2021-01-21,19.38,19.45,18.85,19.16,,RAW_CLOSE,950653.62,1817943.145,CNY
000425,XSHE,2021-01-21,5.75,5.87,5.69,5.82,,RAW_CLOSE,1046724.86,606129.361,CNY
000538,XSHE,2021-01-21,135.53,137.95,134.0,136.73,,RAW_CLOSE,93391.37,1271199.604,CNY
000568,XSHE,2021-01-21,227.8,240.84,227.5,238.79,,RAW_CLOSE,189019.86,4450523.806,CNY
000596,XSHE,2021-01-21,227.0,233.88,226.23,230.81,,RAW_CLOSE,32198.01,740550.275,CNY
000625,XSHE,2021-01-21,19.3,19.83,19.0,19.45,,RAW_CLOSE,1140905.72,2217614.059,CNY
000651,XSHE,2021-01-21,60.88,62.18,60.6,61.36,,RAW_CLOSE,490762.91,3013389.875,CNY
000656,XSHE,2021-01-21,7.62,7.7,7.39,7.42,,RAW_CLOSE,418233.46,313355.887,CNY
000661,XSHE,2021-01-21,460.0,472.18,459.0,461.27,,RAW_CLOSE,46470.92,2157031.964,CNY
000703,XSHE,2021-01-21,13.95,15.15,13.94,14.86,,RAW_CLOSE,904782.61,1340144.847,CNY
000725,XSHE,2021-01-21,6.78,7.11,6.78,6.98,,RAW_CLOSE,15328603.27,10663512.892,CNY
000728,XSHE,2021-01-21,8.59,8.78,8.52,8.65,,RAW_CLOSE,626576.53,541108.457,CNY
000768,XSHE,2021-01-21,34.81,35.5,34.43,34.98,,RAW_CLOSE,457307.19,1598124.977,CNY
000776,XSHE,2021-01-21,17.44,17.77,17.15,17.33,,RAW_CLOSE,1231327.4,2145074.989,CNY
000783,XSHE,2021-01-21,8.12,8.31,8.11,8.18,,RAW_CLOSE,373278.1,306524.519,CNY
000786,XSHE,2021-01-21,50.99,52.3,49.93,51.25,,RAW_CLOSE,162859.24,831153.399,CNY
000858,XSHE,2021-01-21,285.8,298.99,285.5,296.95,,RAW_CLOSE,294023.9,8608576.887,CNY
000876,XSHE,2021-01-21,21.98,22.49,21.87,22.29,,RAW_CLOSE,369404.43,819234.658,CNY
000895,XSHE,2021-01-21,48.1,49.8,48.01,49.3,,RAW_CLOSE,176851.49,865486.821,CNY
000938,XSHE,2021-01-21,24.22,24.95,23.7,24.95,,RAW_CLOSE,521997.6,1269731.001,CNY
000963,XSHE,2021-01-21,28.0,28.48,27.76,27.81,,RAW_CLOSE,192744.94,541339.601,CNY
001979,XSHE,2021-01-21,13.26,13.33,13.09,13.15,,RAW_CLOSE,139925.19,184235.108,CNY
002001,XSHE,2021-01-21,40.86,41.58,40.33,41.25,,RAW_CLOSE,198226.3,813371.258,CNY
002007,XSHE,2021-01-21,49.7,51.11,49.09,49.17,,RAW_CLOSE,277714.83,1381275.664,CNY
002008,XSHE,2021-01-21,48.9874,50.2899,48.5002,49.7629,,RAW_CLOSE,338262.2,1679927.537,CNY
002024,XSHE,2021-01-21,7.42,7.54,7.42,7.45,,RAW_CLOSE,282868.74,211430.236,CNY
002027,XSHE,2021-01-21,11.71,11.97,11.35,11.46,,RAW_CLOSE,1718158.91,2000369.038,CNY
002032,XSHE,2021-01-21,80.01,81.1,78.83,80.3,,RAW_CLOSE,18043.33,144054.852,CNY
002044,XSHE,2021-01-21,13.38,13.67,12.82,13.38,,RAW_CLOSE,629917.47,833050.309,CNY
002049,XSHE,2021-01-21,130.0,134.55,128.06,131.51,,RAW_CLOSE,169738.9,2225285.939,CNY
002050,XSHE,2021-01-21,24.8617,25.1876,24.4369,25.0493,,RAW_CLOSE,307192.31,773905.295,CNY
002120,XSHE,2021-01-21,16.49,17.11,16.3,17.1,,RAW_CLOSE,227817.81,383785.888,CNY
002129,XSHE,2021-01-21,29.38,30.75,29.0,30.16,,RAW_CLOSE,1070988.58,3211064.133,CNY
002142,XSHE,2021-01-21,38.65,39.47,38.5,38.8,,RAW_CLOSE,245575.54,958126.778,CNY
002153,XSHE,2021-01-21,30.01,32.91,30.01,32.5,,RAW_CLOSE,192541.46,623680.816,CNY
002179,XSHE,2021-01-21,75.9,76.55,74.78,76.01,,RAW_CLOSE,120098.45,909555.161,CNY
002202,XSHE,2021-01-21,15.23,15.69,15.04,15.35,,RAW_CLOSE,1047997.52,1615480.89,CNY
002230,XSHE,2021-01-21,47.18,51.78,47.16,51.78,,RAW_CLOSE,1355339.72,6802404.044,CNY
002236,XSHE,2021-01-21,23.8201,24.4428,23.5335,23.998,,RAW_CLOSE,753026.93,1833053.238,CNY
002241,XSHE,2021-01-21,42.1,42.93,41.23,42.32,,RAW_CLOSE,842346.5,3549648.519,CNY
002252,XSHE,2021-01-21,7.37,7.5,7.36,7.45,,RAW_CLOSE,270058.9,200771.557,CNY
002271,XSHE,2021-01-21,47.46,48.99,46.9,48.21,,RAW_CLOSE,308265.31,1484282.501,CNY
002304,XSHE,2021-01-21,192.0,196.84,188.88,194.14,,RAW_CLOSE,161579.52,3121685.185,CNY
002311,XSHE,2021-01-21,64.63,64.95,62.87,63.64,,RAW_CLOSE,125570.37,798965.378,CNY
002352,XSHE,2021-01-21,93.4163,101.3054,93.3068,100.6786,,RAW_CLOSE,369261.83,3668012.762,CNY
002371,XSHE,2021-01-21,229.0,231.7,222.07,225.1,,RAW_CLOSE,95172.62,2157469.254,CNY
002384,XSHE,2021-01-21,24.81,24.93,23.0,23.35,,RAW_CLOSE,1110870.35,2628213.179,CNY
002410,XSHE,2021-01-21,90.0821,92.1645,88.3583,89.7632,,RAW_CLOSE,67196.32,605212.046,CNY
002414,XSHE,2021-01-21,47.6,48.88,47.18,47.63,,RAW_CLOSE,127474.03,610158.013,CNY
002415,XSHE,2021-01-21,60.63,64.57,60.6,63.2,,RAW_CLOSE,746408.58,4690048.536,CNY
002456,XSHE,2021-01-21,13.93,14.16,12.53,12.91,,RAW_CLOSE,1452394.34,1940874.058,CNY
002460,XSHE,2021-01-21,124.95,131.58,122.0,127.8,,RAW_CLOSE,408457.44,5147666.249,CNY
002463,XSHE,2021-01-21,18.7,18.9,18.38,18.64,,RAW_CLOSE,251062.17,467951.953,CNY
002475,XSHE,2021-01-21,56.46,58.5,56.41,57.9,,RAW_CLOSE,900293.33,5174934.256,CNY
002493,XSHE,2021-01-21,32.4,34.79,32.37,34.05,,RAW_CLOSE,489674.83,1660749.041,CNY
002508,XSHE,2021-01-21,42.58,43.2,42.18,42.99,,RAW_CLOSE,93715.86,400475.758,CNY
002555,XSHE,2021-01-21,30.7,33.2,30.36,32.8,,RAW_CLOSE,811814.36,2602781.618,CNY
002558,XSHE,2021-01-21,18.15,18.79,18.0,18.44,,RAW_CLOSE,136658.72,252886.665,CNY
002594,XSHE,2021-01-21,220.0,239.6,216.81,235.52,,RAW_CLOSE,585709.87,13384594.647,CNY
002601,XSHE,2021-01-21,38.9536,41.0474,38.4667,40.3462,,RAW_CLOSE,214829.5,884918.115,CNY
002602,XSHE,2021-01-21,6.39,6.81,6.39,6.77,,RAW_CLOSE,1351271.26,902045.097,CNY
002607,XSHE,2021-01-21,34.8,35.44,33.43,34.01,,RAW_CLOSE,196049.04,668515.824,CNY
002624,XSHE,2021-01-21,26.99,28.1,26.82,27.81,,RAW_CLOSE,676707.97,1871357.806,CNY
002673,XSHE,2021-01-21,10.55,11.41,10.55,11.1,,RAW_CLOSE,1629545.54,1794240.239,CNY
002714,XSHE,2021-01-21,82.99,84.4,81.7,83.58,,RAW_CLOSE,292993.74,2433309.191,CNY
002736,XSHE,2021-01-21,13.22,13.45,13.13,13.21,,RAW_CLOSE,242329.57,321543.664,CNY
002739,XSHE,2021-01-21,20.15,20.22,18.97,19.09,,RAW_CLOSE,634106.19,1228469.316,CNY
002773,XSHE,2021-01-21,39.95,40.47,39.2,40.33,,RAW_CLOSE,45853.32,183354.365,CNY
002812,XSHE,2021-01-21,137.5632,139.8,134.8071,138.8014,,RAW_CLOSE,73134.76,1007522.757,CNY
002821,XSHE,2021-01-21,318.02,321.75,308.52,316.59,,RAW_CLOSE,28958.97,913145.437,CNY
002841,XSHE,2021-01-21,108.4,109.33,105.5,105.73,,RAW_CLOSE,13735.18,146526.09,CNY
002916,XSHE,2021-01-21,129.34,130.65,126.61,127.38,,RAW_CLOSE,54157.69,693911.677,CNY
002938,XSHE,2021-01-21,46.39,46.53,45.1,45.64,,RAW_CLOSE,147512.21,671068.277,CNY
002939,XSHE,2021-01-21,12.32,12.55,12.25,12.37,,RAW_CLOSE,191620.31,237874.241,CNY
002945,XSHE,2021-01-21,14.2665,14.7725,14.2169,14.5344,,RAW_CLOSE,185756.29,271406.463,CNY
300003,XSHE,2021-01-21,28.55,29.49,28.52,28.57,,RAW_CLOSE,367923.01,1065065.932,CNY
300014,XSHE,2021-01-21,105.0,106.88,101.16,105.61,,RAW_CLOSE,278664.8,2915778.146,CNY
300015,XSHE,2021-01-21,74.81,76.5,74.5,75.49,,RAW_CLOSE,283182.87,2141298.859,CNY
300033,XSHE,2021-01-21,124.9788,131.4258,124.9788,129.8314,,RAW_CLOSE,101050.28,1315444.068,CNY
300059,XSHE,2021-01-21,37.68,40.55,37.58,39.68,,RAW_CLOSE,3874405.28,15192542.164,CNY
300122,XSHE,2021-01-21,143.71,151.0,143.71,150.9,,RAW_CLOSE,226764.62,3366475.637,CNY
300124,XSHE,2021-01-21,93.5,105.92,93.0,102.0,,RAW_CLOSE,222290.59,2233335.889,CNY
300136,XSHE,2021-01-21,38.99,39.4,37.9,38.52,,RAW_CLOSE,453345.38,1747264.602,CNY
300142,XSHE,2021-01-21,37.0,37.78,36.36,37.35,,RAW_CLOSE,481886.73,1785823.769,CNY
300144,XSHE,2021-01-21,15.68,15.68,14.77,15.03,,RAW_CLOSE,900518.59,1354042.24,CNY
300274,XSHE,2021-01-21,94.0,94.01,90.2,93.4,,RAW_CLOSE,532385.75,4893237.063,CNY
300347,XSHE,2021-01-21,177.0,183.8,175.3,176.04,,RAW_CLOSE,85309.44,1522967.357,CNY
300408,XSHE,2021-01-21,40.8,42.18,40.39,41.61,,RAW_CLOSE,198064.25,820875.47,CNY
300413,XSHE,2021-01-21,86.24,92.04,86.24,90.51,,RAW_CLOSE,135153.47,1217094.73,CNY
300433,XSHE,2021-01-21,39.84,40.3,38.77,40.02,,RAW_CLOSE,771156.39,3048564.198,CNY
300498,XSHE,2021-01-21,18.21,18.45,18.15,18.34,,RAW_CLOSE,270578.51,495359.057,CNY
300529,XSHE,2021-01-21,78.6687,79.9694,77.6261,79.4531,,RAW_CLOSE,69375.03,552116.955,CNY
600000,XSHG,2021-01-21,9.99,10.07,9.93,9.97,,RAW_CLOSE,536229.07,536180.004,CNY
600009,XSHG,2021-01-21,70.0,71.3,69.8,70.92,,RAW_CLOSE,171090.5,1207497.503,CNY
600010,XSHG,2021-01-21,1.19,1.28,1.18,1.24,,RAW_CLOSE,15289784.66,1890069.37,CNY
600011,XSHG,2021-01-21,4.49,4.5,4.44,4.44,,RAW_CLOSE,340475.42,151945.92,CNY
600015,XSHG,2021-01-21,6.25,6.27,6.21,6.23,,RAW_CLOSE,255854.43,159658.262,CNY
600016,XSHG,2021-01-21,5.22,5.25,5.2,5.21,,RAW_CLOSE,815551.15,425924.285,CNY
600018,XSHG,2021-01-21,4.66,4.7,4.61,4.68,,RAW_CLOSE,394476.2,184055.887,CNY
600019,XSHG,2021-01-21,6.75,6.84,6.66,6.81,,RAW_CLOSE,2029893.95,1369453.613,CNY
600025,XSHG,2021-01-21,4.29,4.38,4.28,4.37,,RAW_CLOSE,290610.56,126235.337,CNY
600028,XSHG,2021-01-21,4.15,4.19,4.13,4.16,,RAW_CLOSE,1057164.0,439944.753,CNY
600029,XSHG,2021-01-21,5.7,5.72,5.65,5.68,,RAW_CLOSE,353068.39,200634.114,CNY
600030,XSHG,2021-01-21,31.22,31.79,30.66,31.17,,RAW_CLOSE,2398598.06,7486003.626,CNY
600031,XSHG,2021-01-21,40.42,41.8,40.42,41.8,,RAW_CLOSE,1379488.13,5684796.514,CNY
600036,XSHG,2021-01-21,52.97,53.5,52.15,52.64,,RAW_CLOSE,736714.59,3886756.922,CNY
600048,XSHG,2021-01-21,15.6,15.66,15.23,15.32,,RAW_CLOSE,1345815.87,2071155.402,CNY
600050,XSHG,2021-01-21,4.48,4.49,4.41,4.43,,RAW_CLOSE,1639230.37,726768.875,CNY
600061,XSHG,2021-01-21,13.9,14.33,13.81,14.06,,RAW_CLOSE,384150.43,540407.763,CNY
600079,XSHG,2021-01-21,30.0,32.86,29.98,31.15,,RAW_CLOSE,374786.75,1189194.709,CNY
600085,XSHG,2021-01-21,25.3,25.6,25.2,25.56,,RAW_CLOSE,139784.12,356308.872,CNY
600104,XSHG,2021-01-21,23.47,23.83,23.13,23.73,,RAW_CLOSE,840906.6,1974813.165,CNY
600109,XSHG,2021-01-21,16.01,16.39,15.95,16.14,,RAW_CLOSE,670757.3,1083838.094,CNY
600111,XSHG,2021-01-21,16.6,17.5,16.55,17.5,,RAW_CLOSE,1658217.09,2846385.942,CNY
600115,XSHG,2021-01-21,4.56,4.6,4.55,4.58,,RAW_CLOSE,251649.58,115145.958,CNY
600118,XSHG,2021-01-21,34.21,37.59,34.2,37.59,,RAW_CLOSE,725583.31,2677124.419,CNY
600132,XSHG,2021-01-21,129.7,134.0,128.5,131.33,,RAW_CLOSE,24688.6,323827.123,CNY
600143,XSHG,2021-01-21,22.6656,23.4924,22.2765,23.1909,,RAW_CLOSE,1242866.74,2931648.243,CNY
600150,XSHG,2021-01-21,18.48,18.58,18.23,18.4,,RAW_CLOSE,105453.69,194102.682,CNY
600161,XSHG,2021-01-21,39.87,40.58,39.05,39.62,,RAW_CLOSE,109947.74,436467.886,CNY
600176,XSHG,2021-01-21,23.8,24.55,23.76,23.8,,RAW_CLOSE,411394.88,994230.042,CNY
600183,XSHG,2021-01-21,27.74,28.0,27.26,27.35,,RAW_CLOSE,301497.61,827508.202,CNY
600196,XSHG,2021-01-21,50.7,51.27,50.31,50.46,,RAW_CLOSE,321812.75,1631493.101,CNY
600233,XSHG,2021-01-21,11.8,12.27,11.78,12.1,,RAW_CLOSE,195362.3,235072.837,CNY
600276,XSHG,2021-01-21,106.0,108.8,105.38,108.15,,RAW_CLOSE,382934.55,4101405.937,CNY
600299,XSHG,2021-01-21,12.74,13.16,12.23,13.12,,RAW_CLOSE,308523.93,389957.053,CNY
600309,XSHG,2021-01-21,109.8982,115.3338,109.1965,112.1119,,RAW_CLOSE,243934.12,2788167.982,CNY
600332,XSHG,2021-01-21,29.96,30.24,29.76,29.94,,RAW_CLOSE,68251.2,204326.551,CNY
600340,XSHG,2021-01-21,11.25,11.55,11.13,11.36,,RAW_CLOSE,361742.54,408329.616,CNY
600352,XSHG,2021-01-21,15.08,15.48,14.92,15.12,,RAW_CLOSE,932408.07,1419983.624,CNY
600362,XSHG,2021-01-21,21.38,23.05,21.19,22.92,,RAW_CLOSE,776070.89,1734208.022,CNY
600383,XSHG,2021-01-21,12.7,12.73,12.41,12.47,,RAW_CLOSE,480448.19,601278.62,CNY
600406,XSHG,2021-01-21,29.8,30.38,29.19,29.8,,RAW_CLOSE,244131.42,727459.94,CNY
600426,XSHG,2021-01-21,41.93,43.1,41.2,42.5,,RAW_CLOSE,106747.32,451156.001,CNY
600436,XSHG,2021-01-21,294.98,301.0,294.8,297.99,,RAW_CLOSE,36177.51,1078452.615,CNY
600438,XSHG,2021-01-21,39.3,42.1,38.7,41.8,,RAW_CLOSE,1613315.17,6543016.916,CNY
600482,XSHG,2021-01-21,19.08,19.37,19.01,19.08,,RAW_CLOSE,73158.36,140376.788,CNY
600489,XSHG,2021-01-21,8.49,8.58,8.41,8.52,,RAW_CLOSE,335805.64,285553.817,CNY
600519,XSHG,2021-01-21,2048.0,2090.02,2041.0,2070.0,,RAW_CLOSE,38310.17,7953455.967,CNY
600521,XSHG,2021-01-21,28.8,29.18,27.71,27.88,,RAW_CLOSE,213258.94,598859.043,CNY
600522,XSHG,2021-01-21,10.9491,11.0778,10.7907,10.9689,,RAW_CLOSE,495925.49,547989.544,CNY
600547,XSHG,2021-01-21,23.16,23.19,22.93,23.06,,RAW_CLOSE,242223.38,558662.763,CNY
600570,XSHG,2021-01-21,99.0,102.38,97.26,101.99,,RAW_CLOSE,204277.48,2050068.118,CNY
600584,XSHG,2021-01-21,47.36,47.99,46.4,47.38,,RAW_CLOSE,619930.11,2927643.681,CNY
600585,XSHG,2021-01-21,54.0,54.19,53.01,53.25,,RAW_CLOSE,463116.74,2471868.258,CNY
600588,XSHG,2021-01-21,45.3732,47.8078,45.3732,46.993,,RAW_CLOSE,413434.88,1950202.043,CNY
600606,XSHG,2021-01-21,5.89,6.03,5.85,6.0,,RAW_CLOSE,530917.89,314137.605,CNY
600655,XSHG,2021-01-21,12.01,12.44,11.71,11.92,,RAW_CLOSE,784292.35,945068.553,CNY
600660,XSHG,2021-01-21,56.13,60.31,55.8,60.25,,RAW_CLOSE,416692.66,2457191.174,CNY
600690,XSHG,2021-01-21,33.43,34.68,33.26,34.0,,RAW_CLOSE,554309.62,1888378.986,CNY
600703,XSHG,2021-01-21,33.5,34.44,33.16,33.68,,RAW_CLOSE,913439.79,3088376.007,CNY
600705,XSHG,2021-01-21,4.37,4.45,4.32,4.36,,RAW_CLOSE,493134.26,215996.41,CNY
600741,XSHG,2021-01-21,31.05,31.45,29.8,31.25,,RAW_CLOSE,176250.24,545109.594,CNY
600745,XSHG,2021-01-21,128.3,129.5,124.5,127.7,,RAW_CLOSE,227243.09,2870140.711,CNY
600760,XSHG,2021-01-21,83.72,85.33,81.9,84.24,,RAW_CLOSE,280118.66,2343208.537,CNY
600763,XSHG,2021-01-21,295.9,311.33,295.05,310.0,,RAW_CLOSE,30342.1,932943.721,CNY
600795,XSHG,2021-01-21,2.1,2.12,2.1,2.1,,RAW_CLOSE,397046.13,83634.339,CNY
600809,XSHG,2021-01-21,357.0,383.18,357.0,378.0,,RAW_CLOSE,68009.72,2532449.62,CNY
600837,XSHG,2021-01-21,12.67,12.85,12.57,12.66,,RAW_CLOSE,900963.81,1143729.202,CNY
600845,XSHG,2021-01-21,65.67,66.79,64.7,66.08,,RAW_CLOSE,58715.01,386202.919,CNY
600848,XSHG,2021-01-21,20.21,20.35,20.0,20.17,,RAW_CLOSE,29770.73,59928.108,CNY
600887,XSHG,2021-01-21,46.3,46.6,45.02,46.25,,RAW_CLOSE,986226.42,4523282.666,CNY
600893,XSHG,2021-01-21,69.89,75.24,69.25,73.08,,RAW_CLOSE,708000.81,5137080.955,CNY
600900,XSHG,2021-01-21,19.05,19.19,19.01,19.13,,RAW_CLOSE,375611.08,716129.861,CNY
600919,XSHG,2021-01-21,5.55,5.58,5.51,5.53,,RAW_CLOSE,817874.18,453583.698,CNY
600926,XSHG,2021-01-21,15.15,15.29,14.9,14.98,,RAW_CLOSE,285224.94,429039.665,CNY
600958,XSHG,2021-01-21,11.02,11.3,10.93,11.11,,RAW_CLOSE,593479.48,660913.245,CNY
600989,XSHG,2021-01-21,14.8,14.9,14.22,14.6,,RAW_CLOSE,403759.49,589610.878,CNY
600999,XSHG,2021-01-21,26.32,27.76,25.66,26.58,,RAW_CLOSE,903045.74,2398765.229,CNY
601006,XSHG,2021-01-21,6.57,6.59,6.52,6.56,,RAW_CLOSE,348857.1,228478.3,CNY
601009,XSHG,2021-01-21,8.35,8.5,8.33,8.35,,RAW_CLOSE,558298.85,470056.89,CNY
601012,XSHG,2021-01-21,109.76,115.66,107.5,114.02,,RAW_CLOSE,954058.37,10625267.305,CNY
601021,XSHG,2021-01-21,50.1,51.25,49.1,49.35,,RAW_CLOSE,129280.26,645246.294,CNY
601066,XSHG,2021-01-21,41.57,42.33,40.88,41.58,,RAW_CLOSE,413446.74,1716519.084,CNY
601088,XSHG,2021-01-21,18.75,19.08,18.74,18.9,,RAW_CLOSE,487884.44,922631.685,CNY
601100,XSHG,2021-01-21,116.83,120.6,116.76,117.75,,RAW_CLOSE,87679.09,1037843.419,CNY
601108,XSHG,2021-01-21,11.55,11.81,11.45,11.64,,RAW_CLOSE,487690.91,568018.281,CNY
601111,XSHG,2021-01-21,7.09,7.12,7.01,7.07,,RAW_CLOSE,572766.66,404613.483,CNY
601138,XSHG,2021-01-21,15.15,15.45,15.08,15.19,,RAW_CLOSE,586762.37,894030.02,CNY
601155,XSHG,2021-01-21,40.43,43.3,40.3,43.0,,RAW_CLOSE,219938.24,930559.008,CNY
601162,XSHG,2021-01-21,5.72,5.87,5.71,5.76,,RAW_CLOSE,1051977.34,608416.358,CNY
601166,XSHG,2021-01-21,23.45,23.8,23.22,23.41,,RAW_CLOSE,1111980.24,2615377.662,CNY
601169,XSHG,2021-01-21,4.85,4.87,4.82,4.84,,RAW_CLOSE,606663.17,293830.779,CNY
601186,XSHG,2021-01-21,8.12,8.13,8.03,8.07,,RAW_CLOSE,592572.61,478365.2,CNY
601211,XSHG,2021-01-21,17.63,17.91,17.52,17.69,,RAW_CLOSE,508532.79,900275.692,CNY
601216,XSHG,2021-01-21,4.55,4.73,4.48,4.65,,RAW_CLOSE,1839589.89,847173.737,CNY
601225,XSHG,2021-01-21,11.19,11.41,11.05,11.16,,RAW_CLOSE,584949.95,657150.79,CNY
601229,XSHG,2021-01-21,8.27,8.34,8.19,8.27,,RAW_CLOSE,371474.98,306731.025,CNY
601231,XSHG,2021-01-21,19.29,19.46,18.5,18.95,,RAW_CLOSE,228612.34,437770.499,CNY
601236,XSHG,2021-01-21,16.1571,16.4535,16.0681,16.167,,RAW_CLOSE,189835.55,311991.575,CNY
601238,XSHG,2021-01-21,11.75,12.12,11.59,11.92,,RAW_CLOSE,748018.49,885307.353,CNY
601288,XSHG,2021-01-21,3.18,3.19,3.16,3.16,,RAW_CLOSE,1756110.02,556578.399,CNY
601318,XSHG,2021-01-21,83.8012,83.8503,82.2697,82.898,,RAW_CLOSE,1393055.4,11761468.222,CNY
601319,XSHG,2021-01-21,6.34,6.39,6.3,6.35,,RAW_CLOSE,530848.94,336723.469,CNY
601328,XSHG,2021-01-21,4.54,4.57,4.53,4.54,,RAW_CLOSE,1023648.94,465516.675,CNY
601336,XSHG,2021-01-21,55.31,55.45,54.1,54.8,,RAW_CLOSE,178146.2,974344.764,CNY
601360,XSHG,2021-01-21,16.7,17.66,16.58,17.6,,RAW_CLOSE,667371.33,1149617.763,CNY
601377,XSHG,2021-01-21,8.69,9.14,8.63,8.9,,RAW_CLOSE,1664217.55,1482956.603,CNY
601390,XSHG,2021-01-21,5.65,5.65,5.51,5.6,,RAW_CLOSE,988407.42,552957.232,CNY
601398,XSHG,2021-01-21,5.16,5.17,5.1,5.13,,RAW_CLOSE,2456775.13,1259494.67,CNY
601555,XSHG,2021-01-21,9.12,9.31,9.08,9.16,,RAW_CLOSE,396079.19,364289.512,CNY
601600,XSHG,2021-01-21,3.52,3.75,3.49,3.68,,RAW_CLOSE,2367488.38,863740.665,CNY
601601,XSHG,2021-01-21,39.58,40.37,39.02,39.65,,RAW_CLOSE,620745.03,2458209.237,CNY
601607,XSHG,2021-01-21,19.25,19.4,19.22,19.27,,RAW_CLOSE,110027.65,212277.19,CNY
601618,XSHG,2021-01-21,3.06,3.1,3.02,3.08,,RAW_CLOSE,1937423.66,592984.455,CNY
601628,XSHG,2021-01-21,39.99,40.07,39.01,39.59,,RAW_CLOSE,256638.9,1011670.102,CNY
601633,XSHG,2021-01-21,39.8852,41.6478,37.8553,40.4496,,RAW_CLOSE,670138.83,2684732.045,CNY
601668,XSHG,2021-01-21,5.04,5.05,5.01,5.02,,RAW_CLOSE,1915366.2,963519.894,CNY
601669,XSHG,2021-01-21,3.97,4.01,3.94,3.99,,RAW_CLOSE,674314.14,268139.906,CNY
601688,XSHG,2021-01-21,19.21,19.66,19.11,19.3,,RAW_CLOSE,1110424.57,2147029.475,CNY
601698,XSHG,2021-01-21,18.08,19.88,18.01,19.69,,RAW_CLOSE,433234.78,836858.042,CNY
601727,XSHG,2021-01-21,5.25,5.38,5.22,5.35,,RAW_CLOSE,955918.95,508542.925,CNY
601766,XSHG,2021-01-21,6.82,7.02,6.65,6.94,,RAW_CLOSE,3856219.22,2630981.256,CNY
601788,XSHG,2021-01-21,17.48,18.35,17.39,17.89,,RAW_CLOSE,641027.94,1145962.258,CNY
601799,XSHG,2021-01-21,200.6,211.69,196.51,209.29,,RAW_CLOSE,23360.8,479099.657,CNY
601800,XSHG,2021-01-21,7.34,7.34,7.26,7.28,,RAW_CLOSE,280329.17,204445.473,CNY
601808,XSHG,2021-01-21,15.74,16.29,15.58,16.16,,RAW_CLOSE,175314.16,282114.854,CNY
601818,XSHG,2021-01-21,4.13,4.28,4.13,4.23,,RAW_CLOSE,2467300.84,1043001.957,CNY
601838,XSHG,2021-01-21,10.27,10.67,10.26,10.5,,RAW_CLOSE,448747.03,471801.29,CNY
601857,XSHG,2021-01-21,4.25,4.28,4.24,4.25,,RAW_CLOSE,717675.21,305833.117,CNY
601872,XSHG,2021-01-21,5.73,5.74,5.66,5.66,,RAW_CLOSE,427013.85,242879.088,CNY
601877,XSHG,2021-01-21,38.39,40.25,37.63,39.8,,RAW_CLOSE,346529.33,1350021.18,CNY
601878,XSHG,2021-01-21,14.02,14.58,14.0,14.25,,RAW_CLOSE,639394.53,914122.982,CNY
601881,XSHG,2021-01-21,12.12,12.34,11.98,12.13,,RAW_CLOSE,340887.99,414655.386,CNY
601888,XSHG,2021-01-21,271.49,275.98,263.0,272.0,,RAW_CLOSE,196954.82,5298221.443,CNY
601899,XSHG,2021-01-21,10.7,11.15,10.62,10.97,,RAW_CLOSE,3274004.97,3571286.803,CNY
601901,XSHG,2021-01-21,8.85,9.08,8.79,8.87,,RAW_CLOSE,899035.98,800742.006,CNY
601919,XSHG,2021-01-21,14.12,14.79,13.75,14.57,,RAW_CLOSE,1686173.19,2420939.445,CNY
601933,XSHG,2021-01-21,7.28,7.3,7.21,7.22,,RAW_CLOSE,555072.72,401376.641,CNY
601939,XSHG,2021-01-21,6.83,6.88,6.68,6.74,,RAW_CLOSE,1636534.78,1106502.705,CNY
601985,XSHG,2021-01-21,5.08,5.16,5.06,5.13,,RAW_CLOSE,607908.55,310771.981,CNY
601988,XSHG,2021-01-21,3.2,3.21,3.19,3.19,,RAW_CLOSE,729923.53,233232.869,CNY
601989,XSHG,2021-01-21,4.34,4.37,4.32,4.33,,RAW_CLOSE,753504.26,327473.228,CNY
601998,XSHG,2021-01-21,5.13,5.18,5.11,5.14,,RAW_CLOSE,254022.08,130681.425,CNY
603019,XSHG,2021-01-21,35.13,35.8,34.89,35.41,,RAW_CLOSE,209842.68,742665.552,CNY
603160,XSHG,2021-01-21,155.0,156.6,152.02,152.95,,RAW_CLOSE,43665.52,670030.639,CNY
603233,XSHG,2021-01-21,93.21,98.31,93.21,96.66,,RAW_CLOSE,41787.29,402899.548,CNY
603259,XSHG,2021-01-21,156.9,161.09,156.0,160.0,,RAW_CLOSE,171493.53,2731044.082,CNY
603288,XSHG,2021-01-21,154.8758,157.9725,153.3847,155.2351,,RAW_CLOSE,43649.76,886852.229,CNY
603338,XSHG,2021-01-21,106.77,108.78,105.5,106.35,,RAW_CLOSE,26951.88,288489.639,CNY
603501,XSHG,2021-01-21,316.18,322.0,309.78,319.6,,RAW_CLOSE,99059.54,3136787.457,CNY
603517,XSHG,2021-01-21,84.64,85.68,81.06,83.4,,RAW_CLOSE,77794.93,643609.048,CNY
603659,XSHG,2021-01-21,74.1262,75.4501,71.9979,74.7383,,RAW_CLOSE,49759.41,518253.789,CNY
603799,XSHG,2021-01-21,83.0,90.25,82.18,90.25,,RAW_CLOSE,459904.1,3993039.656,CNY
603806,XSHG,2021-01-21,97.82,97.82,97.82,97.82,,RAW_CLOSE,37148.05,363382.225,CNY
603833,XSHG,2021-01-21,137.0,139.42,133.75,138.81,,RAW_CLOSE,28515.73,391050.247,CNY
603882,XSHG,2021-01-21,153.01,153.12,153.0,153.12,,RAW_CLOSE,27082.88,414621.286,CNY
603899,XSHG,2021-01-21,94.2995,96.6065,94.2597,95.453,,RAW_CLOSE,34399.51,330865.094,CNY
603939,XSHG,2021-01-21,96.7,101.78,96.52,98.18,,RAW_CLOSE,66615.05,660180.66,CNY
603986,XSHG,2021-01-21,227.0,227.0,216.21,218.05,,RAW_CLOSE,150883.3,3322048.582,CNY
603993,XSHG,2021-01-21,6.16,6.47,6.05,6.31,,RAW_CLOSE,5141551.83,3238503.394,CNY
000001,XSHE,2021-01-22,22.0566,22.0566,21.3422,21.8582,,RAW_CLOSE,924434.42,2025834.761,CNY
000002,XSHE,2021-01-22,29.95,29.95,29.01,29.26,,RAW_CLOSE,1058090.55,3114137.415,CNY
000063,XSHE,2021-01-22,35.4,35.4,33.8,33.88,,RAW_CLOSE,1012344.57,3472382.141,CNY
000066,XSHE,2021-01-22,18.51,18.6,17.59,18.09,,RAW_CLOSE,1117682.02,2006233.904,CNY
000069,XSHE,2021-01-22,7.0,7.01,6.84,6.87,,RAW_CLOSE,370579.34,256232.601,CNY
000100,XSHE,2021-01-22,9.75,10.1,9.65,9.94,,RAW_CLOSE,7155475.56,7047490.374,CNY
000157,XSHE,2021-01-22,11.5,11.92,11.28,11.69,,RAW_CLOSE,1599110.92,1842909.237,CNY
000166,XSHE,2021-01-22,5.07,5.09,4.98,4.98,,RAW_CLOSE,1144123.79,573960.524,CNY
000333,XSHE,2021-01-22,100.0,101.53,98.09,100.57,,RAW_CLOSE,307755.82,3069095.083,CNY
000338,XSHE,2021-01-22,19.3,19.35,18.5,19.29,,RAW_CLOSE,1098780.98,2078774.804,CNY
000425,XSHE,2021-01-22,5.76,5.77,5.58,5.61,,RAW_CLOSE,1240836.05,699343.36,CNY
000538,XSHE,2021-01-22,136.6,140.49,134.8,138.75,,RAW_CLOSE,96378.6,1329672.039,CNY
000568,XSHE,2021-01-22,238.49,241.35,233.53,239.09,,RAW_CLOSE,127122.2,3025040.295,CNY
000596,XSHE,2021-01-22,230.87,235.78,229.32,232.99,,RAW_CLOSE,23285.54,540303.714,CNY
000625,XSHE,2021-01-22,19.34,20.35,19.15,20.14,,RAW_CLOSE,1519587.27,3005682.89,CNY
000651,XSHE,2021-01-22,61.3,61.5,59.75,60.23,,RAW_CLOSE,568391.04,3426347.145,CNY
000656,XSHE,2021-01-22,7.42,7.45,7.16,7.2,,RAW_CLOSE,329848.17,238608.259,CNY
000661,XSHE,2021-01-22,461.0,471.0,453.89,467.0,,RAW_CLOSE,55412.66,2564449.689,CNY
000703,XSHE,2021-01-22,14.83,14.87,14.31,14.64,,RAW_CLOSE,671188.56,977205.496,CNY
000725,XSHE,2021-01-22,6.96,7.17,6.89,7.13,,RAW_CLOSE,10808226.27,7588724.821,CNY
000728,XSHE,2021-01-22,8.6,8.61,8.35,8.37,,RAW_CLOSE,598023.58,505226.239,CNY
000768,XSHE,2021-01-22,34.73,35.75,34.58,35.48,,RAW_CLOSE,415736.49,1466442.216,CNY
000776,XSHE,2021-01-22,17.16,17.26,16.6,16.84,,RAW_CLOSE,1195307.39,2018686.001,CNY
000783,XSHE,2021-01-22,8.16,8.18,7.99,8.03,,RAW_CLOSE,389248.65,314066.972,CNY
000786,XSHE,2021-01-22,51.75,51.75,49.2,50.39,,RAW_CLOSE,135890.15,681625.117,CNY
000858,XSHE,2021-01-22,295.08,299.91,292.58,295.56,,RAW_CLOSE,249466.75,7369528.934,CNY
000876,XSHE,2021-01-22,22.29,22.3,21.71,21.79,,RAW_CLOSE,323077.27,705798.524,CNY
000895,XSHE,2021-01-22,49.43,49.63,48.02,48.81,,RAW_CLOSE,164609.07,801470.106,CNY
000938,XSHE,2021-01-22,24.65,24.77,23.38,23.67,,RAW_CLOSE,528135.57,1268917.588,CNY
000963,XSHE,2021-01-22,27.75,29.36,27.63,29.36,,RAW_CLOSE,458631.3,1316714.861,CNY
001979,XSHE,2021-01-22,13.18,13.18,12.8,12.81,,RAW_CLOSE,149682.45,193323.64,CNY
002001,XSHE,2021-01-22,40.85,42.11,40.17,40.95,,RAW_CLOSE,204153.39,837598.778,CNY
002007,XSHE,2021-01-22,49.3,51.4,48.51,51.4,,RAW_CLOSE,407629.63,2045045.836,CNY
002008,XSHE,2021-01-22,49.7927,51.5625,49.2161,51.304,,RAW_CLOSE,396599.72,2016414.005,CNY
002024,XSHE,2021-01-22,7.5,7.5,7.33,7.34,,RAW_CLOSE,347835.24,256286.557,CNY
002027,XSHE,2021-01-22,11.31,11.83,11.2,11.65,,RAW_CLOSE,1599537.53,1844587.516,CNY
002032,XSHE,2021-01-22,81.0,82.9,78.07,79.4,,RAW_CLOSE,23341.35,186012.598,CNY
002044,XSHE,2021-01-22,13.38,14.72,13.28,14.72,,RAW_CLOSE,1000247.59,1422119.929,CNY
002049,XSHE,2021-01-22,131.8,135.8,129.86,131.96,,RAW_CLOSE,149285.95,1976915.07,CNY
002050,XSHE,2021-01-22,24.9209,25.484,24.4764,25.4346,,RAW_CLOSE,343098.37,871118.568,CNY
002120,XSHE,2021-01-22,17.05,17.33,16.7,17.04,,RAW_CLOSE,173106.98,293620.175,CNY
002129,XSHE,2021-01-22,30.0,31.37,29.8,31.0,,RAW_CLOSE,1064773.25,3278896.96,CNY
002142,XSHE,2021-01-22,38.6,38.6,37.01,37.79,,RAW_CLOSE,436729.4,1642775.385,CNY
002153,XSHE,2021-01-22,31.69,32.3,30.49,31.44,,RAW_CLOSE,126156.03,395645.7,CNY
002179,XSHE,2021-01-22,75.89,78.75,75.11,78.26,,RAW_CLOSE,155562.03,1202340.722,CNY
002202,XSHE,2021-01-22,15.52,16.82,15.47,16.82,,RAW_CLOSE,1607400.2,2606518.797,CNY
002230,XSHE,2021-01-22,51.8,52.28,50.3,51.83,,RAW_CLOSE,920998.29,4731897.219,CNY
002236,XSHE,2021-01-22,24.2945,25.53,24.1957,24.4922,,RAW_CLOSE,1037661.39,2593943.752,CNY
002241,XSHE,2021-01-22,42.34,43.39,40.4,40.94,,RAW_CLOSE,1070387.17,4447633.697,CNY
002252,XSHE,2021-01-22,7.48,8.05,7.45,7.87,,RAW_CLOSE,884944.3,693204.501,CNY
002271,XSHE,2021-01-22,48.9,53.03,48.9,53.03,,RAW_CLOSE,481503.76,2444148.416,CNY
002304,XSHE,2021-01-22,194.2,195.97,187.0,192.83,,RAW_CLOSE,122923.33,2353081.441,CNY
002311,XSHE,2021-01-22,64.0,64.14,61.0,61.72,,RAW_CLOSE,211710.62,1309155.41,CNY
002352,XSHE,2021-01-22,100.1912,100.4896,98.1219,99.8728,,RAW_CLOSE,285259.19,2850456.509,CNY
002371,XSHE,2021-01-22,226.5,228.38,210.16,221.01,,RAW_CLOSE,135672.45,2965001.958,CNY
002384,XSHE,2021-01-22,23.38,23.75,23.03,23.71,,RAW_CLOSE,627077.72,1462338.136,CNY
002410,XSHE,2021-01-22,90.0223,91.6464,88.2786,91.0187,,RAW_CLOSE,60035.57,542733.222,CNY
002414,XSHE,2021-01-22,47.11,48.5,46.8,48.21,,RAW_CLOSE,151950.22,724239.725,CNY
002415,XSHE,2021-01-22,64.0,67.88,63.5,66.74,,RAW_CLOSE,686165.33,4524129.348,CNY
002456,XSHE,2021-01-22,12.8,12.8,11.7,11.88,,RAW_CLOSE,2163174.61,2607933.663,CNY
002460,XSHE,2021-01-22,126.01,139.87,125.16,139.55,,RAW_CLOSE,504770.74,6734319.612,CNY
002463,XSHE,2021-01-22,18.42,19.2,18.42,19.02,,RAW_CLOSE,363461.2,685638.908,CNY
002475,XSHE,2021-01-22,58.72,59.47,56.5,57.49,,RAW_CLOSE,891659.61,5135566.882,CNY
002493,XSHE,2021-01-22,34.11,36.47,33.95,36.25,,RAW_CLOSE,390743.64,1392126.25,CNY
002508,XSHE,2021-01-22,43.1,43.15,40.01,40.83,,RAW_CLOSE,154495.16,633991.225,CNY
002555,XSHE,2021-01-22,33.0,33.16,31.6,33.08,,RAW_CLOSE,687969.34,2233147.407,CNY
002558,XSHE,2021-01-22,18.52,18.54,17.9,17.97,,RAW_CLOSE,96388.59,174573.499,CNY
002594,XSHE,2021-01-22,235.72,243.66,231.51,242.92,,RAW_CLOSE,423886.78,10112061.191,CNY
002601,XSHE,2021-01-22,40.356,41.583,38.8368,40.8818,,RAW_CLOSE,200207.95,832651.967,CNY
002602,XSHE,2021-01-22,6.7,6.7,6.41,6.46,,RAW_CLOSE,892239.05,578916.039,CNY
002607,XSHE,2021-01-22,34.31,37.41,34.02,37.41,,RAW_CLOSE,272647.42,979567.933,CNY
002624,XSHE,2021-01-22,27.9,27.94,26.88,27.39,,RAW_CLOSE,520871.43,1418441.26,CNY
002673,XSHE,2021-01-22,10.94,11.08,10.62,10.75,,RAW_CLOSE,1108442.06,1199649.335,CNY
002714,XSHE,2021-01-22,83.6,83.66,80.5,81.99,,RAW_CLOSE,305162.33,2490266.98,CNY
002736,XSHE,2021-01-22,13.18,13.26,12.9,12.9,,RAW_CLOSE,219357.44,285103.374,CNY
002739,XSHE,2021-01-22,19.18,19.33,18.67,18.96,,RAW_CLOSE,387871.2,736206.652,CNY
002773,XSHE,2021-01-22,40.02,40.99,40.02,40.7,,RAW_CLOSE,49255.59,199096.175,CNY
002812,XSHE,2021-01-22,139.82,142.7358,135.0069,141.2979,,RAW_CLOSE,99198.93,1384965.855,CNY
002821,XSHE,2021-01-22,318.18,344.87,317.5,339.0,,RAW_CLOSE,35388.19,1181110.239,CNY
002841,XSHE,2021-01-22,106.07,107.87,104.63,107.62,,RAW_CLOSE,11564.73,122736.367,CNY
002916,XSHE,2021-01-22,127.5,128.0,123.45,124.94,,RAW_CLOSE,75102.83,939320.359,CNY
002938,XSHE,2021-01-22,45.49,45.49,42.75,43.47,,RAW_CLOSE,273197.68,1190680.605,CNY
002939,XSHE,2021-01-22,12.36,12.37,12.01,12.06,,RAW_CLOSE,196076.25,238148.392,CNY
002945,XSHE,2021-01-22,14.4451,14.8817,14.3856,14.7626,,RAW_CLOSE,258128.01,381978.546,CNY
300003,XSHE,2021-01-22,28.57,30.17,28.35,29.96,,RAW_CLOSE,644832.89,1906068.091,CNY
300014,XSHE,2021-01-22,108.0,112.9,105.7,110.55,,RAW_CLOSE,350895.08,3842857.687,CNY
300015,XSHE,2021-01-22,75.08,81.0,75.08,80.7,,RAW_CLOSE,415342.77,3273554.114,CNY
300033,XSHE,2021-01-22,128.8411,131.2178,126.1375,128.0785,,RAW_CLOSE,79398.69,1027071.821,CNY
300059,XSHE,2021-01-22,39.28,39.75,38.45,39.35,,RAW_CLOSE,3133269.04,12255711.99,CNY
300122,XSHE,2021-01-22,151.0,165.03,150.0,164.0,,RAW_CLOSE,322886.59,5136576.518,CNY
300124,XSHE,2021-01-22,103.0,103.59,98.08,98.8,,RAW_CLOSE,222383.37,2213801.919,CNY
300136,XSHE,2021-01-22,38.21,38.52,35.3,35.83,,RAW_CLOSE,761558.27,2767591.394,CNY
300142,XSHE,2021-01-22,37.38,39.2,37.17,38.82,,RAW_CLOSE,716193.11,2768527.517,CNY
300144,XSHE,2021-01-22,15.01,15.56,14.85,15.29,,RAW_CLOSE,424740.98,646224.902,CNY
300274,XSHE,2021-01-22,93.0,100.0,92.89,98.8,,RAW_CLOSE,543418.98,5307641.501,CNY
300347,XSHE,2021-01-22,177.0,187.61,177.0,183.9,,RAW_CLOSE,98712.71,1813806.809,CNY
300408,XSHE,2021-01-22,41.26,41.81,39.75,40.85,,RAW_CLOSE,349774.05,1423503.924,CNY
300413,XSHE,2021-01-22,91.98,93.01,87.87,91.98,,RAW_CLOSE,117502.1,1060204.669,CNY
300433,XSHE,2021-01-22,39.99,39.99,34.5,36.3,,RAW_CLOSE,2015894.66,7412328.881,CNY
300498,XSHE,2021-01-22,18.3,18.3,18.04,18.08,,RAW_CLOSE,291202.63,527502.42,CNY
300529,XSHE,2021-01-22,79.4332,84.3779,78.8374,84.0304,,RAW_CLOSE,98190.9,809423.02,CNY
600000,XSHG,2021-01-22,9.96,9.97,9.76,9.79,,RAW_CLOSE,618797.85,607707.949,CNY
600009,XSHG,2021-01-22,70.5,72.0,70.25,71.17,,RAW_CLOSE,147454.97,1048593.87,CNY
600010,XSHG,2021-01-22,1.22,1.22,1.18,1.18,,RAW_CLOSE,8975692.74,1074022.753,CNY
600011,XSHG,2021-01-22,4.44,4.46,4.35,4.37,,RAW_CLOSE,300083.72,131562.633,CNY
600015,XSHG,2021-01-22,6.23,6.23,6.09,6.11,,RAW_CLOSE,409492.92,251035.333,CNY
600016,XSHG,2021-01-22,5.21,5.22,5.14,5.14,,RAW_CLOSE,1124191.96,580562.905,CNY
600018,XSHG,2021-01-22,4.68,4.68,4.58,4.58,,RAW_CLOSE,390444.47,180040.477,CNY
600019,XSHG,2021-01-22,6.77,6.78,6.64,6.65,,RAW_CLOSE,1234577.7,826380.651,CNY
600025,XSHG,2021-01-22,4.37,4.41,4.33,4.38,,RAW_CLOSE,278006.77,121574.716,CNY
600028,XSHG,2021-01-22,4.15,4.16,4.06,4.07,,RAW_CLOSE,1319654.95,540403.46,CNY
600029,XSHG,2021-01-22,5.66,5.67,5.59,5.59,,RAW_CLOSE,337726.52,189510.22,CNY
600030,XSHG,2021-01-22,30.8,31.09,30.08,30.33,,RAW_CLOSE,1988934.24,6066479.145,CNY
600031,XSHG,2021-01-22,41.72,41.72,40.41,41.3,,RAW_CLOSE,1124266.91,4609062.069,CNY
600036,XSHG,2021-01-22,52.85,52.85,51.0,51.64,,RAW_CLOSE,870001.32,4492606.303,CNY
600048,XSHG,2021-01-22,15.16,15.17,14.83,14.83,,RAW_CLOSE,1205636.06,1800534.756,CNY
600050,XSHG,2021-01-22,4.41,4.42,4.32,4.34,,RAW_CLOSE,1524913.85,662822.941,CNY
600061,XSHG,2021-01-22,13.97,14.03,13.58,13.6,,RAW_CLOSE,339989.41,467826.991,CNY
600079,XSHG,2021-01-22,31.74,32.2,30.67,31.1,,RAW_CLOSE,317454.92,991538.415,CNY
600085,XSHG,2021-01-22,25.55,25.64,25.05,25.17,,RAW_CLOSE,98177.32,248197.182,CNY
600104,XSHG,2021-01-22,23.5,23.76,23.15,23.57,,RAW_CLOSE,625274.41,1464317.825,CNY
600109,XSHG,2021-01-22,16.03,16.1,15.3,15.41,,RAW_CLOSE,878616.23,1375004.53,CNY
600111,XSHG,2021-01-22,18.49,19.2,18.12,18.3,,RAW_CLOSE,4612377.16,8567861.977,CNY
600115,XSHG,2021-01-22,4.56,4.57,4.48,4.51,,RAW_CLOSE,298340.73,134647.749,CNY
600118,XSHG,2021-01-22,37.0,38.19,36.86,37.9,,RAW_CLOSE,562907.62,2116945.224,CNY
600132,XSHG,2021-01-22,131.7,142.21,129.76,139.7,,RAW_CLOSE,38877.29,532709.038,CNY
600143,XSHG,2021-01-22,22.7629,23.4924,22.5099,23.2784,,RAW_CLOSE,1100444.76,2603878.635,CNY
600150,XSHG,2021-01-22,18.37,18.38,17.71,17.79,,RAW_CLOSE,162854.97,291825.528,CNY
600161,XSHG,2021-01-22,39.7,41.87,39.3,41.55,,RAW_CLOSE,157753.98,641831.807,CNY
600176,XSHG,2021-01-22,24.26,24.55,23.6,23.9,,RAW_CLOSE,373994.78,897759.421,CNY
600183,XSHG,2021-01-22,27.18,27.18,25.6,26.25,,RAW_CLOSE,601271.7,1573298.218,CNY
600196,XSHG,2021-01-22,50.47,51.85,50.47,51.74,,RAW_CLOSE,528516.34,2714356.526,CNY
600233,XSHG,2021-01-22,12.11,12.11,11.75,11.77,,RAW_CLOSE,167378.11,198416.819,CNY
600276,XSHG,2021-01-22,107.96,113.0,107.11,112.6,,RAW_CLOSE,411307.99,4580183.78,CNY
600299,XSHG,2021-01-22,12.81,13.14,12.59,12.8,,RAW_CLOSE,161686.54,207519.564,CNY
600309,XSHG,2021-01-22,112.0823,116.8953,111.2324,115.1262,,RAW_CLOSE,164852.59,1920417.014,CNY
600332,XSHG,2021-01-22,29.94,30.3,29.79,30.16,,RAW_CLOSE,93029.59,279677.249,CNY
600340,XSHG,2021-01-22,11.25,11.25,11.03,11.03,,RAW_CLOSE,285359.29,316913.747,CNY
600352,XSHG,2021-01-22,15.19,15.55,15.01,15.43,,RAW_CLOSE,837344.92,1282338.538,CNY
600362,XSHG,2021-01-22,22.45,22.69,21.93,22.31,,RAW_CLOSE,562058.36,1255680.013,CNY
600383,XSHG,2021-01-22,12.36,12.37,11.92,11.95,,RAW_CLOSE,514686.83,622939.095,CNY
600406,XSHG,2021-01-22,30.25,31.82,29.71,31.1,,RAW_CLOSE,367187.49,1127804.331,CNY
600426,XSHG,2021-01-22,42.6,42.6,41.27,42.34,,RAW_CLOSE,154783.45,648215.601,CNY
600436,XSHG,2021-01-22,298.0,301.0,295.14,299.55,,RAW_CLOSE,35529.07,1061572.093,CNY
600438,XSHG,2021-01-22,42.47,45.01,41.96,44.85,,RAW_CLOSE,1551149.57,6813318.605,CNY
600482,XSHG,2021-01-22,19.0,19.1,18.46,18.6,,RAW_CLOSE,78897.32,147362.386,CNY
600489,XSHG,2021-01-22,8.48,8.48,8.29,8.33,,RAW_CLOSE,286025.14,238953.001,CNY
600519,XSHG,2021-01-22,2069.0,2100.0,2060.1,2079.95,,RAW_CLOSE,29247.61,6090260.364,CNY
600521,XSHG,2021-01-22,27.9,28.28,27.13,27.65,,RAW_CLOSE,193476.81,535890.909,CNY
600522,XSHG,2021-01-22,10.9887,10.9986,10.7016,10.761,,RAW_CLOSE,459118.45,501479.996,CNY
600547,XSHG,2021-01-22,22.89,22.89,22.54,22.58,,RAW_CLOSE,264805.5,599330.972,CNY
600570,XSHG,2021-01-22,101.02,102.88,99.5,99.78,,RAW_CLOSE,164463.25,1658852.305,CNY
600584,XSHG,2021-01-22,47.4,47.88,44.01,44.15,,RAW_CLOSE,1099292.47,4970493.241,CNY
600585,XSHG,2021-01-22,53.3,53.37,52.11,52.28,,RAW_CLOSE,375905.52,1973095.519,CNY
600588,XSHG,2021-01-22,47.2017,48.6922,46.5061,47.4898,,RAW_CLOSE,421996.59,2018718.347,CNY
600606,XSHG,2021-01-22,5.96,5.97,5.81,5.83,,RAW_CLOSE,387113.63,227284.445,CNY
600655,XSHG,2021-01-22,11.78,12.05,11.51,11.64,,RAW_CLOSE,595991.26,697571.618,CNY
600660,XSHG,2021-01-22,60.25,63.33,59.2,62.56,,RAW_CLOSE,380597.09,2356226.306,CNY
600690,XSHG,2021-01-22,34.36,34.64,33.08,34.15,,RAW_CLOSE,449688.81,1521536.982,CNY
600703,XSHG,2021-01-22,33.85,34.98,32.5,34.87,,RAW_CLOSE,1247083.06,4221978.141,CNY
600705,XSHG,2021-01-22,4.35,4.35,4.21,4.24,,RAW_CLOSE,588150.27,250387.729,CNY
600741,XSHG,2021-01-22,30.99,31.03,29.96,30.75,,RAW_CLOSE,214938.33,654069.972,CNY
600745,XSHG,2021-01-22,127.0,131.37,121.95,126.5,,RAW_CLOSE,288803.0,3626566.587,CNY
600760,XSHG,2021-01-22,83.6,86.95,82.27,86.94,,RAW_CLOSE,331243.78,2804715.428,CNY
600763,XSHG,2021-01-22,312.68,323.96,310.6,318.0,,RAW_CLOSE,30449.31,964159.042,CNY
600795,XSHG,2021-01-22,2.1,2.11,2.07,2.07,,RAW_CLOSE,433281.54,90052.457,CNY
600809,XSHG,2021-01-22,378.37,381.9,363.6,374.56,,RAW_CLOSE,55532.18,2069849.203,CNY
600837,XSHG,2021-01-22,12.6,12.67,12.42,12.46,,RAW_CLOSE,791495.09,990699.118,CNY
600845,XSHG,2021-01-22,66.07,66.78,62.25,62.37,,RAW_CLOSE,98589.57,629792.768,CNY
600848,XSHG,2021-01-22,20.13,20.13,19.63,19.66,,RAW_CLOSE,32368.83,64092.881,CNY
600887,XSHG,2021-01-22,46.01,46.99,45.38,46.04,,RAW_CLOSE,1194439.15,5498601.927,CNY
600893,XSHG,2021-01-22,72.7,75.91,72.33,75.47,,RAW_CLOSE,636216.95,4741221.51,CNY
600900,XSHG,2021-01-22,19.05,19.09,18.9,18.91,,RAW_CLOSE,283489.39,536911.777,CNY
600919,XSHG,2021-01-22,5.52,5.53,5.41,5.44,,RAW_CLOSE,867981.81,473558.599,CNY
600926,XSHG,2021-01-22,15.08,15.08,14.5,14.6,,RAW_CLOSE,301521.21,442387.004,CNY
600958,XSHG,2021-01-22,11.06,11.31,10.82,10.91,,RAW_CLOSE,587147.69,648301.213,CNY
600989,XSHG,2021-01-22,14.5,15.0,14.41,14.49,,RAW_CLOSE,312188.15,456380.931,CNY
600999,XSHG,2021-01-22,26.26,27.08,25.7,26.28,,RAW_CLOSE,707305.42,1857294.646,CNY
601006,XSHG,2021-01-22,6.54,6.56,6.46,6.48,,RAW_CLOSE,286040.25,186019.104,CNY
601009,XSHG,2021-01-22,8.35,8.39,8.1,8.22,,RAW_CLOSE,491927.71,404419.488,CNY
601012,XSHG,2021-01-22,114.05,121.91,114.05,119.7,,RAW_CLOSE,888397.28,10499090.03,CNY
601021,XSHG,2021-01-22,49.29,50.59,48.41,49.9,,RAW_CLOSE,102794.67,510909.598,CNY
601066,XSHG,2021-01-22,41.41,41.5,40.16,40.39,,RAW_CLOSE,359044.7,1460900.505,CNY
601088,XSHG,2021-01-22,18.91,18.91,18.33,18.66,,RAW_CLOSE,442720.28,820904.541,CNY
601100,XSHG,2021-01-22,121.52,128.0,121.52,125.65,,RAW_CLOSE,120644.13,1505101.828,CNY
601108,XSHG,2021-01-22,11.55,11.59,11.26,11.39,,RAW_CLOSE,482905.16,551021.3,CNY
601111,XSHG,2021-01-22,7.04,7.04,6.95,6.97,,RAW_CLOSE,485420.24,339035.071,CNY
601138,XSHG,2021-01-22,15.09,15.1,14.44,14.75,,RAW_CLOSE,745960.81,1093175.472,CNY
601155,XSHG,2021-01-22,43.4,44.52,42.7,44.45,,RAW_CLOSE,174088.36,761627.591,CNY
601162,XSHG,2021-01-22,5.75,5.76,5.6,5.62,,RAW_CLOSE,1063303.51,602213.768,CNY
601166,XSHG,2021-01-22,23.33,23.33,22.41,22.93,,RAW_CLOSE,1481974.84,3373572.883,CNY
601169,XSHG,2021-01-22,4.84,4.84,4.77,4.79,,RAW_CLOSE,533011.73,255491.649,CNY
601186,XSHG,2021-01-22,8.05,8.06,7.9,7.91,,RAW_CLOSE,624347.26,497030.876,CNY
601211,XSHG,2021-01-22,17.65,17.66,17.3,17.33,,RAW_CLOSE,434969.14,759610.326,CNY
601216,XSHG,2021-01-22,4.59,4.67,4.51,4.52,,RAW_CLOSE,1169384.19,534885.094,CNY
601225,XSHG,2021-01-22,11.12,11.26,10.8,10.92,,RAW_CLOSE,806247.08,882483.195,CNY
601229,XSHG,2021-01-22,8.27,8.27,8.08,8.1,,RAW_CLOSE,412087.47,335100.752,CNY
601231,XSHG,2021-01-22,18.96,19.3,17.93,18.37,,RAW_CLOSE,294046.55,538407.655,CNY
601236,XSHG,2021-01-22,16.1373,16.167,15.91,15.999,,RAW_CLOSE,147146.9,238148.881,CNY
601238,XSHG,2021-01-22,11.85,12.34,11.75,12.04,,RAW_CLOSE,693226.31,837543.639,CNY
601288,XSHG,2021-01-22,3.16,3.17,3.14,3.14,,RAW_CLOSE,1649041.92,518800.124,CNY
601318,XSHG,2021-01-22,83.4478,83.5951,81.9948,82.2697,,RAW_CLOSE,1162752.48,9781081.769,CNY
601319,XSHG,2021-01-22,6.32,6.33,6.22,6.23,,RAW_CLOSE,710287.0,444699.651,CNY
601328,XSHG,2021-01-22,4.53,4.54,4.49,4.5,,RAW_CLOSE,916580.03,413544.311,CNY
601336,XSHG,2021-01-22,54.66,54.66,53.0,53.0,,RAW_CLOSE,204412.81,1095451.116,CNY
601360,XSHG,2021-01-22,17.44,17.53,16.97,17.37,,RAW_CLOSE,374784.02,647948.853,CNY
601377,XSHG,2021-01-22,8.85,9.21,8.81,8.87,,RAW_CLOSE,1609516.98,1445199.077,CNY
601390,XSHG,2021-01-22,5.59,5.59,5.48,5.49,,RAW_CLOSE,854248.49,471314.977,CNY
601398,XSHG,2021-01-22,5.12,5.12,5.03,5.04,,RAW_CLOSE,2774286.48,1402382.795,CNY
601555,XSHG,2021-01-22,9.14,9.15,9.0,9.02,,RAW_CLOSE,367489.23,332729.977,CNY
601600,XSHG,2021-01-22,3.64,3.66,3.53,3.53,,RAW_CLOSE,1730154.75,618891.833,CNY
601601,XSHG,2021-01-22,39.5,39.5,37.31,37.57,,RAW_CLOSE,658031.57,2503520.85,CNY
601607,XSHG,2021-01-22,19.27,19.57,19.05,19.57,,RAW_CLOSE,181744.89,352062.803,CNY
601618,XSHG,2021-01-22,3.06,3.06,2.97,2.98,,RAW_CLOSE,1757058.93,527877.512,CNY
601628,XSHG,2021-01-22,39.31,39.5,38.0,38.02,,RAW_CLOSE,312333.67,1204135.634,CNY
601633,XSHG,2021-01-22,39.7763,40.717,38.0038,38.9841,,RAW_CLOSE,597434.31,2359588.911,CNY
601668,XSHG,2021-01-22,5.02,5.03,4.93,4.94,,RAW_CLOSE,2033590.36,1009822.611,CNY
601669,XSHG,2021-01-22,3.97,3.98,3.88,3.89,,RAW_CLOSE,752495.26,294561.75,CNY
601688,XSHG,2021-01-22,19.3,19.3,18.72,18.85,,RAW_CLOSE,927834.44,1757591.868,CNY
601698,XSHG,2021-01-22,19.59,19.89,19.28,19.53,,RAW_CLOSE,257438.56,503466.773,CNY
601727,XSHG,2021-01-22,5.34,5.51,5.27,5.48,,RAW_CLOSE,1243751.23,671774.576,CNY
601766,XSHG,2021-01-22,6.88,6.88,6.53,6.56,,RAW_CLOSE,3461191.22,2306939.185,CNY
601788,XSHG,2021-01-22,17.8,18.11,17.33,17.45,,RAW_CLOSE,562250.88,989775.981,CNY
601799,XSHG,2021-01-22,209.23,215.69,207.3,215.0,,RAW_CLOSE,19925.99,424708.173,CNY
601800,XSHG,2021-01-22,7.29,7.29,7.15,7.16,,RAW_CLOSE,331536.05,238196.735,CNY
601808,XSHG,2021-01-22,16.05,16.05,15.3,15.57,,RAW_CLOSE,161861.91,252259.038,CNY
601818,XSHG,2021-01-22,4.24,4.26,4.06,4.07,,RAW_CLOSE,2157981.23,890397.824,CNY
601838,XSHG,2021-01-22,10.49,10.49,10.0,10.12,,RAW_CLOSE,371299.05,378280.748,CNY
601857,XSHG,2021-01-22,4.25,4.26,4.18,4.18,,RAW_CLOSE,985882.45,414158.609,CNY
601872,XSHG,2021-01-22,5.66,5.74,5.55,5.67,,RAW_CLOSE,492258.09,277555.553,CNY
601877,XSHG,2021-01-22,39.17,40.36,38.9,39.73,,RAW_CLOSE,255241.98,1009687.124,CNY
601878,XSHG,2021-01-22,14.12,14.17,13.71,13.82,,RAW_CLOSE,540503.69,751359.693,CNY
601881,XSHG,2021-01-22,12.1,12.13,11.68,11.7,,RAW_CLOSE,464404.45,550768.044,CNY
601888,XSHG,2021-01-22,272.03,285.0,270.1,283.0,,RAW_CLOSE,181720.16,5103052.34,CNY
601899,XSHG,2021-01-22,10.87,10.99,10.66,10.83,,RAW_CLOSE,2090613.46,2266390.398,CNY
601901,XSHG,2021-01-22,8.81,8.83,8.69,8.72,,RAW_CLOSE,682630.35,596847.559,CNY
601919,XSHG,2021-01-22,14.4,15.57,14.09,15.4,,RAW_CLOSE,2162073.0,3239530.927,CNY
601933,XSHG,2021-01-22,7.24,7.24,7.08,7.1,,RAW_CLOSE,807928.98,575201.098,CNY
601939,XSHG,2021-01-22,6.71,6.74,6.51,6.58,,RAW_CLOSE,1775989.12,1169347.409,CNY
601985,XSHG,2021-01-22,5.11,5.11,4.97,4.98,,RAW_CLOSE,678548.0,340692.24,CNY
601988,XSHG,2021-01-22,3.19,3.2,3.17,3.17,,RAW_CLOSE,1086059.77,345027.51,CNY
601989,XSHG,2021-01-22,4.33,4.33,4.19,4.21,,RAW_CLOSE,1077862.65,456459.695,CNY
601998,XSHG,2021-01-22,5.13,5.14,5.06,5.08,,RAW_CLOSE,332145.6,169117.133,CNY
603019,XSHG,2021-01-22,35.3,35.3,33.98,33.98,,RAW_CLOSE,348036.11,1194442.773,CNY
603160,XSHG,2021-01-22,152.9,152.9,145.62,146.01,,RAW_CLOSE,69246.89,1022293.215,CNY
603233,XSHG,2021-01-22,96.39,100.77,96.0,99.2,,RAW_CLOSE,33987.66,336199.68,CNY
603259,XSHG,2021-01-22,164.5,176.0,164.5,176.0,,RAW_CLOSE,245445.48,4237474.848,CNY
603288,XSHG,2021-01-22,155.2199,157.8961,153.0177,155.2122,,RAW_CLOSE,45029.24,914059.931,CNY
603338,XSHG,2021-01-22,106.38,108.43,103.05,108.0,,RAW_CLOSE,39438.64,417498.936,CNY
603501,XSHG,2021-01-22,320.0,328.0,308.0,322.5,,RAW_CLOSE,100021.38,3195293.117,CNY
603517,XSHG,2021-01-22,84.28,84.28,79.8,81.4,,RAW_CLOSE,60708.58,493515.091,CNY
603659,XSHG,2021-01-22,75.3789,77.5143,72.8521,77.3435,,RAW_CLOSE,62910.31,667927.904,CNY
603799,XSHG,2021-01-22,90.0,98.19,89.35,96.28,,RAW_CLOSE,514155.97,4830232.035,CNY
603806,XSHG,2021-01-22,99.0,107.23,97.82,105.49,,RAW_CLOSE,134278.29,1381783.764,CNY
603833,XSHG,2021-01-22,139.59,145.45,139.5,145.3,,RAW_CLOSE,34747.05,500273.381,CNY
603882,XSHG,2021-01-22,162.0,168.43,160.78,168.43,,RAW_CLOSE,117399.46,1959515.966,CNY
603899,XSHG,2021-01-22,95.2641,97.6506,94.747,96.0099,,RAW_CLOSE,35059.84,339635.366,CNY
603939,XSHG,2021-01-22,97.54,102.46,97.54,101.66,,RAW_CLOSE,51765.06,522376.923,CNY
603986,XSHG,2021-01-22,217.0,218.0,207.58,209.68,,RAW_CLOSE,190509.15,4023867.855,CNY
603993,XSHG,2021-01-22,6.25,6.62,6.16,6.51,,RAW_CLOSE,5519420.08,3542169.578,CNY
000001,XSHE,2021-01-25,21.5506,22.4237,21.2628,22.3146,,RAW_CLOSE,1028365.27,2269032.82,CNY
000002,XSHE,2021-01-25,29.26,29.6,28.56,29.36,,RAW_CLOSE,973749.72,2825867.846,CNY
000063,XSHE,2021-01-25,34.96,36.1,34.45,35.7,,RAW_CLOSE,1466259.85,5192650.171,CNY
000066,XSHE,2021-01-25,17.95,19.16,17.88,19.07,,RAW_CLOSE,1076943.95,1999171.285,CNY
000069,XSHE,2021-01-25,6.85,6.87,6.75,6.82,,RAW_CLOSE,357552.62,243182.456,CNY
000100,XSHE,2021-01-25,9.82,9.84,9.3,9.48,,RAW_CLOSE,7680435.19,7359289.183,CNY
000157,XSHE,2021-01-25,11.78,12.24,11.41,12.19,,RAW_CLOSE,2121030.02,2523465.412,CNY
000166,XSHE,2021-01-25,4.98,4.98,4.77,4.81,,RAW_CLOSE,1381847.5,672949.289,CNY
000333,XSHE,2021-01-25,101.0,102.87,98.7,101.98,,RAW_CLOSE,377359.92,3802697.804,CNY
000338,XSHE,2021-01-25,19.06,19.2,18.6,19.05,,RAW_CLOSE,876916.96,1662485.144,CNY
000425,XSHE,2021-01-25,5.62,5.64,5.49,5.64,,RAW_CLOSE,1042815.84,579684.336,CNY
000538,XSHE,2021-01-25,138.5,142.33,137.03,139.39,,RAW_CLOSE,112095.22,1563718.811,CNY
000568,XSHE,2021-01-25,239.09,263.0,239.0,263.0,,RAW_CLOSE,239182.62,6109499.428,CNY
000596,XSHE,2021-01-25,232.95,256.29,230.9,256.29,,RAW_CLOSE,48018.38,1206368.905,CNY
000625,XSHE,2021-01-25,19.85,20.37,19.38,19.83,,RAW_CLOSE,1265620.26,2505914.398,CNY
000651,XSHE,2021-01-25,60.23,60.79,59.7,60.02,,RAW_CLOSE,525076.66,3157827.877,CNY
000656,XSHE,2021-01-25,7.12,7.19,6.92,7.09,,RAW_CLOSE,365106.29,258113.695,CNY
000661,XSHE,2021-01-25,467.08,496.33,467.08,492.38,,RAW_CLOSE,60731.32,2962144.667,CNY
000703,XSHE,2021-01-25,14.78,15.25,14.52,14.63,,RAW_CLOSE,632302.79,942239.438,CNY
000725,XSHE,2021-01-25,7.16,7.24,6.95,7.05,,RAW_CLOSE,11311139.02,7979646.61,CNY
000728,XSHE,2021-01-25,8.36,8.48,8.3,8.36,,RAW_CLOSE,347962.78,291605.659,CNY
000768,XSHE,2021-01-25,35.61,37.75,35.4,37.04,,RAW_CLOSE,652309.16,2388944.062,CNY
000776,XSHE,2021-01-25,16.83,17.24,16.75,17.02,,RAW_CLOSE,1017754.63,1735022.137,CNY
000783,XSHE,2021-01-25,7.98,8.08,7.89,7.91,,RAW_CLOSE,386465.3,308011.111,CNY
000786,XSHE,2021-01-25,49.91,50.75,48.2,49.48,,RAW_CLOSE,185205.32,912957.402,CNY
000858,XSHE,2021-01-25,295.57,316.33,293.2,315.69,,RAW_CLOSE,412909.4,12821666.909,CNY
000876,XSHE,2021-01-25,21.63,21.7,21.21,21.35,,RAW_CLOSE,413942.36,882832.518,CNY
000895,XSHE,2021-01-25,49.0,50.85,48.99,50.35,,RAW_CLOSE,278445.58,1395498.292,CNY
000938,XSHE,2021-01-25,23.28,23.76,22.85,23.2,,RAW_CLOSE,378918.34,883019.952,CNY
000963,XSHE,2021-01-25,29.36,29.6,28.55,28.79,,RAW_CLOSE,289878.21,839597.726,CNY
001979,XSHE,2021-01-25,12.75,12.77,12.57,12.63,,RAW_CLOSE,134997.78,170598.713,CNY
002001,XSHE,2021-01-25,40.96,41.51,40.04,40.11,,RAW_CLOSE,198933.97,804606.022,CNY
002007,XSHE,2021-01-25,51.45,51.88,49.3,49.33,,RAW_CLOSE,354906.54,1770897.424,CNY
002008,XSHE,2021-01-25,49.6933,52.8451,47.5954,50.2103,,RAW_CLOSE,528861.95,2674943.492,CNY
002024,XSHE,2021-01-25,7.33,7.33,7.06,7.06,,RAW_CLOSE,520667.19,370958.878,CNY
002027,XSHE,2021-01-25,11.7,12.36,11.52,12.18,,RAW_CLOSE,1638997.03,1985264.814,CNY
002032,XSHE,2021-01-25,79.25,82.79,79.24,82.1,,RAW_CLOSE,24166.81,197035.713,CNY
002044,XSHE,2021-01-25,14.8,16.05,14.28,15.23,,RAW_CLOSE,1071302.79,1603640.115,CNY
002049,XSHE,2021-01-25,129.37,135.57,127.0,130.08,,RAW_CLOSE,149795.06,1988098.656,CNY
002050,XSHE,2021-01-25,25.7408,26.0766,24.348,24.5851,,RAW_CLOSE,557557.03,1399367.982,CNY
002120,XSHE,2021-01-25,17.12,17.8,17.04,17.61,,RAW_CLOSE,235471.9,413896.154,CNY
002129,XSHE,2021-01-25,31.0,32.35,30.18,30.42,,RAW_CLOSE,1228300.18,3837100.779,CNY
002142,XSHE,2021-01-25,36.02,37.88,34.8,37.62,,RAW_CLOSE,648766.21,2380991.998,CNY
002153,XSHE,2021-01-25,31.12,33.9,30.4,33.56,,RAW_CLOSE,158631.51,512788.829,CNY
002179,XSHE,2021-01-25,78.6,81.05,76.6,77.31,,RAW_CLOSE,185971.27,1463268.209,CNY
002202,XSHE,2021-01-25,16.82,17.91,16.71,16.94,,RAW_CLOSE,1877414.18,3227123.794,CNY
002230,XSHE,2021-01-25,52.2,54.43,50.39,50.43,,RAW_CLOSE,1181366.04,6163196.607,CNY
002236,XSHE,2021-01-25,24.5416,26.9434,23.7213,26.3899,,RAW_CLOSE,1454474.81,3777762.837,CNY
002241,XSHE,2021-01-25,39.0,39.96,37.3,39.61,,RAW_CLOSE,1384969.33,5375064.475,CNY
002252,XSHE,2021-01-25,7.82,7.83,7.6,7.62,,RAW_CLOSE,469005.57,360153.606,CNY
002271,XSHE,2021-01-25,52.1,52.59,49.9,51.78,,RAW_CLOSE,439371.58,2254521.77,CNY
002304,XSHE,2021-01-25,195.0,212.11,195.0,212.11,,RAW_CLOSE,105390.4,2169917.109,CNY
002311,XSHE,2021-01-25,62.06,65.35,61.64,64.33,,RAW_CLOSE,157405.08,1004123.091,CNY
002352,XSHE,2021-01-25,99.6341,102.4495,98.301,101.6635,,RAW_CLOSE,261481.32,2643592.588,CNY
002371,XSHE,2021-01-25,219.83,228.0,214.56,223.19,,RAW_CLOSE,113805.7,2524572.488,CNY
002384,XSHE,2021-01-25,23.3,23.5,22.65,22.98,,RAW_CLOSE,530924.88,1220169.571,CNY
002410,XSHE,2021-01-25,90.3909,90.9888,87.1826,89.3248,,RAW_CLOSE,82768.47,740921.061,CNY
002414,XSHE,2021-01-25,48.48,49.35,47.3,47.56,,RAW_CLOSE,171318.99,826956.076,CNY
002415,XSHE,2021-01-25,66.81,70.48,64.53,67.65,,RAW_CLOSE,629224.02,4255124.841,CNY
002456,XSHE,2021-01-25,11.75,11.76,11.11,11.12,,RAW_CLOSE,1457012.23,1644294.978,CNY
002460,XSHE,2021-01-25,137.79,149.3,137.01,140.0,,RAW_CLOSE,532532.8,7589424.033,CNY
002463,XSHE,2021-01-25,19.0,19.0,18.42,18.46,,RAW_CLOSE,234843.21,436368.506,CNY
002475,XSHE,2021-01-25,53.5,56.55,52.01,55.21,,RAW_CLOSE,2043919.61,11100122.091,CNY
002493,XSHE,2021-01-25,36.93,38.42,36.01,36.83,,RAW_CLOSE,468192.17,1741050.457,CNY
002508,XSHE,2021-01-25,40.84,41.67,40.18,41.33,,RAW_CLOSE,111026.14,456562.103,CNY
002555,XSHE,2021-01-25,32.8,33.68,31.91,32.23,,RAW_CLOSE,656003.18,2140936.108,CNY
002558,XSHE,2021-01-25,17.48,17.49,16.95,17.15,,RAW_CLOSE,137147.59,234831.149,CNY
002594,XSHE,2021-01-25,246.5,262.95,245.0,260.0,,RAW_CLOSE,559388.94,14213433.428,CNY
002601,XSHE,2021-01-25,40.4923,41.9725,40.4728,41.6999,,RAW_CLOSE,200635.83,852932.36,CNY
002602,XSHE,2021-01-25,6.39,6.4,6.14,6.17,,RAW_CLOSE,782357.11,488000.961,CNY
002607,XSHE,2021-01-25,37.41,39.99,36.62,38.21,,RAW_CLOSE,345813.97,1331291.634,CNY
002624,XSHE,2021-01-25,26.98,27.12,25.95,26.16,,RAW_CLOSE,557184.49,1467807.158,CNY
002673,XSHE,2021-01-25,10.7,10.92,10.5,10.55,,RAW_CLOSE,863421.45,922009.053,CNY
002714,XSHE,2021-01-25,82.01,82.9,81.0,81.46,,RAW_CLOSE,301266.27,2462760.794,CNY
002736,XSHE,2021-01-25,12.97,13.06,12.83,12.91,,RAW_CLOSE,160145.28,206903.915,CNY
002739,XSHE,2021-01-25,18.97,19.18,18.5,18.54,,RAW_CLOSE,358729.86,672013.036,CNY
002773,XSHE,2021-01-25,40.62,40.82,39.0,39.18,,RAW_CLOSE,58764.66,234109.991,CNY
002812,XSHE,2021-01-25,143.7943,147.8685,139.81,142.6959,,RAW_CLOSE,106206.35,1534347.932,CNY
002821,XSHE,2021-01-25,339.05,341.0,325.69,328.0,,RAW_CLOSE,38880.86,1297833.709,CNY
002841,XSHE,2021-01-25,107.76,109.33,106.0,108.64,,RAW_CLOSE,12986.71,140176.103,CNY
002916,XSHE,2021-01-25,124.5,124.74,120.0,121.26,,RAW_CLOSE,66963.36,819945.116,CNY
002938,XSHE,2021-01-25,42.67,43.29,41.31,43.09,,RAW_CLOSE,183952.86,782541.715,CNY
002939,XSHE,2021-01-25,12.16,12.22,11.98,12.04,,RAW_CLOSE,164857.92,199420.006,CNY
002945,XSHE,2021-01-25,14.7527,15.2686,14.4848,14.5741,,RAW_CLOSE,265805.05,398807.882,CNY
300003,XSHE,2021-01-25,30.27,30.48,29.34,29.87,,RAW_CLOSE,441132.68,1315181.733,CNY
300014,XSHE,2021-01-25,116.0,120.0,104.9,105.9,,RAW_CLOSE,552162.77,6129218.077,CNY
300015,XSHE,2021-01-25,80.12,83.66,80.08,81.76,,RAW_CLOSE,321305.64,2630591.023,CNY
300033,XSHE,2021-01-25,127.7517,130.584,125.2759,127.5041,,RAW_CLOSE,82462.34,1064442.062,CNY
300059,XSHE,2021-01-25,40.0,40.57,38.8,39.56,,RAW_CLOSE,3415284.06,13560708.465,CNY
300122,XSHE,2021-01-25,168.0,176.36,163.93,167.0,,RAW_CLOSE,245474.38,4151382.41,CNY
300124,XSHE,2021-01-25,99.25,104.95,99.25,101.09,,RAW_CLOSE,209089.3,2144531.083,CNY
300136,XSHE,2021-01-25,35.67,36.18,34.63,35.16,,RAW_CLOSE,492586.86,1741650.92,CNY
300142,XSHE,2021-01-25,39.5,39.8,38.07,38.12,,RAW_CLOSE,601721.85,2331100.349,CNY
300144,XSHE,2021-01-25,15.36,16.08,15.35,15.73,,RAW_CLOSE,397472.09,624837.707,CNY
300274,XSHE,2021-01-25,99.0,113.62,97.81,102.5,,RAW_CLOSE,810472.12,8559587.592,CNY
300347,XSHE,2021-01-25,183.9,193.2,183.1,191.51,,RAW_CLOSE,104724.51,1988022.408,CNY
300408,XSHE,2021-01-25,40.85,43.07,40.33,42.55,,RAW_CLOSE,399859.83,1683131.441,CNY
300413,XSHE,2021-01-25,90.0,91.46,85.92,88.53,,RAW_CLOSE,138159.58,1222156.959,CNY
300433,XSHE,2021-01-25,35.34,36.8,34.2,35.48,,RAW_CLOSE,1191820.7,4226900.706,CNY
300498,XSHE,2021-01-25,18.11,18.17,17.9,17.97,,RAW_CLOSE,284269.79,510273.166,CNY
300529,XSHE,2021-01-25,84.1495,86.6616,83.0673,84.368,,RAW_CLOSE,89512.98,766574.93,CNY
600000,XSHG,2021-01-25,9.77,9.78,9.67,9.72,,RAW_CLOSE,517056.48,501372.368,CNY
600009,XSHG,2021-01-25,70.95,72.58,69.9,72.01,,RAW_CLOSE,247043.24,1761961.542,CNY
600010,XSHG,2021-01-25,1.18,1.2,1.17,1.17,,RAW_CLOSE,4702332.87,555179.991,CNY
600011,XSHG,2021-01-25,4.35,4.36,4.27,4.29,,RAW_CLOSE,341494.0,147390.408,CNY
600015,XSHG,2021-01-25,6.11,6.12,6.06,6.1,,RAW_CLOSE,257178.8,156469.023,CNY
600016,XSHG,2021-01-25,5.15,5.15,5.12,5.13,,RAW_CLOSE,846189.92,434225.829,CNY
600018,XSHG,2021-01-25,4.6,4.6,4.5,4.52,,RAW_CLOSE,373346.62,169228.011,CNY
600019,XSHG,2021-01-25,6.6,7.03,6.59,6.83,,RAW_CLOSE,1811142.14,1232486.911,CNY
600025,XSHG,2021-01-25,4.37,4.38,4.29,4.32,,RAW_CLOSE,289355.71,124987.518,CNY
600028,XSHG,2021-01-25,4.06,4.07,4.0,4.02,,RAW_CLOSE,1493759.64,601918.898,CNY
600029,XSHG,2021-01-25,5.57,5.62,5.53,5.55,,RAW_CLOSE,288493.46,160446.016,CNY
600030,XSHG,2021-01-25,30.16,30.27,29.61,29.97,,RAW_CLOSE,1901744.97,5692128.786,CNY
600031,XSHG,2021-01-25,41.0,43.85,39.78,43.5,,RAW_CLOSE,1759796.02,7428447.363,CNY
600036,XSHG,2021-01-25,51.1,52.46,50.1,52.11,,RAW_CLOSE,865362.06,4438842.57,CNY
600048,XSHG,2021-01-25,14.76,14.76,14.36,14.63,,RAW_CLOSE,1430845.53,2078401.511,CNY
600050,XSHG,2021-01-25,4.33,4.33,4.27,4.28,,RAW_CLOSE,1230286.69,527990.088,CNY
600061,XSHG,2021-01-25,13.61,13.68,13.35,13.41,,RAW_CLOSE,265455.07,358806.578,CNY
600079,XSHG,2021-01-25,31.31,32.16,31.1,31.95,,RAW_CLOSE,255435.77,812015.42,CNY
600085,XSHG,2021-01-25,25.17,25.25,24.64,24.82,,RAW_CLOSE,128286.61,318119.556,CNY
600104,XSHG,2021-01-25,23.33,23.38,22.63,23.05,,RAW_CLOSE,764243.54,1753461.977,CNY
600109,XSHG,2021-01-25,15.5,15.64,15.23,15.35,,RAW_CLOSE,543869.16,839381.269,CNY
600111,XSHG,2021-01-25,18.6,19.54,17.98,18.01,,RAW_CLOSE,3923862.45,7366451.343,CNY
600115,XSHG,2021-01-25,4.48,4.49,4.43,4.46,,RAW_CLOSE,304748.49,135894.525,CNY
600118,XSHG,2021-01-25,37.91,37.94,36.4,37.44,,RAW_CLOSE,359500.73,1340047.186,CNY
600132,XSHG,2021-01-25,138.52,141.0,135.0,136.71,,RAW_CLOSE,40377.9,557025.674,CNY
600143,XSHG,2021-01-25,23.4827,25.6034,23.4827,25.6034,,RAW_CLOSE,1618659.8,4110701.94,CNY
600150,XSHG,2021-01-25,17.78,17.95,17.37,17.41,,RAW_CLOSE,132799.49,233829.671,CNY
600161,XSHG,2021-01-25,41.6,41.6,38.13,38.46,,RAW_CLOSE,267394.58,1051718.007,CNY
600176,XSHG,2021-01-25,23.81,25.0,23.81,24.25,,RAW_CLOSE,416153.34,1016911.366,CNY
600183,XSHG,2021-01-25,26.2,26.65,25.38,25.61,,RAW_CLOSE,535521.23,1387801.897,CNY
600196,XSHG,2021-01-25,52.05,52.66,50.08,50.11,,RAW_CLOSE,450660.25,2292182.682,CNY
600233,XSHG,2021-01-25,11.77,11.83,11.5,11.6,,RAW_CLOSE,128999.23,149714.314,CNY
600276,XSHG,2021-01-25,112.78,113.63,109.5,111.45,,RAW_CLOSE,387944.49,4327402.199,CNY
600299,XSHG,2021-01-25,12.79,13.0,12.58,12.85,,RAW_CLOSE,101079.45,129516.551,CNY
600309,XSHG,2021-01-25,115.5314,117.9033,113.0706,115.146,,RAW_CLOSE,195064.58,2282324.686,CNY
600332,XSHG,2021-01-25,30.05,30.28,29.39,29.4,,RAW_CLOSE,93509.78,277320.41,CNY
600340,XSHG,2021-01-25,10.8,10.8,10.11,10.19,,RAW_CLOSE,625972.53,646027.292,CNY
600352,XSHG,2021-01-25,15.57,15.65,15.0,15.0,,RAW_CLOSE,795197.04,1212537.687,CNY
600362,XSHG,2021-01-25,22.26,23.4,22.0,22.72,,RAW_CLOSE,647154.68,1468142.863,CNY
600383,XSHG,2021-01-25,11.85,11.87,11.65,11.72,,RAW_CLOSE,449033.42,527086.808,CNY
600406,XSHG,2021-01-25,30.81,31.99,30.48,31.86,,RAW_CLOSE,348466.36,1092633.465,CNY
600426,XSHG,2021-01-25,42.07,44.32,41.72,43.23,,RAW_CLOSE,167214.63,723291.522,CNY
600436,XSHG,2021-01-25,299.55,309.5,296.37,309.5,,RAW_CLOSE,60326.76,1832052.451,CNY
600438,XSHG,2021-01-25,44.85,47.47,43.0,44.3,,RAW_CLOSE,1680062.03,7673620.186,CNY
600482,XSHG,2021-01-25,18.66,18.81,18.08,18.11,,RAW_CLOSE,85194.71,156804.125,CNY
600489,XSHG,2021-01-25,8.26,8.3,8.05,8.09,,RAW_CLOSE,445582.97,361765.55,CNY
600519,XSHG,2021-01-25,2083.0,2179.5,2083.0,2175.0,,RAW_CLOSE,55957.16,12029474.558,CNY
600521,XSHG,2021-01-25,28.01,28.4,27.2,27.42,,RAW_CLOSE,159289.62,440739.315,CNY
600522,XSHG,2021-01-25,10.761,10.8897,10.5531,10.8402,,RAW_CLOSE,454198.41,491697.002,CNY
600547,XSHG,2021-01-25,22.53,22.55,22.02,22.04,,RAW_CLOSE,320228.81,709504.353,CNY
600570,XSHG,2021-01-25,98.98,99.1,95.79,95.86,,RAW_CLOSE,223546.86,2166330.957,CNY
600584,XSHG,2021-01-25,45.5,48.19,44.79,45.95,,RAW_CLOSE,1240891.22,5768742.712,CNY
600585,XSHG,2021-01-25,52.05,53.57,51.31,53.04,,RAW_CLOSE,588578.53,3079266.557,CNY
600588,XSHG,2021-01-25,49.4872,51.4945,47.8476,50.779,,RAW_CLOSE,569299.98,2850638.211,CNY
600606,XSHG,2021-01-25,5.78,5.79,5.63,5.63,,RAW_CLOSE,407258.25,231442.239,CNY
600655,XSHG,2021-01-25,11.61,11.94,11.29,11.51,,RAW_CLOSE,708052.87,827649.28,CNY
600660,XSHG,2021-01-25,62.55,65.81,60.41,63.78,,RAW_CLOSE,415531.02,2634920.288,CNY
600690,XSHG,2021-01-25,34.22,35.55,33.99,35.31,,RAW_CLOSE,551042.07,1925279.984,CNY
600703,XSHG,2021-01-25,33.91,33.98,32.59,32.9,,RAW_CLOSE,1492126.8,4955374.501,CNY
600705,XSHG,2021-01-25,4.22,4.26,4.16,4.19,,RAW_CLOSE,508629.52,214206.193,CNY
600741,XSHG,2021-01-25,30.39,31.25,30.07,30.4,,RAW_CLOSE,210389.37,644776.432,CNY
600745,XSHG,2021-01-25,122.2,122.5,116.0,116.82,,RAW_CLOSE,342137.67,4065229.747,CNY
600760,XSHG,2021-01-25,89.0,95.32,88.88,90.66,,RAW_CLOSE,388239.47,3566097.62,CNY
600763,XSHG,2021-01-25,319.0,328.02,316.41,319.0,,RAW_CLOSE,25448.39,819493.916,CNY
600795,XSHG,2021-01-25,2.07,2.07,2.05,2.05,,RAW_CLOSE,310652.25,64022.062,CNY
600809,XSHG,2021-01-25,377.37,397.2,375.5,391.09,,RAW_CLOSE,84549.38,3302387.862,CNY
600837,XSHG,2021-01-25,12.46,12.51,12.26,12.31,,RAW_CLOSE,716383.22,884950.301,CNY
600845,XSHG,2021-01-25,62.37,65.38,62.26,64.8,,RAW_CLOSE,85126.88,548033.513,CNY
600848,XSHG,2021-01-25,19.8,19.83,19.32,19.43,,RAW_CLOSE,23645.31,45927.086,CNY
600887,XSHG,2021-01-25,46.14,48.92,46.14,48.83,,RAW_CLOSE,1520551.08,7220524.557,CNY
600893,XSHG,2021-01-25,76.8,80.01,72.93,74.65,,RAW_CLOSE,902984.91,6937328.466,CNY
600900,XSHG,2021-01-25,18.89,19.02,18.5,18.9,,RAW_CLOSE,469841.45,879646.788,CNY
600919,XSHG,2021-01-25,5.43,5.46,5.39,5.45,,RAW_CLOSE,730309.96,396169.525,CNY
600926,XSHG,2021-01-25,14.58,14.6,14.0,14.45,,RAW_CLOSE,427369.28,612382.449,CNY
600958,XSHG,2021-01-25,10.89,10.97,10.74,10.81,,RAW_CLOSE,455241.86,493379.795,CNY
600989,XSHG,2021-01-25,14.43,15.94,14.26,15.77,,RAW_CLOSE,944400.82,1468570.433,CNY
600999,XSHG,2021-01-25,26.12,27.31,25.72,27.1,,RAW_CLOSE,805966.5,2148295.28,CNY
601006,XSHG,2021-01-25,6.48,6.49,6.41,6.43,,RAW_CLOSE,338213.74,217664.534,CNY
601009,XSHG,2021-01-25,8.17,8.22,8.07,8.17,,RAW_CLOSE,324653.78,263997.45,CNY
601012,XSHG,2021-01-25,120.54,125.0,113.7,116.77,,RAW_CLOSE,1155618.85,13953031.411,CNY
601021,XSHG,2021-01-25,50.2,53.9,50.13,53.38,,RAW_CLOSE,87852.87,460521.257,CNY
601066,XSHG,2021-01-25,41.2,41.55,40.59,40.77,,RAW_CLOSE,323789.42,1328013.44,CNY
601088,XSHG,2021-01-25,18.5,18.5,18.13,18.25,,RAW_CLOSE,355441.15,649223.707,CNY
601100,XSHG,2021-01-25,126.12,130.0,123.46,126.0,,RAW_CLOSE,109851.31,1396977.77,CNY
601108,XSHG,2021-01-25,11.34,11.48,11.1,11.15,,RAW_CLOSE,476620.74,536974.389,CNY
601111,XSHG,2021-01-25,6.95,6.99,6.87,6.97,,RAW_CLOSE,463013.51,321336.822,CNY
601138,XSHG,2021-01-25,14.69,15.21,14.5,15.2,,RAW_CLOSE,630126.16,938892.286,CNY
601155,XSHG,2021-01-25,45.1,47.2,45.01,46.06,,RAW_CLOSE,221840.23,1022454.641,CNY
601162,XSHG,2021-01-25,5.61,5.67,5.5,5.51,,RAW_CLOSE,930844.77,518942.031,CNY
601166,XSHG,2021-01-25,22.84,23.14,22.26,22.91,,RAW_CLOSE,1121383.54,2544647.323,CNY
601169,XSHG,2021-01-25,4.79,4.79,4.75,4.77,,RAW_CLOSE,444532.15,211829.73,CNY
601186,XSHG,2021-01-25,7.92,7.97,7.87,7.88,,RAW_CLOSE,433595.98,342561.459,CNY
601211,XSHG,2021-01-25,17.3,17.43,17.14,17.19,,RAW_CLOSE,402723.77,695595.984,CNY
601216,XSHG,2021-01-25,4.48,4.5,4.38,4.39,,RAW_CLOSE,933030.51,412434.504,CNY
601225,XSHG,2021-01-25,10.89,11.03,10.69,10.86,,RAW_CLOSE,776183.8,842721.141,CNY
601229,XSHG,2021-01-25,8.07,8.1,7.97,8.04,,RAW_CLOSE,325194.99,260791.765,CNY
601231,XSHG,2021-01-25,17.94,18.02,17.55,17.67,,RAW_CLOSE,194680.74,345911.609,CNY
601236,XSHG,2021-01-25,15.9792,16.1571,15.7717,15.8705,,RAW_CLOSE,128095.71,206913.355,CNY
601238,XSHG,2021-01-25,11.98,11.98,11.49,11.6,,RAW_CLOSE,641235.81,746398.515,CNY
601288,XSHG,2021-01-25,3.14,3.15,3.13,3.14,,RAW_CLOSE,1718584.66,538823.061,CNY
601318,XSHG,2021-01-25,82.1715,83.33,81.072,83.33,,RAW_CLOSE,1279801.18,10711676.899,CNY
601319,XSHG,2021-01-25,6.23,6.24,6.13,6.16,,RAW_CLOSE,568156.5,350594.605,CNY
601328,XSHG,2021-01-25,4.5,4.5,4.46,4.48,,RAW_CLOSE,934516.66,417888.004,CNY
601336,XSHG,2021-01-25,53.02,53.3,52.12,53.2,,RAW_CLOSE,175362.47,923092.373,CNY
601360,XSHG,2021-01-25,17.39,18.03,17.15,17.66,,RAW_CLOSE,539173.94,951225.017,CNY
601377,XSHG,2021-01-25,8.91,9.69,8.91,9.26,,RAW_CLOSE,3293813.29,3075888.652,CNY
601390,XSHG,2021-01-25,5.5,5.55,5.43,5.46,,RAW_CLOSE,747399.4,409551.178,CNY
601398,XSHG,2021-01-25,5.03,5.05,4.99,5.05,,RAW_CLOSE,2190551.8,1097970.398,CNY
601555,XSHG,2021-01-25,9.03,9.06,8.79,8.85,,RAW_CLOSE,370756.27,330463.962,CNY
601600,XSHG,2021-01-25,3.51,3.56,3.45,3.48,,RAW_CLOSE,1290229.33,452010.809,CNY
601601,XSHG,2021-01-25,37.4,38.53,36.81,38.49,,RAW_CLOSE,557455.25,2099725.508,CNY
601607,XSHG,2021-01-25,19.59,19.59,19.05,19.14,,RAW_CLOSE,158707.25,305155.4,CNY
601618,XSHG,2021-01-25,2.96,3.02,2.91,2.99,,RAW_CLOSE,1854814.82,549341.232,CNY
601628,XSHG,2021-01-25,38.03,38.67,37.23,38.66,,RAW_CLOSE,205997.75,783554.909,CNY
601633,XSHG,2021-01-25,39.1128,42.8855,39.0732,42.8855,,RAW_CLOSE,804003.12,3345109.178,CNY
601668,XSHG,2021-01-25,4.93,4.94,4.89,4.9,,RAW_CLOSE,1898097.99,930920.416,CNY
601669,XSHG,2021-01-25,3.89,3.9,3.83,3.86,,RAW_CLOSE,602188.92,232417.527,CNY
601688,XSHG,2021-01-25,18.74,18.88,18.53,18.67,,RAW_CLOSE,829571.49,1549227.927,CNY
601698,XSHG,2021-01-25,19.34,19.5,18.89,18.95,,RAW_CLOSE,180292.94,344387.09,CNY
601727,XSHG,2021-01-25,5.47,5.66,5.45,5.6,,RAW_CLOSE,1719221.06,958018.264,CNY
601766,XSHG,2021-01-25,6.62,6.75,6.45,6.58,,RAW_CLOSE,2701754.05,1778889.652,CNY
601788,XSHG,2021-01-25,17.41,17.63,17.1,17.25,,RAW_CLOSE,436127.35,757011.048,CNY
601799,XSHG,2021-01-25,215.0,220.9,212.55,217.5,,RAW_CLOSE,19503.36,422899.74,CNY
601800,XSHG,2021-01-25,7.16,7.22,7.11,7.13,,RAW_CLOSE,315370.2,225303.622,CNY
601808,XSHG,2021-01-25,15.32,16.28,15.02,15.69,,RAW_CLOSE,174268.16,273436.857,CNY
601818,XSHG,2021-01-25,4.08,4.12,4.01,4.1,,RAW_CLOSE,2056032.95,833027.858,CNY
601838,XSHG,2021-01-25,10.1,10.1,9.64,9.86,,RAW_CLOSE,443499.05,433005.369,CNY
601857,XSHG,2021-01-25,4.18,4.18,4.13,4.15,,RAW_CLOSE,793406.97,329259.583,CNY
601872,XSHG,2021-01-25,5.62,5.66,5.5,5.52,,RAW_CLOSE,387158.25,214693.321,CNY
601877,XSHG,2021-01-25,39.69,41.17,39.5,39.8,,RAW_CLOSE,271219.0,1094379.037,CNY
601878,XSHG,2021-01-25,13.84,13.89,13.52,13.54,,RAW_CLOSE,422221.36,578648.013,CNY
601881,XSHG,2021-01-25,11.72,11.79,11.45,11.55,,RAW_CLOSE,329660.8,382805.251,CNY
601888,XSHG,2021-01-25,288.01,311.0,288.01,308.0,,RAW_CLOSE,238161.36,7181651.412,CNY
601899,XSHG,2021-01-25,10.84,11.34,10.72,11.05,,RAW_CLOSE,3021294.87,3350992.978,CNY
601901,XSHG,2021-01-25,8.72,8.82,8.7,8.74,,RAW_CLOSE,525824.36,460437.081,CNY
601919,XSHG,2021-01-25,15.1,15.66,14.65,15.04,,RAW_CLOSE,1785149.63,2711923.548,CNY
601933,XSHG,2021-01-25,7.06,7.07,7.0,7.0,,RAW_CLOSE,893677.06,626723.036,CNY
601939,XSHG,2021-01-25,6.52,6.64,6.46,6.61,,RAW_CLOSE,1528690.97,999332.639,CNY
601985,XSHG,2021-01-25,4.95,5.07,4.92,5.05,,RAW_CLOSE,637278.06,318328.687,CNY
601988,XSHG,2021-01-25,3.17,3.18,3.16,3.17,,RAW_CLOSE,974125.77,308536.956,CNY
601989,XSHG,2021-01-25,4.21,4.25,4.15,4.16,,RAW_CLOSE,717634.05,301215.602,CNY
601998,XSHG,2021-01-25,5.1,5.16,5.05,5.16,,RAW_CLOSE,350295.51,178812.407,CNY
603019,XSHG,2021-01-25,33.69,33.69,32.73,33.06,,RAW_CLOSE,262625.92,870238.305,CNY
603160,XSHG,2021-01-25,144.9,145.6,140.55,143.38,,RAW_CLOSE,43518.12,623480.756,CNY
603233,XSHG,2021-01-25,99.33,106.5,98.77,105.07,,RAW_CLOSE,41021.67,425632.331,CNY
603259,XSHG,2021-01-25,179.4,184.12,174.0,184.1,,RAW_CLOSE,184899.11,3330533.119,CNY
603288,XSHG,2021-01-25,158.026,161.4898,155.3116,159.41,,RAW_CLOSE,66055.2,1368185.593,CNY
603338,XSHG,2021-01-25,108.0,118.8,107.2,118.8,,RAW_CLOSE,39854.51,457950.699,CNY
603501,XSHG,2021-01-25,314.84,326.88,310.1,322.0,,RAW_CLOSE,110678.2,3528577.616,CNY
603517,XSHG,2021-01-25,83.0,84.23,80.95,82.88,,RAW_CLOSE,56915.58,470837.915,CNY
603659,XSHG,2021-01-25,77.5855,78.9735,73.8628,74.1618,,RAW_CLOSE,63510.85,675058.553,CNY
603799,XSHG,2021-01-25,100.66,105.14,97.17,103.35,,RAW_CLOSE,560085.33,5714632.091,CNY
603806,XSHG,2021-01-25,106.0,110.0,103.97,108.83,,RAW_CLOSE,99518.58,1068602.313,CNY
603833,XSHG,2021-01-25,145.2,148.07,143.33,144.35,,RAW_CLOSE,21798.12,317245.69,CNY
603882,XSHG,2021-01-25,176.0,178.88,167.85,171.5,,RAW_CLOSE,164060.58,2854883.407,CNY
603899,XSHG,2021-01-25,96.0695,97.4915,94.0509,97.4517,,RAW_CLOSE,50252.83,487120.282,CNY
603939,XSHG,2021-01-25,100.99,104.0,99.0,102.64,,RAW_CLOSE,45978.45,471113.154,CNY
603986,XSHG,2021-01-25,198.97,206.57,193.33,202.07,,RAW_CLOSE,219740.99,4405140.268,CNY
603993,XSHG,2021-01-25,6.56,6.96,6.41,6.7,,RAW_CLOSE,5979892.62,4003936.796,CNY
000001,XSHE,2021-01-26,22.1261,23.1381,22.1261,22.1955,,RAW_CLOSE,1126720.55,2558575.511,CNY
000002,XSHE,2021-01-26,29.26,30.15,29.15,29.7,,RAW_CLOSE,816654.58,2433266.442,CNY
000063,XSHE,2021-01-26,35.29,35.81,33.84,34.03,,RAW_CLOSE,999956.49,3463979.657,CNY
000066,XSHE,2021-01-26,18.89,19.0,17.38,17.4,,RAW_CLOSE,1044300.65,1874312.241,CNY
000069,XSHE,2021-01-26,6.82,6.91,6.75,6.76,,RAW_CLOSE,351831.1,239854.657,CNY
000100,XSHE,2021-01-26,9.38,9.67,9.21,9.41,,RAW_CLOSE,5377766.8,5060001.018,CNY
000157,XSHE,2021-01-26,11.92,11.95,11.44,11.56,,RAW_CLOSE,1605047.97,1870883.875,CNY
000166,XSHE,2021-01-26,4.77,4.83,4.72,4.73,,RAW_CLOSE,701785.55,334802.904,CNY
000333,XSHE,2021-01-26,101.0,101.0,97.1,97.94,,RAW_CLOSE,407670.26,4006657.956,CNY
000338,XSHE,2021-01-26,18.9,19.48,18.42,18.57,,RAW_CLOSE,892338.12,1679938.057,CNY
000425,XSHE,2021-01-26,5.56,5.57,5.46,5.51,,RAW_CLOSE,675099.29,371627.138,CNY
000538,XSHE,2021-01-26,139.5,139.67,133.38,133.38,,RAW_CLOSE,83746.98,1131541.334,CNY
000568,XSHE,2021-01-26,263.89,266.5,258.19,263.29,,RAW_CLOSE,161878.92,4263858.128,CNY
000596,XSHE,2021-01-26,260.0,263.18,247.0,248.09,,RAW_CLOSE,38763.69,976171.086,CNY
000625,XSHE,2021-01-26,19.81,19.85,18.87,18.94,,RAW_CLOSE,1023452.27,1974093.019,CNY
000651,XSHE,2021-01-26,59.8,59.8,58.6,59.0,,RAW_CLOSE,463564.22,2734266.178,CNY
000656,XSHE,2021-01-26,7.1,7.35,7.08,7.27,,RAW_CLOSE,295972.44,214374.382,CNY
000661,XSHE,2021-01-26,493.1,495.64,466.59,470.14,,RAW_CLOSE,49283.53,2357367.741,CNY
000703,XSHE,2021-01-26,14.55,14.68,13.86,13.91,,RAW_CLOSE,585779.62,828119.308,CNY
000725,XSHE,2021-01-26,6.95,7.0,6.66,6.76,,RAW_CLOSE,11927220.15,8125963.062,CNY
000728,XSHE,2021-01-26,8.33,8.4,8.06,8.09,,RAW_CLOSE,458722.13,375567.653,CNY
000768,XSHE,2021-01-26,36.4,36.4,33.34,33.34,,RAW_CLOSE,659379.03,2263902.176,CNY
000776,XSHE,2021-01-26,16.94,17.13,16.38,16.43,,RAW_CLOSE,890751.22,1487253.613,CNY
000783,XSHE,2021-01-26,7.91,7.95,7.7,7.74,,RAW_CLOSE,357867.9,279432.806,CNY
000786,XSHE,2021-01-26,49.0,50.12,48.46,49.55,,RAW_CLOSE,96524.71,475397.818,CNY
000858,XSHE,2021-01-26,315.69,315.71,305.1,305.78,,RAW_CLOSE,241435.01,7458358.973,CNY
000876,XSHE,2021-01-26,21.99,23.13,21.87,22.75,,RAW_CLOSE,876614.04,1976931.065,CNY
000895,XSHE,2021-01-26,50.36,51.24,48.43,48.94,,RAW_CLOSE,227701.21,1133809.055,CNY
000938,XSHE,2021-01-26,23.2,23.78,22.67,22.81,,RAW_CLOSE,335485.04,772694.048,CNY
000963,XSHE,2021-01-26,28.79,28.79,27.35,27.42,,RAW_CLOSE,250517.43,695340.322,CNY
001979,XSHE,2021-01-26,12.62,12.75,12.25,12.38,,RAW_CLOSE,135484.72,169737.732,CNY
002001,XSHE,2021-01-26,40.01,40.29,38.81,38.87,,RAW_CLOSE,239265.91,939975.492,CNY
002007,XSHE,2021-01-26,49.23,50.19,48.68,49.57,,RAW_CLOSE,229434.41,1134827.305,CNY
002008,XSHE,2021-01-26,50.2103,50.5882,46.1836,47.6948,,RAW_CLOSE,481882.44,2330205.014,CNY
002024,XSHE,2021-01-26,7.06,7.12,6.97,7.08,,RAW_CLOSE,242308.96,171347.376,CNY
002027,XSHE,2021-01-26,12.12,12.15,11.08,11.25,,RAW_CLOSE,2582807.34,2969585.295,CNY
002032,XSHE,2021-01-26,81.8,81.8,79.5,80.06,,RAW_CLOSE,14307.24,115189.139,CNY
002044,XSHE,2021-01-26,15.03,15.2,14.4,14.46,,RAW_CLOSE,635447.16,930087.002,CNY
002049,XSHE,2021-01-26,130.08,133.33,126.12,130.45,,RAW_CLOSE,134760.09,1752714.808,CNY
002050,XSHE,2021-01-26,24.6345,24.6444,23.5085,23.7159,,RAW_CLOSE,318559.22,770129.318,CNY
002120,XSHE,2021-01-26,17.7,19.37,17.51,18.99,,RAW_CLOSE,717885.1,1359673.668,CNY
002129,XSHE,2021-01-26,30.7,32.68,30.07,31.75,,RAW_CLOSE,1222888.12,3859465.936,CNY
002142,XSHE,2021-01-26,37.01,38.6,36.9,37.46,,RAW_CLOSE,295015.89,1105719.556,CNY
002153,XSHE,2021-01-26,33.23,33.95,32.51,33.65,,RAW_CLOSE,72770.88,241989.028,CNY
002179,XSHE,2021-01-26,76.15,76.17,69.58,69.58,,RAW_CLOSE,259990.86,1846895.228,CNY
002202,XSHE,2021-01-26,16.81,17.23,16.34,16.68,,RAW_CLOSE,1235308.51,2069945.635,CNY
002230,XSHE,2021-01-26,49.98,50.4,47.98,48.68,,RAW_CLOSE,778631.0,3812447.812,CNY
002236,XSHE,2021-01-26,25.8957,26.5678,25.5794,26.0637,,RAW_CLOSE,960388.73,2528047.953,CNY
002241,XSHE,2021-01-26,39.6,40.44,38.8,39.05,,RAW_CLOSE,644194.92,2547434.512,CNY
002252,XSHE,2021-01-26,7.6,7.82,7.57,7.63,,RAW_CLOSE,266707.2,205073.832,CNY
002271,XSHE,2021-01-26,51.5,51.84,48.76,49.0,,RAW_CLOSE,289700.85,1443293.313,CNY
002304,XSHE,2021-01-26,223.3,223.3,212.2,219.0,,RAW_CLOSE,262488.84,5711972.578,CNY
002311,XSHE,2021-01-26,64.33,65.69,63.72,65.09,,RAW_CLOSE,109550.56,710420.093,CNY
002352,XSHE,2021-01-26,100.4797,101.5243,97.4951,99.3853,,RAW_CLOSE,194679.45,1948836.961,CNY
002371,XSHE,2021-01-26,222.96,227.32,213.77,218.3,,RAW_CLOSE,76139.13,1673286.917,CNY
002384,XSHE,2021-01-26,22.85,23.14,22.52,22.63,,RAW_CLOSE,291906.25,663882.06,CNY
002410,XSHE,2021-01-26,85.708,87.6808,83.8747,85.4091,,RAW_CLOSE,149483.74,1289386.107,CNY
002414,XSHE,2021-01-26,47.24,47.24,44.5,45.61,,RAW_CLOSE,215829.64,984129.417,CNY
002415,XSHE,2021-01-26,66.73,67.38,64.7,65.1,,RAW_CLOSE,484003.61,3175946.151,CNY
002456,XSHE,2021-01-26,10.69,11.51,10.53,11.24,,RAW_CLOSE,1165496.86,1291786.963,CNY
002460,XSHE,2021-01-26,140.02,144.0,133.16,137.4,,RAW_CLOSE,355276.74,4918622.754,CNY
002463,XSHE,2021-01-26,18.47,18.7,18.17,18.29,,RAW_CLOSE,199914.78,367029.052,CNY
002475,XSHE,2021-01-26,54.28,55.48,52.6,52.78,,RAW_CLOSE,976987.98,5255231.744,CNY
002493,XSHE,2021-01-26,36.72,36.83,35.81,36.39,,RAW_CLOSE,263848.64,957294.529,CNY
002508,XSHE,2021-01-26,41.33,41.58,40.0,40.1,,RAW_CLOSE,65573.54,265761.095,CNY
002555,XSHE,2021-01-26,32.19,33.43,31.82,32.99,,RAW_CLOSE,674881.9,2209306.541,CNY
002558,XSHE,2021-01-26,16.96,17.25,16.93,17.09,,RAW_CLOSE,58869.49,100752.842,CNY
002594,XSHE,2021-01-26,257.0,262.59,250.99,254.22,,RAW_CLOSE,394555.44,10115831.947,CNY
002601,XSHE,2021-01-26,41.8751,42.1186,39.2068,40.9013,,RAW_CLOSE,316710.49,1320056.199,CNY
002602,XSHE,2021-01-26,6.12,6.38,6.11,6.15,,RAW_CLOSE,544337.82,337734.307,CNY
002607,XSHE,2021-01-26,37.9,37.9,35.91,36.98,,RAW_CLOSE,202091.44,744198.73,CNY
002624,XSHE,2021-01-26,25.9,26.69,25.71,26.18,,RAW_CLOSE,386604.24,1014037.693,CNY
002673,XSHE,2021-01-26,10.41,10.42,9.84,9.99,,RAW_CLOSE,1050640.42,1057184.678,CNY
002714,XSHE,2021-01-26,84.07,89.61,82.21,87.4,,RAW_CLOSE,757331.61,6555884.117,CNY
002736,XSHE,2021-01-26,12.84,12.95,12.48,12.54,,RAW_CLOSE,225258.81,286474.107,CNY
002739,XSHE,2021-01-26,18.54,19.62,18.35,19.43,,RAW_CLOSE,444107.82,853132.437,CNY
002773,XSHE,2021-01-26,39.17,41.75,39.01,41.57,,RAW_CLOSE,72322.79,296412.581,CNY
002812,XSHE,2021-01-26,142.7957,143.285,135.3164,137.703,,RAW_CLOSE,87869.21,1213370.871,CNY
002821,XSHE,2021-01-26,325.32,326.01,308.6,309.3,,RAW_CLOSE,36146.39,1133831.976,CNY
002841,XSHE,2021-01-26,118.5,119.5,116.01,119.5,,RAW_CLOSE,15863.7,188511.509,CNY
002916,XSHE,2021-01-26,121.61,127.99,121.58,122.51,,RAW_CLOSE,75112.66,932507.7,CNY
002938,XSHE,2021-01-26,42.8,42.94,41.87,42.5,,RAW_CLOSE,91047.05,386214.429,CNY
002939,XSHE,2021-01-26,12.01,12.13,11.79,11.85,,RAW_CLOSE,156201.17,186651.446,CNY
002945,XSHE,2021-01-26,14.2864,14.2864,13.5721,13.7804,,RAW_CLOSE,256615.7,358187.185,CNY
300003,XSHE,2021-01-26,29.9,29.9,28.53,28.61,,RAW_CLOSE,355439.66,1031713.978,CNY
300014,XSHE,2021-01-26,106.03,111.48,105.3,106.6,,RAW_CLOSE,355573.92,3839820.845,CNY
300015,XSHE,2021-01-26,81.01,82.6,79.81,79.89,,RAW_CLOSE,263805.0,2132833.517,CNY
300033,XSHE,2021-01-26,126.3058,127.2664,118.8685,124.4242,,RAW_CLOSE,125606.12,1556277.318,CNY
300059,XSHE,2021-01-26,39.0,39.0,36.6,36.62,,RAW_CLOSE,4134623.35,15547833.708,CNY
300122,XSHE,2021-01-26,166.99,172.29,162.09,171.23,,RAW_CLOSE,233088.09,3926148.373,CNY
300124,XSHE,2021-01-26,101.68,102.5,95.6,99.8,,RAW_CLOSE,138074.41,1370372.909,CNY
300136,XSHE,2021-01-26,35.16,36.4,34.62,36.34,,RAW_CLOSE,438969.42,1562883.246,CNY
300142,XSHE,2021-01-26,38.35,41.49,37.6,40.02,,RAW_CLOSE,827352.96,3304019.921,CNY
300144,XSHE,2021-01-26,15.8,15.96,15.55,15.8,,RAW_CLOSE,236868.92,374402.251,CNY
300274,XSHE,2021-01-26,99.0,100.28,94.37,95.58,,RAW_CLOSE,867105.93,8400923.694,CNY
300347,XSHE,2021-01-26,186.63,187.6,176.0,178.01,,RAW_CLOSE,83557.4,1505856.74,CNY
300408,XSHE,2021-01-26,42.75,42.8,40.6,40.75,,RAW_CLOSE,224361.5,932691.682,CNY
300413,XSHE,2021-01-26,87.51,88.53,82.8,83.71,,RAW_CLOSE,110710.76,938956.474,CNY
300433,XSHE,2021-01-26,36.0,36.2,34.36,35.11,,RAW_CLOSE,773017.98,2726266.566,CNY
300498,XSHE,2021-01-26,17.97,18.66,17.97,18.36,,RAW_CLOSE,532055.9,979950.346,CNY
300529,XSHE,2021-01-26,83.9013,84.2786,82.4119,83.5737,,RAW_CLOSE,58648.14,492527.769,CNY
600000,XSHG,2021-01-26,9.69,9.78,9.66,9.68,,RAW_CLOSE,398776.11,386930.899,CNY
600009,XSHG,2021-01-26,72.02,72.94,70.27,72.18,,RAW_CLOSE,181690.39,1301692.107,CNY
600010,XSHG,2021-01-26,1.16,1.19,1.16,1.18,,RAW_CLOSE,4654624.07,545048.295,CNY
600011,XSHG,2021-01-26,4.3,4.33,4.26,4.28,,RAW_CLOSE,286383.18,122518.777,CNY
600015,XSHG,2021-01-26,6.09,6.14,6.06,6.09,,RAW_CLOSE,226737.37,138148.129,CNY
600016,XSHG,2021-01-26,5.13,5.17,5.12,5.13,,RAW_CLOSE,744597.32,383015.772,CNY
600018,XSHG,2021-01-26,4.53,4.56,4.48,4.49,,RAW_CLOSE,281818.94,127147.283,CNY
600019,XSHG,2021-01-26,6.8,7.15,6.8,7.03,,RAW_CLOSE,2412876.8,1692785.275,CNY
600025,XSHG,2021-01-26,4.31,4.36,4.31,4.36,,RAW_CLOSE,187245.03,81295.081,CNY
600028,XSHG,2021-01-26,4.01,4.04,4.01,4.03,,RAW_CLOSE,941621.25,378930.963,CNY
600029,XSHG,2021-01-26,5.57,5.7,5.52,5.67,,RAW_CLOSE,382860.58,215662.692,CNY
600030,XSHG,2021-01-26,29.72,29.96,28.7,28.78,,RAW_CLOSE,1897349.86,5533012.476,CNY
600031,XSHG,2021-01-26,42.78,42.94,41.18,41.47,,RAW_CLOSE,1219117.79,5111613.557,CNY
600036,XSHG,2021-01-26,52.0,53.1,51.0,51.4,,RAW_CLOSE,601175.33,3126374.838,CNY
600048,XSHG,2021-01-26,14.59,14.79,14.51,14.6,,RAW_CLOSE,804020.47,1177228.12,CNY
600050,XSHG,2021-01-26,4.25,4.37,4.24,4.35,,RAW_CLOSE,1346919.66,580856.786,CNY
600061,XSHG,2021-01-26,13.38,13.47,13.02,13.06,,RAW_CLOSE,234696.08,309810.539,CNY
600079,XSHG,2021-01-26,31.69,31.7,30.59,30.81,,RAW_CLOSE,132825.68,410910.905,CNY
600085,XSHG,2021-01-26,24.8,24.8,24.28,24.3,,RAW_CLOSE,104485.97,255110.726,CNY
600104,XSHG,2021-01-26,23.02,23.17,22.66,22.7,,RAW_CLOSE,419142.25,957188.001,CNY
600109,XSHG,2021-01-26,15.27,15.36,14.48,14.49,,RAW_CLOSE,763548.42,1132349.861,CNY
600111,XSHG,2021-01-26,17.52,19.36,17.51,18.89,,RAW_CLOSE,3506055.46,6491500.685,CNY
600115,XSHG,2021-01-26,4.46,4.54,4.44,4.52,,RAW_CLOSE,320023.72,143708.347,CNY
600118,XSHG,2021-01-26,37.08,37.2,34.55,34.57,,RAW_CLOSE,378293.26,1338112.059,CNY
600132,XSHG,2021-01-26,136.74,136.8,132.3,133.58,,RAW_CLOSE,25769.87,345724.873,CNY
600143,XSHG,2021-01-26,25.6034,26.9458,24.8543,25.5547,,RAW_CLOSE,1742121.63,4661893.938,CNY
600150,XSHG,2021-01-26,17.3,17.31,17.03,17.16,,RAW_CLOSE,102380.73,175186.039,CNY
600161,XSHG,2021-01-26,38.05,40.09,37.67,39.9,,RAW_CLOSE,152851.93,604503.63,CNY
600176,XSHG,2021-01-26,23.91,24.76,23.75,23.9,,RAW_CLOSE,353459.99,854414.734,CNY
600183,XSHG,2021-01-26,25.74,26.12,25.52,25.91,,RAW_CLOSE,375403.34,968141.384,CNY
600196,XSHG,2021-01-26,51.06,51.42,50.0,50.13,,RAW_CLOSE,308026.2,1559162.821,CNY
600233,XSHG,2021-01-26,11.6,12.27,11.39,11.87,,RAW_CLOSE,297701.38,354756.451,CNY
600276,XSHG,2021-01-26,110.55,111.28,106.75,107.0,,RAW_CLOSE,339761.0,3679207.532,CNY
600299,XSHG,2021-01-26,12.73,13.13,12.55,12.89,,RAW_CLOSE,123618.8,159457.337,CNY
600309,XSHG,2021-01-26,113.9403,116.8162,112.359,115.6303,,RAW_CLOSE,138868.4,1616892.132,CNY
600332,XSHG,2021-01-26,29.29,29.3,28.7,28.79,,RAW_CLOSE,80765.4,233642.2,CNY
600340,XSHG,2021-01-26,10.1,10.32,10.04,10.05,,RAW_CLOSE,286049.43,290937.324,CNY
600352,XSHG,2021-01-26,14.87,14.88,14.38,14.46,,RAW_CLOSE,636548.47,926897.322,CNY
600362,XSHG,2021-01-26,22.3,22.39,21.01,21.17,,RAW_CLOSE,600492.03,1300642.911,CNY
600383,XSHG,2021-01-26,11.73,11.89,11.64,11.68,,RAW_CLOSE,262080.38,308486.171,CNY
600406,XSHG,2021-01-26,31.91,31.97,30.38,30.87,,RAW_CLOSE,285667.15,888370.231,CNY
600426,XSHG,2021-01-26,43.01,43.18,41.3,42.17,,RAW_CLOSE,137770.5,578654.797,CNY
600436,XSHG,2021-01-26,309.5,310.0,296.0,297.05,,RAW_CLOSE,42673.45,1279831.149,CNY
600438,XSHG,2021-01-26,45.0,46.69,43.68,45.82,,RAW_CLOSE,1400057.21,6378899.892,CNY
600482,XSHG,2021-01-26,18.07,18.66,17.86,18.33,,RAW_CLOSE,78867.81,144583.368,CNY
600489,XSHG,2021-01-26,8.03,8.74,7.96,8.52,,RAW_CLOSE,637912.49,534748.729,CNY
600519,XSHG,2021-01-26,2185.0,2187.0,2125.11,2141.89,,RAW_CLOSE,31747.46,6820173.362,CNY
600521,XSHG,2021-01-26,27.32,27.47,26.63,26.69,,RAW_CLOSE,103998.07,279952.146,CNY
600522,XSHG,2021-01-26,10.761,10.9491,10.5927,10.6125,,RAW_CLOSE,344762.71,374490.634,CNY
600547,XSHG,2021-01-26,22.0,23.37,21.63,23.01,,RAW_CLOSE,484852.14,1090532.097,CNY
600570,XSHG,2021-01-26,95.86,96.99,93.3,93.4,,RAW_CLOSE,170323.64,1614121.68,CNY
600584,XSHG,2021-01-26,45.7,48.16,45.28,46.97,,RAW_CLOSE,992156.65,4661023.449,CNY
600585,XSHG,2021-01-26,52.3,52.8,51.4,51.93,,RAW_CLOSE,479037.9,2481281.548,CNY
600588,XSHG,2021-01-26,49.7257,51.425,48.7817,49.6561,,RAW_CLOSE,401692.84,2022794.548,CNY
600606,XSHG,2021-01-26,5.61,5.7,5.59,5.61,,RAW_CLOSE,274609.82,154744.703,CNY
600655,XSHG,2021-01-26,11.35,11.46,10.78,11.17,,RAW_CLOSE,733227.52,809162.407,CNY
600660,XSHG,2021-01-26,63.6,63.6,59.4,59.5,,RAW_CLOSE,356557.61,2164517.267,CNY
600690,XSHG,2021-01-26,34.98,34.98,33.0,33.2,,RAW_CLOSE,601193.7,2021981.308,CNY
600703,XSHG,2021-01-26,32.8,32.91,30.5,30.86,,RAW_CLOSE,1407626.37,4420790.623,CNY
600705,XSHG,2021-01-26,4.18,4.28,4.18,4.18,,RAW_CLOSE,463444.68,195224.15,CNY
600741,XSHG,2021-01-26,30.3,31.39,30.2,30.73,,RAW_CLOSE,155575.44,480274.737,CNY
600745,XSHG,2021-01-26,117.4,120.35,115.37,116.82,,RAW_CLOSE,184716.84,2174842.203,CNY
600760,XSHG,2021-01-26,88.88,89.77,81.59,81.59,,RAW_CLOSE,338312.07,2840004.308,CNY
600763,XSHG,2021-01-26,316.0,327.27,314.37,316.95,,RAW_CLOSE,25815.35,826860.661,CNY
600795,XSHG,2021-01-26,2.05,2.07,2.05,2.06,,RAW_CLOSE,237489.15,48885.957,CNY
600809,XSHG,2021-01-26,391.48,391.5,366.88,367.5,,RAW_CLOSE,66526.72,2504951.919,CNY
600837,XSHG,2021-01-26,12.26,12.43,12.25,12.35,,RAW_CLOSE,533554.76,656604.041,CNY
600845,XSHG,2021-01-26,64.67,65.76,63.49,64.35,,RAW_CLOSE,73409.48,473626.968,CNY
600848,XSHG,2021-01-26,19.3,19.69,19.3,19.35,,RAW_CLOSE,19481.96,37786.327,CNY
600887,XSHG,2021-01-26,48.01,48.2,46.58,46.99,,RAW_CLOSE,943224.95,4468032.608,CNY
600893,XSHG,2021-01-26,73.1,73.5,67.19,67.19,,RAW_CLOSE,1029234.74,7119583.967,CNY
600900,XSHG,2021-01-26,18.77,19.05,18.68,18.99,,RAW_CLOSE,340664.6,643811.561,CNY
600919,XSHG,2021-01-26,5.42,5.55,5.42,5.49,,RAW_CLOSE,899387.63,494283.689,CNY
600926,XSHG,2021-01-26,14.39,14.79,14.34,14.51,,RAW_CLOSE,280677.97,408045.941,CNY
600958,XSHG,2021-01-26,10.77,10.83,10.3,10.32,,RAW_CLOSE,546934.66,576666.321,CNY
600989,XSHG,2021-01-26,15.75,16.84,15.57,16.54,,RAW_CLOSE,884167.03,1453204.738,CNY
600999,XSHG,2021-01-26,26.59,26.95,25.35,25.35,,RAW_CLOSE,739709.54,1920490.342,CNY
601006,XSHG,2021-01-26,6.43,6.47,6.42,6.43,,RAW_CLOSE,210306.86,135472.644,CNY
601009,XSHG,2021-01-26,8.18,8.29,8.11,8.13,,RAW_CLOSE,322314.99,263523.853,CNY
601012,XSHG,2021-01-26,115.99,116.7,112.22,114.08,,RAW_CLOSE,717691.32,8207925.448,CNY
601021,XSHG,2021-01-26,52.78,58.72,52.5,58.49,,RAW_CLOSE,130982.88,752259.756,CNY
601066,XSHG,2021-01-26,40.17,40.95,39.91,39.99,,RAW_CLOSE,245572.5,987793.409,CNY
601088,XSHG,2021-01-26,18.25,18.47,18.0,18.04,,RAW_CLOSE,298709.07,542755.721,CNY
601100,XSHG,2021-01-26,126.0,126.65,120.03,122.17,,RAW_CLOSE,83780.97,1025105.662,CNY
601108,XSHG,2021-01-26,11.17,11.25,10.84,10.88,,RAW_CLOSE,396956.98,437125.941,CNY
601111,XSHG,2021-01-26,6.99,7.08,6.94,7.05,,RAW_CLOSE,488971.75,342964.992,CNY
601138,XSHG,2021-01-26,15.02,15.09,14.72,14.82,,RAW_CLOSE,394089.79,584769.527,CNY
601155,XSHG,2021-01-26,45.8,48.32,45.58,46.55,,RAW_CLOSE,169379.36,793549.469,CNY
601162,XSHG,2021-01-26,5.51,5.53,5.36,5.38,,RAW_CLOSE,897443.42,488013.474,CNY
601166,XSHG,2021-01-26,22.96,23.27,22.72,22.85,,RAW_CLOSE,843214.6,1941903.57,CNY
601169,XSHG,2021-01-26,4.76,4.8,4.75,4.77,,RAW_CLOSE,455585.53,217488.97,CNY
601186,XSHG,2021-01-26,7.88,7.97,7.86,7.9,,RAW_CLOSE,350588.03,277065.179,CNY
601211,XSHG,2021-01-26,17.16,17.3,16.81,16.83,,RAW_CLOSE,442760.05,753369.849,CNY
601216,XSHG,2021-01-26,4.39,4.5,4.34,4.41,,RAW_CLOSE,764114.63,338560.948,CNY
601225,XSHG,2021-01-26,10.83,11.19,10.8,10.94,,RAW_CLOSE,451617.9,494571.787,CNY
601229,XSHG,2021-01-26,8.05,8.15,8.0,8.05,,RAW_CLOSE,288668.27,232988.921,CNY
601231,XSHG,2021-01-26,17.71,17.92,16.91,17.18,,RAW_CLOSE,197557.65,340912.254,CNY
601236,XSHG,2021-01-26,15.8903,15.999,15.4456,15.495,,RAW_CLOSE,144004.23,228816.885,CNY
601238,XSHG,2021-01-26,11.52,11.53,11.16,11.18,,RAW_CLOSE,471735.54,531664.678,CNY
601288,XSHG,2021-01-26,3.14,3.15,3.13,3.13,,RAW_CLOSE,1593959.74,500440.71,CNY
601318,XSHG,2021-01-26,82.9569,83.33,81.3665,81.4843,,RAW_CLOSE,1051397.41,8787960.59,CNY
601319,XSHG,2021-01-26,6.13,6.18,6.12,6.14,,RAW_CLOSE,316923.15,194405.911,CNY
601328,XSHG,2021-01-26,4.47,4.51,4.46,4.47,,RAW_CLOSE,738343.61,331005.963,CNY
601336,XSHG,2021-01-26,53.2,53.2,50.6,50.73,,RAW_CLOSE,193066.44,996710.304,CNY
601360,XSHG,2021-01-26,17.53,17.7,17.04,17.05,,RAW_CLOSE,339553.41,587967.054,CNY
601377,XSHG,2021-01-26,9.13,9.18,8.62,8.63,,RAW_CLOSE,2124699.07,1885171.765,CNY
601390,XSHG,2021-01-26,5.47,5.52,5.42,5.46,,RAW_CLOSE,630383.79,344440.933,CNY
601398,XSHG,2021-01-26,5.03,5.07,5.01,5.03,,RAW_CLOSE,2103793.85,1060814.307,CNY
601555,XSHG,2021-01-26,8.89,9.06,8.75,8.78,,RAW_CLOSE,322705.48,287119.352,CNY
601600,XSHG,2021-01-26,3.45,3.51,3.35,3.39,,RAW_CLOSE,1190005.21,405960.63,CNY
601601,XSHG,2021-01-26,37.99,38.48,37.15,37.34,,RAW_CLOSE,360797.88,1363323.599,CNY
601607,XSHG,2021-01-26,19.21,19.21,18.59,18.68,,RAW_CLOSE,135492.69,254787.06,CNY
601618,XSHG,2021-01-26,2.96,2.99,2.9,2.91,,RAW_CLOSE,1289175.94,378557.204,CNY
601628,XSHG,2021-01-26,38.22,38.46,37.45,37.65,,RAW_CLOSE,161486.73,611487.025,CNY
601633,XSHG,2021-01-26,43.5687,45.7472,41.6081,43.8064,,RAW_CLOSE,660375.56,2907296.788,CNY
601668,XSHG,2021-01-26,4.91,4.95,4.88,4.88,,RAW_CLOSE,1391796.18,682622.317,CNY
601669,XSHG,2021-01-26,3.85,3.9,3.84,3.87,,RAW_CLOSE,448625.45,173339.225,CNY
601688,XSHG,2021-01-26,18.62,18.78,17.86,17.95,,RAW_CLOSE,1019825.57,1858963.843,CNY
601698,XSHG,2021-01-26,18.75,18.93,17.08,17.4,,RAW_CLOSE,349020.04,617411.254,CNY
601727,XSHG,2021-01-26,5.54,5.54,5.41,5.48,,RAW_CLOSE,1068030.64,583266.17,CNY
601766,XSHG,2021-01-26,6.51,6.59,6.36,6.55,,RAW_CLOSE,2306221.25,1493689.754,CNY
601788,XSHG,2021-01-26,17.25,17.3,16.5,16.55,,RAW_CLOSE,510114.03,859675.872,CNY
601799,XSHG,2021-01-26,217.5,220.0,213.5,217.57,,RAW_CLOSE,13194.01,286024.452,CNY
601800,XSHG,2021-01-26,7.13,7.21,7.11,7.15,,RAW_CLOSE,186870.22,133658.311,CNY
601808,XSHG,2021-01-26,15.88,16.09,15.13,15.22,,RAW_CLOSE,102157.43,156875.766,CNY
601818,XSHG,2021-01-26,4.1,4.16,4.08,4.09,,RAW_CLOSE,1364326.71,560970.9,CNY
601838,XSHG,2021-01-26,9.8,10.35,9.65,10.25,,RAW_CLOSE,475679.94,479868.772,CNY
601857,XSHG,2021-01-26,4.14,4.18,4.13,4.16,,RAW_CLOSE,605118.83,251736.167,CNY
601872,XSHG,2021-01-26,5.54,5.58,5.46,5.48,,RAW_CLOSE,314584.79,173490.657,CNY
601877,XSHG,2021-01-26,40.0,40.88,38.99,40.74,,RAW_CLOSE,205246.44,819371.108,CNY
601878,XSHG,2021-01-26,13.5,13.5,12.87,12.91,,RAW_CLOSE,514153.9,675307.116,CNY
601881,XSHG,2021-01-26,11.47,11.52,11.08,11.09,,RAW_CLOSE,314218.91,353697.725,CNY
601888,XSHG,2021-01-26,301.55,305.79,293.92,297.98,,RAW_CLOSE,133391.69,3993548.612,CNY
601899,XSHG,2021-01-26,11.0,11.0,10.51,10.74,,RAW_CLOSE,2688774.6,2893638.774,CNY
601901,XSHG,2021-01-26,8.71,9.17,8.69,8.88,,RAW_CLOSE,992384.26,893482.358,CNY
601919,XSHG,2021-01-26,14.64,15.31,13.98,14.1,,RAW_CLOSE,1987047.99,2886490.859,CNY
601933,XSHG,2021-01-26,6.96,7.09,6.85,7.0,,RAW_CLOSE,689998.23,483379.24,CNY
601939,XSHG,2021-01-26,6.6,6.71,6.58,6.67,,RAW_CLOSE,1097441.12,731750.884,CNY
601985,XSHG,2021-01-26,5.0,5.11,5.0,5.04,,RAW_CLOSE,613537.36,310837.912,CNY
601988,XSHG,2021-01-26,3.17,3.18,3.16,3.17,,RAW_CLOSE,765912.29,242831.992,CNY
601989,XSHG,2021-01-26,4.13,4.13,4.06,4.09,,RAW_CLOSE,907365.5,372152.901,CNY
601998,XSHG,2021-01-26,5.16,5.27,5.14,5.2,,RAW_CLOSE,601041.97,313479.653,CNY
603019,XSHG,2021-01-26,33.06,33.39,32.39,32.48,,RAW_CLOSE,184845.23,604673.133,CNY
603160,XSHG,2021-01-26,145.08,149.0,145.08,147.6,,RAW_CLOSE,41665.67,613376.93,CNY
603233,XSHG,2021-01-26,104.88,106.0,100.61,102.2,,RAW_CLOSE,34115.3,349538.066,CNY
603259,XSHG,2021-01-26,181.17,181.17,170.2,172.56,,RAW_CLOSE,224198.31,3897998.364,CNY
603288,XSHG,2021-01-26,159.41,159.4406,156.2903,156.558,,RAW_CLOSE,36668.87,755498.713,CNY
603338,XSHG,2021-01-26,121.0,123.75,117.89,119.3,,RAW_CLOSE,60718.55,729035.758,CNY
603501,XSHG,2021-01-26,315.0,316.0,294.5,301.14,,RAW_CLOSE,149566.54,4547651.533,CNY
603517,XSHG,2021-01-26,83.4,86.43,82.91,84.08,,RAW_CLOSE,62818.97,530444.888,CNY
603659,XSHG,2021-01-26,74.0265,74.0265,71.3217,72.2969,,RAW_CLOSE,43759.83,443413.103,CNY
603799,XSHG,2021-01-26,104.0,104.0,93.68,97.61,,RAW_CLOSE,476944.42,4668445.088,CNY
603806,XSHG,2021-01-26,107.26,109.58,104.0,108.6,,RAW_CLOSE,66882.38,717287.334,CNY
603833,XSHG,2021-01-26,149.76,154.99,148.0,152.65,,RAW_CLOSE,36867.14,559605.236,CNY
603882,XSHG,2021-01-26,175.0,175.22,160.17,167.82,,RAW_CLOSE,90237.63,1502609.809,CNY
603899,XSHG,2021-01-26,97.412,98.1578,94.4785,95.5823,,RAW_CLOSE,36597.02,354454.408,CNY
603939,XSHG,2021-01-26,102.13,104.39,99.2,102.52,,RAW_CLOSE,44689.83,456789.186,CNY
603986,XSHG,2021-01-26,200.1,205.2,195.63,195.71,,RAW_CLOSE,104485.0,2083068.858,CNY
603993,XSHG,2021-01-26,6.59,6.67,6.21,6.28,,RAW_CLOSE,4085758.19,2616752.936,CNY
000001,XSHE,2021-01-27,22.136,23.2869,22.136,22.9,,RAW_CLOSE,1294152.72,2976800.955,CNY
000002,XSHE,2021-01-27,29.69,29.95,29.37,29.4,,RAW_CLOSE,724302.75,2146772.48,CNY
000063,XSHE,2021-01-27,34.06,34.55,33.88,33.92,,RAW_CLOSE,545173.94,1860660.227,CNY
000066,XSHE,2021-01-27,17.29,17.86,17.06,17.57,,RAW_CLOSE,492643.05,863328.68,CNY
000069,XSHE,2021-01-27,6.74,6.98,6.74,6.9,,RAW_CLOSE,377366.01,260240.471,CNY
000100,XSHE,2021-01-27,9.46,9.56,8.94,9.36,,RAW_CLOSE,4871095.17,4510226.987,CNY
000157,XSHE,2021-01-27,11.48,12.22,11.38,12.14,,RAW_CLOSE,1868211.61,2225997.304,CNY
000166,XSHE,2021-01-27,4.74,4.8,4.74,4.77,,RAW_CLOSE,431427.03,205707.751,CNY
000333,XSHE,2021-01-27,97.09,99.84,96.38,97.95,,RAW_CLOSE,283268.51,2781047.165,CNY
000338,XSHE,2021-01-27,18.81,20.2,18.57,20.06,,RAW_CLOSE,1753923.82,3419925.894,CNY
000425,XSHE,2021-01-27,5.5,5.62,5.48,5.6,,RAW_CLOSE,641325.03,356537.615,CNY
000538,XSHE,2021-01-27,133.59,136.6,129.5,135.45,,RAW_CLOSE,85120.68,1133588.223,CNY
000568,XSHE,2021-01-27,258.21,260.94,242.33,254.0,,RAW_CLOSE,186294.95,4701857.739,CNY
000596,XSHE,2021-01-27,242.01,247.6,234.1,246.1,,RAW_CLOSE,28508.5,688368.257,CNY
000625,XSHE,2021-01-27,18.66,18.82,17.8,18.24,,RAW_CLOSE,1353935.92,2473485.58,CNY
000651,XSHE,2021-01-27,59.0,60.46,58.0,59.41,,RAW_CLOSE,535043.24,3158636.666,CNY
000656,XSHE,2021-01-27,7.27,7.37,6.98,7.0,,RAW_CLOSE,314215.22,222993.632,CNY
000661,XSHE,2021-01-27,468.01,489.4,468.0,480.78,,RAW_CLOSE,46072.42,2209782.517,CNY
000703,XSHE,2021-01-27,13.93,14.1,13.25,13.51,,RAW_CLOSE,676947.23,917668.266,CNY
000725,XSHE,2021-01-27,6.8,6.96,6.69,6.93,,RAW_CLOSE,9585655.2,6576031.214,CNY
000728,XSHE,2021-01-27,8.11,8.17,8.04,8.09,,RAW_CLOSE,255100.23,206789.958,CNY
000768,XSHE,2021-01-27,32.61,33.75,32.29,32.96,,RAW_CLOSE,320655.82,1056299.55,CNY
000776,XSHE,2021-01-27,16.52,16.73,16.4,16.44,,RAW_CLOSE,534219.65,883255.102,CNY
000783,XSHE,2021-01-27,7.75,7.86,7.72,7.76,,RAW_CLOSE,230981.02,179741.969,CNY
000786,XSHE,2021-01-27,48.91,50.5,48.43,50.08,,RAW_CLOSE,111390.92,552302.99,CNY
000858,XSHE,2021-01-27,302.9,302.9,287.0,292.58,,RAW_CLOSE,307938.47,9033475.506,CNY
000876,XSHE,2021-01-27,22.6,23.75,22.32,23.04,,RAW_CLOSE,702945.21,1625551.765,CNY
000895,XSHE,2021-01-27,48.5,48.5,47.11,47.65,,RAW_CLOSE,196898.39,938631.878,CNY
000938,XSHE,2021-01-27,22.83,23.1,22.18,22.28,,RAW_CLOSE,333366.51,753790.121,CNY
000963,XSHE,2021-01-27,27.17,27.6,26.79,26.86,,RAW_CLOSE,169021.53,456998.172,CNY
001979,XSHE,2021-01-27,12.31,12.53,12.17,12.27,,RAW_CLOSE,140561.98,173373.151,CNY
002001,XSHE,2021-01-27,38.91,39.99,38.85,39.27,,RAW_CLOSE,181396.57,713956.44,CNY
002007,XSHE,2021-01-27,49.02,49.25,46.84,47.77,,RAW_CLOSE,277829.7,1329957.112,CNY
002008,XSHE,2021-01-27,47.6849,48.5002,45.6367,46.6807,,RAW_CLOSE,325190.44,1529734.341,CNY
002024,XSHE,2021-01-27,7.08,7.14,7.03,7.08,,RAW_CLOSE,168204.87,119300.247,CNY
002027,XSHE,2021-01-27,11.25,11.54,11.1,11.3,,RAW_CLOSE,1449273.54,1637513.613,CNY
002032,XSHE,2021-01-27,80.01,81.15,79.4,80.33,,RAW_CLOSE,13151.35,105532.325,CNY
002044,XSHE,2021-01-27,14.49,15.15,14.26,14.7,,RAW_CLOSE,514570.25,761767.262,CNY
002049,XSHE,2021-01-27,129.33,129.6,121.88,128.15,,RAW_CLOSE,134004.72,1691816.149,CNY
002050,XSHE,2021-01-27,23.8048,24.4764,23.3109,24.0912,,RAW_CLOSE,261600.27,633271.312,CNY
002120,XSHE,2021-01-27,19.0,19.0,18.05,18.35,,RAW_CLOSE,414820.3,762644.779,CNY
002129,XSHE,2021-01-27,31.06,31.75,29.35,31.56,,RAW_CLOSE,1136549.86,3485706.747,CNY
002142,XSHE,2021-01-27,37.21,39.62,37.19,39.51,,RAW_CLOSE,440159.62,1707517.183,CNY
002153,XSHE,2021-01-27,33.0,33.95,32.83,33.81,,RAW_CLOSE,61818.04,207090.544,CNY
002179,XSHE,2021-01-27,68.64,72.28,68.64,71.28,,RAW_CLOSE,195443.31,1386737.107,CNY
002202,XSHE,2021-01-27,16.68,16.68,15.62,16.13,,RAW_CLOSE,1424234.76,2279103.339,CNY
002230,XSHE,2021-01-27,48.61,49.51,47.79,49.31,,RAW_CLOSE,501421.88,2450494.895,CNY
002236,XSHE,2021-01-27,25.9748,26.2219,24.3637,25.5893,,RAW_CLOSE,857090.97,2190514.208,CNY
002241,XSHE,2021-01-27,38.8,39.47,38.36,38.5,,RAW_CLOSE,715535.78,2777656.324,CNY
002252,XSHE,2021-01-27,7.64,7.75,7.51,7.75,,RAW_CLOSE,264070.16,202384.393,CNY
002271,XSHE,2021-01-27,49.0,49.78,48.21,49.19,,RAW_CLOSE,183901.47,903096.256,CNY
002304,XSHE,2021-01-27,215.5,215.6,202.0,205.87,,RAW_CLOSE,173262.6,3587476.366,CNY
002311,XSHE,2021-01-27,64.1,67.58,63.8,66.58,,RAW_CLOSE,133478.45,877423.673,CNY
002352,XSHE,2021-01-27,99.445,100.3603,95.5054,99.3754,,RAW_CLOSE,177727.43,1752603.844,CNY
002371,XSHE,2021-01-27,217.6,220.8,210.0,216.68,,RAW_CLOSE,64548.05,1390572.644,CNY
002384,XSHE,2021-01-27,22.5,22.96,22.45,22.79,,RAW_CLOSE,223774.69,508477.403,CNY
002410,XSHE,2021-01-27,84.4227,85.5884,81.7026,83.7053,,RAW_CLOSE,77665.77,652215.878,CNY
002414,XSHE,2021-01-27,45.29,46.13,44.79,45.21,,RAW_CLOSE,113747.59,517295.092,CNY
002415,XSHE,2021-01-27,65.15,69.78,63.94,69.08,,RAW_CLOSE,596290.95,3962059.404,CNY
002456,XSHE,2021-01-27,11.01,11.12,10.38,10.49,,RAW_CLOSE,1563453.07,1660118.563,CNY
002460,XSHE,2021-01-27,137.3,138.8,127.96,137.0,,RAW_CLOSE,365641.2,4878720.461,CNY
002463,XSHE,2021-01-27,18.2,18.45,18.1,18.4,,RAW_CLOSE,171430.01,313012.577,CNY
002475,XSHE,2021-01-27,52.5,54.41,52.39,53.79,,RAW_CLOSE,687573.42,3665534.374,CNY
002493,XSHE,2021-01-27,36.73,37.66,34.72,35.76,,RAW_CLOSE,380478.49,1364265.371,CNY
002508,XSHE,2021-01-27,40.03,42.33,39.68,42.0,,RAW_CLOSE,130391.99,538938.38,CNY
002555,XSHE,2021-01-27,33.0,35.88,32.4,34.96,,RAW_CLOSE,1124488.51,3869338.414,CNY
002558,XSHE,2021-01-27,17.25,18.26,17.18,17.98,,RAW_CLOSE,137710.48,244903.5,CNY
002594,XSHE,2021-01-27,250.2,259.44,234.5,257.0,,RAW_CLOSE,521351.0,12813494.921,CNY
002601,XSHE,2021-01-27,40.4144,41.8751,40.1222,40.9987,,RAW_CLOSE,169320.9,712835.227,CNY
002602,XSHE,2021-01-27,6.17,6.55,6.06,6.47,,RAW_CLOSE,1334117.42,852569.883,CNY
002607,XSHE,2021-01-27,36.03,39.99,36.02,39.39,,RAW_CLOSE,304814.43,1172199.291,CNY
002624,XSHE,2021-01-27,26.25,28.47,25.95,28.0,,RAW_CLOSE,896957.14,2468891.212,CNY
002673,XSHE,2021-01-27,9.98,10.06,9.88,9.9,,RAW_CLOSE,440019.6,437962.411,CNY
002714,XSHE,2021-01-27,88.1,94.63,88.1,92.81,,RAW_CLOSE,621764.61,5723335.497,CNY
002736,XSHE,2021-01-27,12.51,12.71,12.5,12.59,,RAW_CLOSE,118443.91,149436.72,CNY
002739,XSHE,2021-01-27,19.48,20.44,19.44,20.17,,RAW_CLOSE,532945.46,1065059.405,CNY
002773,XSHE,2021-01-27,41.22,41.22,40.0,40.7,,RAW_CLOSE,44412.58,179530.394,CNY
002812,XSHE,2021-01-27,137.3835,140.1495,133.8086,136.8642,,RAW_CLOSE,64426.56,883805.319,CNY
002821,XSHE,2021-01-27,310.0,317.47,304.66,314.8,,RAW_CLOSE,23069.73,721107.836,CNY
002841,XSHE,2021-01-27,122.0,131.45,121.09,131.45,,RAW_CLOSE,36369.31,462518.1,CNY
002916,XSHE,2021-01-27,122.97,123.66,118.0,118.32,,RAW_CLOSE,69751.8,835474.991,CNY
002938,XSHE,2021-01-27,42.25,42.74,40.95,42.64,,RAW_CLOSE,140878.11,588225.114,CNY
002939,XSHE,2021-01-27,11.8,11.98,11.8,11.87,,RAW_CLOSE,86289.19,102608.716,CNY
002945,XSHE,2021-01-27,13.7308,13.8598,13.5919,13.6514,,RAW_CLOSE,101987.5,140862.865,CNY
300003,XSHE,2021-01-27,28.47,28.76,27.55,27.8,,RAW_CLOSE,387131.61,1081124.894,CNY
300014,XSHE,2021-01-27,107.0,114.89,103.37,113.83,,RAW_CLOSE,338677.01,3699124.011,CNY
300015,XSHE,2021-01-27,80.06,83.5,78.92,82.37,,RAW_CLOSE,281691.17,2296193.188,CNY
300033,XSHE,2021-01-27,124.6817,124.6817,121.79,121.9979,,RAW_CLOSE,50947.92,634057.106,CNY
300059,XSHE,2021-01-27,37.11,37.8,36.67,37.2,,RAW_CLOSE,2569395.89,9575032.065,CNY
300122,XSHE,2021-01-27,171.0,171.0,157.0,165.25,,RAW_CLOSE,196327.42,3199759.532,CNY
300124,XSHE,2021-01-27,99.1,101.79,97.03,98.98,,RAW_CLOSE,116061.27,1155833.977,CNY
300136,XSHE,2021-01-27,36.19,36.19,35.05,35.7,,RAW_CLOSE,254651.41,907169.876,CNY
300142,XSHE,2021-01-27,40.28,41.68,38.71,41.2,,RAW_CLOSE,756936.37,3064772.952,CNY
300144,XSHE,2021-01-27,15.84,16.78,15.84,16.61,,RAW_CLOSE,386229.36,634160.957,CNY
300274,XSHE,2021-01-27,97.89,104.5,92.51,104.5,,RAW_CLOSE,721149.34,7084138.574,CNY
300347,XSHE,2021-01-27,174.6,177.32,169.15,170.62,,RAW_CLOSE,95499.92,1647753.994,CNY
300408,XSHE,2021-01-27,41.51,41.83,40.37,41.08,,RAW_CLOSE,187883.78,772362.608,CNY
300413,XSHE,2021-01-27,85.33,86.36,82.9,84.15,,RAW_CLOSE,96430.09,815961.527,CNY
300433,XSHE,2021-01-27,35.5,36.35,34.5,35.07,,RAW_CLOSE,631734.77,2232205.327,CNY
300498,XSHE,2021-01-27,18.2,18.44,18.08,18.15,,RAW_CLOSE,291765.06,531150.966,CNY
300529,XSHE,2021-01-27,85.1722,85.1722,79.175,81.0219,,RAW_CLOSE,62910.69,513101.96,CNY
600000,XSHG,2021-01-27,9.67,9.88,9.66,9.73,,RAW_CLOSE,551744.57,539658.292,CNY
600009,XSHG,2021-01-27,72.05,76.71,70.98,76.5,,RAW_CLOSE,349361.21,2581884.877,CNY
600010,XSHG,2021-01-27,1.17,1.18,1.16,1.17,,RAW_CLOSE,2683655.33,312540.926,CNY
600011,XSHG,2021-01-27,4.28,4.34,4.24,4.25,,RAW_CLOSE,313177.92,133859.591,CNY
600015,XSHG,2021-01-27,6.08,6.17,6.08,6.09,,RAW_CLOSE,256848.18,157226.491,CNY
600016,XSHG,2021-01-27,5.15,5.19,5.13,5.14,,RAW_CLOSE,784751.12,404660.884,CNY
600018,XSHG,2021-01-27,4.49,4.56,4.48,4.52,,RAW_CLOSE,218850.02,98998.084,CNY
600019,XSHG,2021-01-27,7.05,7.2,6.93,6.98,,RAW_CLOSE,1507246.24,1060304.24,CNY
600025,XSHG,2021-01-27,4.35,4.43,4.34,4.42,,RAW_CLOSE,259878.51,114261.556,CNY
600028,XSHG,2021-01-27,4.03,4.07,4.02,4.03,,RAW_CLOSE,993790.06,401376.447,CNY
600029,XSHG,2021-01-27,5.65,5.82,5.62,5.73,,RAW_CLOSE,484974.54,277654.613,CNY
600030,XSHG,2021-01-27,28.77,28.97,28.57,28.71,,RAW_CLOSE,1006888.86,2896690.373,CNY
600031,XSHG,2021-01-27,41.0,42.57,40.81,42.4,,RAW_CLOSE,1122314.97,4719968.485,CNY
600036,XSHG,2021-01-27,51.61,52.9,51.61,52.0,,RAW_CLOSE,609231.56,3187049.336,CNY
600048,XSHG,2021-01-27,14.61,14.76,14.25,14.37,,RAW_CLOSE,941819.9,1361236.418,CNY
600050,XSHG,2021-01-27,4.33,4.37,4.27,4.32,,RAW_CLOSE,939228.93,406167.814,CNY
600061,XSHG,2021-01-27,13.12,13.21,13.04,13.08,,RAW_CLOSE,141714.38,185696.023,CNY
600079,XSHG,2021-01-27,30.62,31.48,30.51,30.76,,RAW_CLOSE,116764.6,361327.875,CNY
600085,XSHG,2021-01-27,24.25,24.5,24.12,24.16,,RAW_CLOSE,73687.91,178750.602,CNY
600104,XSHG,2021-01-27,22.94,23.48,22.74,23.37,,RAW_CLOSE,605755.21,1400943.581,CNY
600109,XSHG,2021-01-27,14.36,14.69,14.36,14.49,,RAW_CLOSE,389295.65,566159.262,CNY
600111,XSHG,2021-01-27,18.39,18.39,17.0,18.0,,RAW_CLOSE,2857181.76,5019358.893,CNY
600115,XSHG,2021-01-27,4.52,4.58,4.5,4.54,,RAW_CLOSE,265267.39,120262.053,CNY
600118,XSHG,2021-01-27,34.25,35.09,34.15,34.3,,RAW_CLOSE,198618.55,686721.017,CNY
600132,XSHG,2021-01-27,131.99,133.24,129.3,131.82,,RAW_CLOSE,22622.3,297494.767,CNY
600143,XSHG,2021-01-27,25.1948,28.1131,25.01,28.1131,,RAW_CLOSE,1696601.09,4659379.931,CNY
600150,XSHG,2021-01-27,17.11,17.35,17.08,17.18,,RAW_CLOSE,63192.26,108495.356,CNY
600161,XSHG,2021-01-27,39.33,40.0,38.4,38.58,,RAW_CLOSE,88211.05,343210.846,CNY
600176,XSHG,2021-01-27,23.95,24.55,23.25,24.55,,RAW_CLOSE,369121.96,887298.098,CNY
600183,XSHG,2021-01-27,25.83,26.4,25.62,26.28,,RAW_CLOSE,398137.53,1035500.975,CNY
600196,XSHG,2021-01-27,49.84,49.84,48.27,48.98,,RAW_CLOSE,346965.23,1695345.592,CNY
600233,XSHG,2021-01-27,11.87,11.93,11.57,11.59,,RAW_CLOSE,153305.29,179226.494,CNY
600276,XSHG,2021-01-27,107.7,108.18,105.5,106.62,,RAW_CLOSE,230270.45,2461916.682,CNY
600299,XSHG,2021-01-27,12.79,12.93,12.47,12.72,,RAW_CLOSE,91408.71,115696.634,CNY
600309,XSHG,2021-01-27,116.6482,117.508,111.0149,113.96,,RAW_CLOSE,184565.84,2125884.031,CNY
600332,XSHG,2021-01-27,28.79,29.05,28.7,29.03,,RAW_CLOSE,36788.43,106330.647,CNY
600340,XSHG,2021-01-27,10.06,10.11,9.66,9.68,,RAW_CLOSE,502879.1,495078.92,CNY
600352,XSHG,2021-01-27,14.48,14.72,14.32,14.53,,RAW_CLOSE,402583.36,585155.926,CNY
600362,XSHG,2021-01-27,21.17,21.4,20.33,20.87,,RAW_CLOSE,394599.3,819846.113,CNY
600383,XSHG,2021-01-27,11.67,11.8,11.23,11.34,,RAW_CLOSE,528294.19,605385.18,CNY
600406,XSHG,2021-01-27,30.64,31.5,30.2,31.41,,RAW_CLOSE,205403.17,636027.809,CNY
600426,XSHG,2021-01-27,41.59,43.4,40.96,41.83,,RAW_CLOSE,156314.69,654926.656,CNY
600436,XSHG,2021-01-27,297.55,299.7,290.0,295.38,,RAW_CLOSE,30152.44,890026.535,CNY
600438,XSHG,2021-01-27,45.4,50.4,43.77,50.4,,RAW_CLOSE,1681118.48,7940495.912,CNY
600482,XSHG,2021-01-27,18.35,18.74,18.11,18.21,,RAW_CLOSE,53862.08,99568.196,CNY
600489,XSHG,2021-01-27,8.38,8.42,8.2,8.28,,RAW_CLOSE,330006.73,274618.758,CNY
600519,XSHG,2021-01-27,2141.89,2141.89,2085.0,2089.0,,RAW_CLOSE,37120.17,7809446.387,CNY
600521,XSHG,2021-01-27,26.52,26.77,25.91,26.0,,RAW_CLOSE,138489.22,363027.534,CNY
600522,XSHG,2021-01-27,10.5531,10.7115,10.5531,10.6422,,RAW_CLOSE,254928.36,273933.672,CNY
600547,XSHG,2021-01-27,22.5,22.76,22.21,22.23,,RAW_CLOSE,274158.47,615621.202,CNY
600570,XSHG,2021-01-27,93.4,96.5,92.6,95.66,,RAW_CLOSE,145966.83,1383675.174,CNY
600584,XSHG,2021-01-27,46.6,46.96,43.13,44.08,,RAW_CLOSE,1039422.57,4608332.934,CNY
600585,XSHG,2021-01-27,51.98,52.79,51.55,51.7,,RAW_CLOSE,359099.59,1869223.289,CNY
600588,XSHG,2021-01-27,49.6363,51.0374,48.9407,49.3282,,RAW_CLOSE,265202.32,1329214.26,CNY
600606,XSHG,2021-01-27,5.6,5.65,5.54,5.55,,RAW_CLOSE,319650.98,178598.687,CNY
600655,XSHG,2021-01-27,11.06,11.2,10.86,10.94,,RAW_CLOSE,367809.61,404378.443,CNY
600660,XSHG,2021-01-27,60.3,62.62,58.98,62.61,,RAW_CLOSE,352148.1,2165092.821,CNY
600690,XSHG,2021-01-27,33.1,34.3,32.8,33.7,,RAW_CLOSE,505013.97,1698112.268,CNY
600703,XSHG,2021-01-27,31.0,31.4,30.25,31.08,,RAW_CLOSE,755047.03,2333062.242,CNY
600705,XSHG,2021-01-27,4.19,4.25,4.15,4.17,,RAW_CLOSE,453741.93,190157.304,CNY
600741,XSHG,2021-01-27,30.79,30.84,29.51,30.32,,RAW_CLOSE,144550.42,436492.166,CNY
600745,XSHG,2021-01-27,115.8,118.42,113.91,116.86,,RAW_CLOSE,154438.09,1801650.694,CNY
600760,XSHG,2021-01-27,80.1,82.48,78.79,80.59,,RAW_CLOSE,190130.31,1530008.439,CNY
600763,XSHG,2021-01-27,316.0,323.99,306.32,313.36,,RAW_CLOSE,24847.39,779830.11,CNY
600795,XSHG,2021-01-27,2.05,2.07,2.05,2.05,,RAW_CLOSE,258264.07,53149.254,CNY
600809,XSHG,2021-01-27,361.0,369.2,350.32,363.0,,RAW_CLOSE,59937.91,2161534.111,CNY
600837,XSHG,2021-01-27,12.39,12.39,12.21,12.26,,RAW_CLOSE,463058.27,568929.634,CNY
600845,XSHG,2021-01-27,64.04,66.66,63.88,66.5,,RAW_CLOSE,64206.61,421907.634,CNY
600848,XSHG,2021-01-27,19.48,19.55,19.26,19.32,,RAW_CLOSE,21065.65,40727.077,CNY
600887,XSHG,2021-01-27,47.19,47.2,45.21,46.21,,RAW_CLOSE,827595.01,3802346.331,CNY
600893,XSHG,2021-01-27,65.5,66.47,63.21,65.18,,RAW_CLOSE,730760.74,4736238.349,CNY
600900,XSHG,2021-01-27,19.01,19.24,18.98,19.16,,RAW_CLOSE,395829.42,758079.607,CNY
600919,XSHG,2021-01-27,5.47,5.62,5.47,5.54,,RAW_CLOSE,922103.52,512510.122,CNY
600926,XSHG,2021-01-27,14.41,14.98,14.37,14.88,,RAW_CLOSE,353462.71,524960.168,CNY
600958,XSHG,2021-01-27,10.28,10.38,10.16,10.21,,RAW_CLOSE,352941.48,362947.864,CNY
600989,XSHG,2021-01-27,16.67,17.02,16.15,16.65,,RAW_CLOSE,708900.2,1174776.143,CNY
600999,XSHG,2021-01-27,25.09,25.77,25.09,25.27,,RAW_CLOSE,408159.08,1039737.389,CNY
601006,XSHG,2021-01-27,6.44,6.5,6.42,6.44,,RAW_CLOSE,250348.16,161428.543,CNY
601009,XSHG,2021-01-27,8.13,8.3,8.1,8.12,,RAW_CLOSE,482951.27,395455.56,CNY
601012,XSHG,2021-01-27,113.5,123.0,111.8,123.0,,RAW_CLOSE,988605.11,11587186.543,CNY
601021,XSHG,2021-01-27,58.8,59.19,56.52,59.19,,RAW_CLOSE,77512.16,449514.549,CNY
601066,XSHG,2021-01-27,40.03,40.46,39.6,39.82,,RAW_CLOSE,184904.24,739244.623,CNY
601088,XSHG,2021-01-27,18.01,18.32,17.94,18.1,,RAW_CLOSE,244961.55,443931.033,CNY
601100,XSHG,2021-01-27,122.84,124.31,118.56,121.35,,RAW_CLOSE,66747.88,806453.236,CNY
601108,XSHG,2021-01-27,10.89,11.14,10.89,10.99,,RAW_CLOSE,307703.35,339290.298,CNY
601111,XSHG,2021-01-27,7.01,7.16,6.98,7.11,,RAW_CLOSE,555897.98,393303.477,CNY
601138,XSHG,2021-01-27,14.95,15.18,14.75,14.86,,RAW_CLOSE,361201.21,538605.01,CNY
601155,XSHG,2021-01-27,46.77,47.67,46.0,46.98,,RAW_CLOSE,121771.95,571326.024,CNY
601162,XSHG,2021-01-27,5.39,5.45,5.38,5.41,,RAW_CLOSE,447313.89,242137.139,CNY
601166,XSHG,2021-01-27,22.99,23.85,22.96,23.45,,RAW_CLOSE,1213442.57,2850648.248,CNY
601169,XSHG,2021-01-27,4.76,4.83,4.76,4.78,,RAW_CLOSE,582055.2,279079.695,CNY
601186,XSHG,2021-01-27,7.9,8.01,7.89,7.92,,RAW_CLOSE,368080.7,292381.749,CNY
601211,XSHG,2021-01-27,16.85,17.04,16.81,16.84,,RAW_CLOSE,289294.44,488237.173,CNY
601216,XSHG,2021-01-27,4.58,4.85,4.52,4.85,,RAW_CLOSE,3135098.81,1499192.112,CNY
601225,XSHG,2021-01-27,10.87,11.46,10.84,11.25,,RAW_CLOSE,779756.71,879272.851,CNY
601229,XSHG,2021-01-27,8.06,8.24,8.04,8.07,,RAW_CLOSE,386535.6,314409.815,CNY
601231,XSHG,2021-01-27,17.3,17.49,16.91,17.22,,RAW_CLOSE,150821.71,259413.838,CNY
601236,XSHG,2021-01-27,15.3369,15.663,15.159,15.2578,,RAW_CLOSE,110961.73,172793.115,CNY
601238,XSHG,2021-01-27,11.15,11.35,10.88,11.25,,RAW_CLOSE,439149.32,487357.649,CNY
601288,XSHG,2021-01-27,3.14,3.17,3.13,3.15,,RAW_CLOSE,1673167.87,527768.283,CNY
601318,XSHG,2021-01-27,81.4647,82.3777,81.072,81.5236,,RAW_CLOSE,682737.75,5679886.869,CNY
601319,XSHG,2021-01-27,6.15,6.18,6.13,6.16,,RAW_CLOSE,233652.13,143820.601,CNY
601328,XSHG,2021-01-27,4.48,4.52,4.46,4.48,,RAW_CLOSE,882590.6,396795.737,CNY
601336,XSHG,2021-01-27,50.62,51.49,50.6,50.83,,RAW_CLOSE,106623.56,543489.23,CNY
601360,XSHG,2021-01-27,17.05,17.88,16.95,17.8,,RAW_CLOSE,478047.2,841302.657,CNY
601377,XSHG,2021-01-27,8.61,8.7,8.39,8.4,,RAW_CLOSE,1243769.49,1060842.208,CNY
601390,XSHG,2021-01-27,5.44,5.56,5.43,5.46,,RAW_CLOSE,738964.69,406236.818,CNY
601398,XSHG,2021-01-27,5.04,5.15,5.03,5.07,,RAW_CLOSE,3709866.33,1891316.03,CNY
601555,XSHG,2021-01-27,8.7,8.83,8.65,8.71,,RAW_CLOSE,229273.65,200481.947,CNY
601600,XSHG,2021-01-27,3.39,3.41,3.33,3.33,,RAW_CLOSE,834152.38,279691.497,CNY
601601,XSHG,2021-01-27,37.49,38.62,37.4,38.05,,RAW_CLOSE,376400.42,1438142.922,CNY
601607,XSHG,2021-01-27,18.67,18.78,18.61,18.75,,RAW_CLOSE,82358.89,153877.392,CNY
601618,XSHG,2021-01-27,2.9,2.96,2.89,2.95,,RAW_CLOSE,1487253.77,434850.948,CNY
601628,XSHG,2021-01-27,37.65,38.29,37.55,37.75,,RAW_CLOSE,122919.41,465880.711,CNY
601633,XSHG,2021-01-27,43.0736,43.5687,40.0436,41.7963,,RAW_CLOSE,476470.62,2007914.875,CNY
601668,XSHG,2021-01-27,4.88,4.94,4.88,4.89,,RAW_CLOSE,1233086.71,604200.821,CNY
601669,XSHG,2021-01-27,3.88,3.93,3.86,3.87,,RAW_CLOSE,427580.17,166274.2,CNY
601688,XSHG,2021-01-27,17.99,18.25,17.75,17.84,,RAW_CLOSE,706208.45,1269677.647,CNY
601698,XSHG,2021-01-27,17.34,17.53,17.14,17.43,,RAW_CLOSE,94575.7,164204.845,CNY
601727,XSHG,2021-01-27,5.46,5.52,5.43,5.51,,RAW_CLOSE,681367.71,373187.555,CNY
601766,XSHG,2021-01-27,6.51,6.93,6.46,6.76,,RAW_CLOSE,3590382.0,2427030.223,CNY
601788,XSHG,2021-01-27,16.85,17.19,16.6,16.66,,RAW_CLOSE,391252.78,660909.388,CNY
601799,XSHG,2021-01-27,217.88,219.9,214.6,215.12,,RAW_CLOSE,14533.86,314554.499,CNY
601800,XSHG,2021-01-27,7.14,7.22,7.13,7.14,,RAW_CLOSE,189651.42,135864.797,CNY
601808,XSHG,2021-01-27,15.26,15.81,15.23,15.43,,RAW_CLOSE,125868.38,195285.458,CNY
601818,XSHG,2021-01-27,4.07,4.19,4.07,4.11,,RAW_CLOSE,1620811.76,671102.779,CNY
601838,XSHG,2021-01-27,10.12,10.68,10.08,10.39,,RAW_CLOSE,441102.55,460731.579,CNY
601857,XSHG,2021-01-27,4.16,4.18,4.14,4.15,,RAW_CLOSE,720895.55,299821.189,CNY
601872,XSHG,2021-01-27,5.47,5.52,5.4,5.48,,RAW_CLOSE,331247.7,180722.368,CNY
601877,XSHG,2021-01-27,40.32,40.65,38.6,40.49,,RAW_CLOSE,200833.16,802443.661,CNY
601878,XSHG,2021-01-27,13.11,13.74,13.11,13.31,,RAW_CLOSE,590172.85,791300.08,CNY
601881,XSHG,2021-01-27,11.09,11.19,11.05,11.07,,RAW_CLOSE,200891.46,223291.192,CNY
601888,XSHG,2021-01-27,299.1,299.1,283.03,297.0,,RAW_CLOSE,132331.97,3844437.373,CNY
601899,XSHG,2021-01-27,10.79,10.92,10.15,10.42,,RAW_CLOSE,2645933.33,2751539.537,CNY
601901,XSHG,2021-01-27,8.9,9.09,8.76,9.04,,RAW_CLOSE,640087.74,573735.102,CNY
601919,XSHG,2021-01-27,14.09,14.5,13.24,14.48,,RAW_CLOSE,1791586.08,2492886.219,CNY
601933,XSHG,2021-01-27,6.98,7.09,6.95,7.0,,RAW_CLOSE,506719.87,355552.514,CNY
601939,XSHG,2021-01-27,6.65,6.86,6.64,6.73,,RAW_CLOSE,1463140.98,990314.807,CNY
601985,XSHG,2021-01-27,5.03,5.09,4.99,5.03,,RAW_CLOSE,544346.12,274070.211,CNY
601988,XSHG,2021-01-27,3.17,3.2,3.16,3.17,,RAW_CLOSE,1019234.4,324555.194,CNY
601989,XSHG,2021-01-27,4.1,4.13,4.08,4.08,,RAW_CLOSE,527787.21,216749.491,CNY
601998,XSHG,2021-01-27,5.2,5.29,5.16,5.24,,RAW_CLOSE,532275.83,279323.806,CNY
603019,XSHG,2021-01-27,32.5,32.97,32.13,32.44,,RAW_CLOSE,180391.67,586641.865,CNY
603160,XSHG,2021-01-27,147.99,148.8,144.58,144.8,,RAW_CLOSE,28362.57,412361.612,CNY
603233,XSHG,2021-01-27,102.29,105.29,97.12,101.1,,RAW_CLOSE,42098.58,423412.821,CNY
603259,XSHG,2021-01-27,172.54,172.56,165.76,169.25,,RAW_CLOSE,162323.67,2742517.486,CNY
603288,XSHG,2021-01-27,156.5962,157.5137,151.8555,152.6201,,RAW_CLOSE,49285.01,988938.618,CNY
603338,XSHG,2021-01-27,119.99,124.2,119.0,121.28,,RAW_CLOSE,47636.52,578990.711,CNY
603501,XSHG,2021-01-27,308.0,312.8,301.77,310.16,,RAW_CLOSE,107201.51,3311747.228,CNY
603517,XSHG,2021-01-27,83.0,84.42,81.34,84.04,,RAW_CLOSE,51707.99,428730.427,CNY
603659,XSHG,2021-01-27,72.3182,73.7418,70.5458,72.9517,,RAW_CLOSE,36533.13,370860.907,CNY
603799,XSHG,2021-01-27,100.0,107.0,94.51,107.0,,RAW_CLOSE,584628.9,5932644.892,CNY
603806,XSHG,2021-01-27,107.0,110.58,105.04,109.67,,RAW_CLOSE,69757.67,751630.446,CNY
603833,XSHG,2021-01-27,152.01,159.55,149.38,150.7,,RAW_CLOSE,36807.92,564059.757,CNY
603882,XSHG,2021-01-27,169.24,175.0,165.0,171.04,,RAW_CLOSE,90048.73,1530534.102,CNY
603899,XSHG,2021-01-27,94.916,97.4319,93.1758,94.9657,,RAW_CLOSE,34817.27,332467.199,CNY
603939,XSHG,2021-01-27,102.08,105.62,99.61,104.01,,RAW_CLOSE,37266.45,383724.686,CNY
603986,XSHG,2021-01-27,197.0,197.2,188.16,190.68,,RAW_CLOSE,113041.97,2170521.515,CNY
603993,XSHG,2021-01-27,6.3,6.47,6.0,6.37,,RAW_CLOSE,3971862.68,2473011.554,CNY
000001,XSHE,2021-01-28,22.6023,22.9992,22.2749,22.6321,,RAW_CLOSE,857476.96,1948881.146,CNY
000002,XSHE,2021-01-28,29.05,29.07,28.22,28.43,,RAW_CLOSE,786041.39,2240534.518,CNY
000063,XSHE,2021-01-28,33.5,33.5,32.2,32.52,,RAW_CLOSE,822462.04,2687133.488,CNY
000066,XSHE,2021-01-28,17.51,18.02,17.22,17.54,,RAW_CLOSE,490309.0,869067.043,CNY
000069,XSHE,2021-01-28,6.85,6.87,6.66,6.69,,RAW_CLOSE,426435.56,287416.608,CNY
000100,XSHE,2021-01-28,9.19,9.4,8.77,8.88,,RAW_CLOSE,5566997.83,5038385.648,CNY
000157,XSHE,2021-01-28,11.8,12.13,11.64,11.86,,RAW_CLOSE,1252092.45,1480329.117,CNY
000166,XSHE,2021-01-28,4.75,4.76,4.66,4.7,,RAW_CLOSE,680457.78,320097.667,CNY
000333,XSHE,2021-01-28,96.53,96.99,94.5,95.16,,RAW_CLOSE,310572.14,2959282.874,CNY
000338,XSHE,2021-01-28,19.6,19.96,19.4,19.53,,RAW_CLOSE,1202743.26,2361851.827,CNY
000425,XSHE,2021-01-28,5.5,5.55,5.28,5.37,,RAW_CLOSE,1071283.64,579042.118,CNY
000538,XSHE,2021-01-28,132.51,134.49,130.99,132.0,,RAW_CLOSE,53328.47,707594.11,CNY
000568,XSHE,2021-01-28,247.98,255.99,245.58,250.0,,RAW_CLOSE,132783.73,3328071.267,CNY
000596,XSHE,2021-01-28,246.1,252.99,242.04,251.0,,RAW_CLOSE,30933.62,770784.536,CNY
000625,XSHE,2021-01-28,17.92,18.09,17.44,17.54,,RAW_CLOSE,1023803.08,1818406.419,CNY
000651,XSHE,2021-01-28,58.64,58.7,57.23,57.29,,RAW_CLOSE,522870.08,3018505.33,CNY
000656,XSHE,2021-01-28,6.96,6.96,6.77,6.8,,RAW_CLOSE,233607.9,159704.524,CNY
000661,XSHE,2021-01-28,474.8,474.8,456.0,458.18,,RAW_CLOSE,34644.96,1609534.297,CNY
000703,XSHE,2021-01-28,13.2,13.47,12.67,12.89,,RAW_CLOSE,655773.94,852394.915,CNY
000725,XSHE,2021-01-28,6.79,6.84,6.36,6.38,,RAW_CLOSE,15036770.81,9926398.663,CNY
000728,XSHE,2021-01-28,8.0,8.12,7.95,8.06,,RAW_CLOSE,291976.17,234879.791,CNY
000768,XSHE,2021-01-28,32.45,33.43,32.09,32.46,,RAW_CLOSE,268859.76,880014.121,CNY
000776,XSHE,2021-01-28,16.18,16.44,16.12,16.22,,RAW_CLOSE,602772.33,978507.217,CNY
000783,XSHE,2021-01-28,7.71,7.78,7.65,7.69,,RAW_CLOSE,263640.91,203095.545,CNY
000786,XSHE,2021-01-28,49.5,52.83,49.18,49.95,,RAW_CLOSE,236637.79,1207620.471,CNY
000858,XSHE,2021-01-28,288.23,292.0,283.0,286.0,,RAW_CLOSE,276077.57,7911157.526,CNY
000876,XSHE,2021-01-28,22.7,22.71,21.9,22.03,,RAW_CLOSE,459104.48,1019738.299,CNY
000895,XSHE,2021-01-28,47.06,47.5,46.02,46.66,,RAW_CLOSE,123076.21,577317.708,CNY
000938,XSHE,2021-01-28,21.91,22.15,20.96,21.0,,RAW_CLOSE,470913.74,1007991.402,CNY
000963,XSHE,2021-01-28,26.66,26.78,26.08,26.15,,RAW_CLOSE,156381.38,411636.726,CNY
001979,XSHE,2021-01-28,12.17,12.26,11.89,11.93,,RAW_CLOSE,157079.43,188641.987,CNY
002001,XSHE,2021-01-28,38.8,39.14,37.18,37.4,,RAW_CLOSE,274151.83,1041283.511,CNY
002007,XSHE,2021-01-28,47.01,48.32,45.95,45.99,,RAW_CLOSE,277039.32,1296903.243,CNY
002008,XSHE,2021-01-28,45.5373,46.1935,44.0161,44.0459,,RAW_CLOSE,388430.0,1753051.733,CNY
002024,XSHE,2021-01-28,7.0,7.05,6.92,6.93,,RAW_CLOSE,383769.9,267842.914,CNY
002027,XSHE,2021-01-28,11.16,11.22,10.7,11.0,,RAW_CLOSE,1445328.21,1581991.611,CNY
002032,XSHE,2021-01-28,79.86,80.0,77.6,78.41,,RAW_CLOSE,17287.96,135472.411,CNY
002044,XSHE,2021-01-28,14.51,14.76,13.68,13.85,,RAW_CLOSE,490409.42,693081.536,CNY
002049,XSHE,2021-01-28,126.5,127.25,122.05,122.11,,RAW_CLOSE,88804.39,1105608.579,CNY
002050,XSHE,2021-01-28,23.8048,23.8048,23.2121,23.2714,,RAW_CLOSE,222574.78,528015.504,CNY
002120,XSHE,2021-01-28,18.03,18.28,17.2,17.41,,RAW_CLOSE,276657.69,492319.05,CNY
002129,XSHE,2021-01-28,30.48,30.85,28.65,29.01,,RAW_CLOSE,934919.2,2785078.397,CNY
002142,XSHE,2021-01-28,38.9,39.08,37.9,38.45,,RAW_CLOSE,314779.87,1212095.558,CNY
002153,XSHE,2021-01-28,33.37,33.5,31.52,31.92,,RAW_CLOSE,61650.94,199738.209,CNY
002179,XSHE,2021-01-28,70.0,72.68,68.8,70.71,,RAW_CLOSE,123477.63,876786.576,CNY
002202,XSHE,2021-01-28,15.8,15.93,14.9,14.99,,RAW_CLOSE,1414839.86,2162775.541,CNY
002230,XSHE,2021-01-28,48.0,48.21,46.42,46.75,,RAW_CLOSE,636883.35,3012173.446,CNY
002236,XSHE,2021-01-28,25.2137,25.9946,23.573,23.662,,RAW_CLOSE,937855.78,2329832.532,CNY
002241,XSHE,2021-01-28,37.47,37.86,34.65,34.65,,RAW_CLOSE,1740255.48,6243363.85,CNY
002252,XSHE,2021-01-28,7.69,7.7,7.46,7.47,,RAW_CLOSE,301388.9,227755.069,CNY
002271,XSHE,2021-01-28,48.52,49.25,47.28,47.7,,RAW_CLOSE,210689.26,1011983.402,CNY
002304,XSHE,2021-01-28,202.0,210.1,201.0,202.46,,RAW_CLOSE,97628.47,1996035.955,CNY
002311,XSHE,2021-01-28,66.02,66.43,64.38,64.58,,RAW_CLOSE,91497.85,595734.114,CNY
002352,XSHE,2021-01-28,98.49,98.9874,96.3113,96.6794,,RAW_CLOSE,149642.16,1464026.268,CNY
002371,XSHE,2021-01-28,213.6,214.28,199.38,200.73,,RAW_CLOSE,96753.63,1982693.472,CNY
002384,XSHE,2021-01-28,22.6,22.75,22.1,22.17,,RAW_CLOSE,289123.2,646748.38,CNY
002410,XSHE,2021-01-28,81.7125,83.4861,79.7098,80.3575,,RAW_CLOSE,80103.24,651440.996,CNY
002414,XSHE,2021-01-28,44.68,45.94,42.81,43.18,,RAW_CLOSE,147093.35,648036.432,CNY
002415,XSHE,2021-01-28,67.5,67.5,62.17,63.95,,RAW_CLOSE,846185.66,5470475.334,CNY
002456,XSHE,2021-01-28,10.29,10.58,10.08,10.13,,RAW_CLOSE,983725.92,1011678.981,CNY
002460,XSHE,2021-01-28,131.99,136.49,128.18,129.34,,RAW_CLOSE,296477.45,3909134.844,CNY
002463,XSHE,2021-01-28,18.23,18.29,17.84,17.86,,RAW_CLOSE,202382.5,364957.633,CNY
002475,XSHE,2021-01-28,53.5,53.5,50.04,50.35,,RAW_CLOSE,1228387.21,6301783.109,CNY
002493,XSHE,2021-01-28,35.03,36.07,33.63,34.01,,RAW_CLOSE,480813.05,1660344.761,CNY
002508,XSHE,2021-01-28,41.5,41.78,39.33,39.7,,RAW_CLOSE,116265.68,469138.908,CNY
002555,XSHE,2021-01-28,35.09,35.66,33.5,33.87,,RAW_CLOSE,873551.9,3024957.097,CNY
002558,XSHE,2021-01-28,17.99,18.69,17.8,17.95,,RAW_CLOSE,154270.26,281143.395,CNY
002594,XSHE,2021-01-28,245.97,252.5,242.98,244.36,,RAW_CLOSE,326461.75,8081858.717,CNY
002601,XSHE,2021-01-28,40.0054,40.1222,36.967,38.1453,,RAW_CLOSE,340946.3,1332001.67,CNY
002602,XSHE,2021-01-28,6.4,6.95,6.37,6.61,,RAW_CLOSE,1279917.79,855313.118,CNY
002607,XSHE,2021-01-28,38.47,41.1,38.35,39.3,,RAW_CLOSE,248923.78,987283.632,CNY
002624,XSHE,2021-01-28,28.12,28.89,27.24,27.73,,RAW_CLOSE,840414.84,2359123.068,CNY
002673,XSHE,2021-01-28,9.81,10.17,9.73,10.06,,RAW_CLOSE,636758.85,636343.93,CNY
002714,XSHE,2021-01-28,91.01,95.43,88.48,92.83,,RAW_CLOSE,492018.81,4537761.173,CNY
002736,XSHE,2021-01-28,12.5,12.67,12.46,12.59,,RAW_CLOSE,139411.11,175153.069,CNY
002739,XSHE,2021-01-28,20.6,21.14,19.93,20.32,,RAW_CLOSE,602515.95,1232716.0,CNY
002773,XSHE,2021-01-28,40.29,41.3,39.91,40.59,,RAW_CLOSE,43364.59,176802.013,CNY
002812,XSHE,2021-01-28,133.9184,137.4034,131.8713,132.81,,RAW_CLOSE,64955.67,872587.46,CNY
002821,XSHE,2021-01-28,309.33,315.3,299.33,300.4,,RAW_CLOSE,27135.5,830396.749,CNY
002841,XSHE,2021-01-28,133.0,144.26,131.45,136.5,,RAW_CLOSE,48525.19,660562.335,CNY
002916,XSHE,2021-01-28,116.02,117.77,110.99,111.05,,RAW_CLOSE,76250.35,866651.346,CNY
002938,XSHE,2021-01-28,42.0,42.47,41.04,41.22,,RAW_CLOSE,101485.28,420897.985,CNY
002939,XSHE,2021-01-28,11.79,11.99,11.73,11.85,,RAW_CLOSE,113619.69,134864.122,CNY
002945,XSHE,2021-01-28,13.6614,13.9292,13.6018,13.7507,,RAW_CLOSE,111671.66,154868.005,CNY
300003,XSHE,2021-01-28,27.39,27.44,26.31,26.58,,RAW_CLOSE,421531.1,1131482.313,CNY
300014,XSHE,2021-01-28,110.77,111.96,105.8,109.0,,RAW_CLOSE,316236.94,3457273.214,CNY
300015,XSHE,2021-01-28,80.58,81.66,78.68,78.91,,RAW_CLOSE,252991.89,2022688.286,CNY
300033,XSHE,2021-01-28,121.4136,123.6122,119.6013,119.7103,,RAW_CLOSE,51412.67,629551.96,CNY
300059,XSHE,2021-01-28,36.62,37.28,36.15,36.2,,RAW_CLOSE,2752711.11,10038995.659,CNY
300122,XSHE,2021-01-28,162.44,169.89,158.9,159.99,,RAW_CLOSE,142015.73,2328064.221,CNY
300124,XSHE,2021-01-28,99.86,99.9,91.5,94.41,,RAW_CLOSE,177115.46,1677964.184,CNY
300136,XSHE,2021-01-28,34.0,34.1,31.79,31.79,,RAW_CLOSE,733851.68,2404586.666,CNY
300142,XSHE,2021-01-28,42.0,43.98,40.92,41.8,,RAW_CLOSE,990438.55,4188913.883,CNY
300144,XSHE,2021-01-28,16.49,16.76,15.81,15.91,,RAW_CLOSE,440465.64,712523.408,CNY
300274,XSHE,2021-01-28,99.01,103.4,99.0,99.59,,RAW_CLOSE,478170.06,4815718.898,CNY
300347,XSHE,2021-01-28,167.21,175.06,167.01,167.9,,RAW_CLOSE,79574.09,1357820.378,CNY
300408,XSHE,2021-01-28,40.22,40.6,39.23,39.5,,RAW_CLOSE,173118.37,689190.667,CNY
300413,XSHE,2021-01-28,84.44,85.97,80.5,80.8,,RAW_CLOSE,98095.03,807722.871,CNY
300433,XSHE,2021-01-28,34.5,35.14,32.81,33.0,,RAW_CLOSE,852992.01,2874947.33,CNY
300498,XSHE,2021-01-28,17.99,17.99,17.45,17.47,,RAW_CLOSE,429990.77,758181.941,CNY
300529,XSHE,2021-01-28,80.1481,80.9424,77.3084,77.3679,,RAW_CLOSE,51001.29,406089.391,CNY
600000,XSHG,2021-01-28,9.73,9.74,9.61,9.66,,RAW_CLOSE,523609.24,506059.207,CNY
600009,XSHG,2021-01-28,75.01,77.48,75.01,75.8,,RAW_CLOSE,256987.93,1954227.389,CNY
600010,XSHG,2021-01-28,1.16,1.17,1.15,1.15,,RAW_CLOSE,2773976.53,320678.16,CNY
600011,XSHG,2021-01-28,4.23,4.26,4.16,4.2,,RAW_CLOSE,347695.09,146066.755,CNY
600015,XSHG,2021-01-28,6.07,6.08,6.04,6.07,,RAW_CLOSE,288859.47,175144.145,CNY
600016,XSHG,2021-01-28,5.13,5.14,5.08,5.12,,RAW_CLOSE,1163303.19,593851.384,CNY
600018,XSHG,2021-01-28,4.5,4.5,4.4,4.41,,RAW_CLOSE,352144.78,156373.755,CNY
600019,XSHG,2021-01-28,6.9,6.99,6.75,6.79,,RAW_CLOSE,1328638.86,909563.121,CNY
600025,XSHG,2021-01-28,4.39,4.54,4.38,4.49,,RAW_CLOSE,518373.18,232527.637,CNY
600028,XSHG,2021-01-28,4.01,4.03,3.96,3.98,,RAW_CLOSE,1351213.76,538458.502,CNY
600029,XSHG,2021-01-28,5.71,5.74,5.6,5.62,,RAW_CLOSE,265439.07,149924.488,CNY
600030,XSHG,2021-01-28,28.5,28.88,28.23,28.5,,RAW_CLOSE,1300526.9,3710540.069,CNY
600031,XSHG,2021-01-28,40.79,41.81,40.16,40.36,,RAW_CLOSE,986387.27,4042306.501,CNY
600036,XSHG,2021-01-28,51.0,51.75,50.8,51.61,,RAW_CLOSE,523869.51,2684963.891,CNY
600048,XSHG,2021-01-28,14.21,14.21,13.93,14.05,,RAW_CLOSE,914566.66,1284221.551,CNY
600050,XSHG,2021-01-28,4.29,4.3,4.21,4.24,,RAW_CLOSE,1067763.21,454394.054,CNY
600061,XSHG,2021-01-28,13.05,13.1,12.9,12.98,,RAW_CLOSE,169449.21,220253.529,CNY
600079,XSHG,2021-01-28,30.6,30.84,28.22,28.41,,RAW_CLOSE,233342.52,678798.283,CNY
600085,XSHG,2021-01-28,24.0,24.06,23.73,23.74,,RAW_CLOSE,80811.52,192712.993,CNY
600104,XSHG,2021-01-28,23.0,23.22,22.6,22.7,,RAW_CLOSE,545391.91,1246948.35,CNY
600109,XSHG,2021-01-28,14.34,14.67,14.21,14.57,,RAW_CLOSE,460332.23,667178.382,CNY
600111,XSHG,2021-01-28,17.42,18.57,17.42,17.63,,RAW_CLOSE,2264380.5,4081659.921,CNY
600115,XSHG,2021-01-28,4.53,4.53,4.46,4.49,,RAW_CLOSE,185638.82,83467.362,CNY
600118,XSHG,2021-01-28,34.2,34.97,33.66,34.05,,RAW_CLOSE,195822.02,674153.064,CNY
600132,XSHG,2021-01-28,130.03,133.3,128.56,131.03,,RAW_CLOSE,20076.37,263222.315,CNY
600143,XSHG,2021-01-28,28.2007,28.9497,26.4691,26.7026,,RAW_CLOSE,2036614.34,5790309.248,CNY
600150,XSHG,2021-01-28,17.17,17.17,16.44,16.51,,RAW_CLOSE,129245.57,216707.204,CNY
600161,XSHG,2021-01-28,38.34,39.08,38.0,38.14,,RAW_CLOSE,61045.16,234598.408,CNY
600176,XSHG,2021-01-28,23.76,23.96,22.69,23.11,,RAW_CLOSE,586409.93,1365551.713,CNY
600183,XSHG,2021-01-28,25.8,26.6,25.69,25.8,,RAW_CLOSE,326685.19,854094.47,CNY
600196,XSHG,2021-01-28,48.46,48.46,46.18,46.41,,RAW_CLOSE,396441.0,1866736.781,CNY
600233,XSHG,2021-01-28,11.59,11.63,11.35,11.37,,RAW_CLOSE,119060.92,136140.372,CNY
600276,XSHG,2021-01-28,106.55,107.99,103.38,104.66,,RAW_CLOSE,282737.48,2965224.339,CNY
600299,XSHG,2021-01-28,12.55,13.31,12.53,12.91,,RAW_CLOSE,156057.9,202349.685,CNY
600309,XSHG,2021-01-28,112.2009,114.5234,109.2064,110.0662,,RAW_CLOSE,161301.0,1818237.849,CNY
600332,XSHG,2021-01-28,28.83,28.83,28.35,28.43,,RAW_CLOSE,57496.93,164014.418,CNY
600340,XSHG,2021-01-28,9.54,9.86,9.25,9.45,,RAW_CLOSE,475631.22,452488.796,CNY
600352,XSHG,2021-01-28,14.3,14.36,13.8,13.84,,RAW_CLOSE,559584.98,784160.167,CNY
600362,XSHG,2021-01-28,19.82,20.26,19.31,19.39,,RAW_CLOSE,562944.97,1112439.888,CNY
600383,XSHG,2021-01-28,11.23,11.31,11.14,11.17,,RAW_CLOSE,271071.96,303915.875,CNY
600406,XSHG,2021-01-28,30.67,30.85,29.19,29.42,,RAW_CLOSE,287713.07,859643.976,CNY
600426,XSHG,2021-01-28,41.0,41.58,40.15,40.61,,RAW_CLOSE,147755.42,602262.585,CNY
600436,XSHG,2021-01-28,291.84,297.21,288.1,288.53,,RAW_CLOSE,35203.73,1028455.331,CNY
600438,XSHG,2021-01-28,49.5,51.49,48.09,49.19,,RAW_CLOSE,1704104.6,8454526.978,CNY
600482,XSHG,2021-01-28,17.97,18.6,17.91,18.43,,RAW_CLOSE,69045.87,126772.797,CNY
600489,XSHG,2021-01-28,8.2,8.5,8.12,8.27,,RAW_CLOSE,319128.12,265881.016,CNY
600519,XSHG,2021-01-28,2080.0,2109.66,2060.02,2088.0,,RAW_CLOSE,35128.64,7337084.455,CNY
600521,XSHG,2021-01-28,25.8,25.89,25.03,25.22,,RAW_CLOSE,150482.07,380926.251,CNY
600522,XSHG,2021-01-28,10.5531,10.5828,10.2957,10.3254,,RAW_CLOSE,373310.83,392807.737,CNY
600547,XSHG,2021-01-28,22.0,22.49,21.89,22.06,,RAW_CLOSE,197240.5,437065.684,CNY
600570,XSHG,2021-01-28,94.4,96.72,94.12,94.31,,RAW_CLOSE,103799.33,990019.219,CNY
600584,XSHG,2021-01-28,42.8,43.95,41.65,41.77,,RAW_CLOSE,688314.81,2941654.521,CNY
600585,XSHG,2021-01-28,51.21,51.39,50.52,50.8,,RAW_CLOSE,389442.3,1978888.037,CNY
600588,XSHG,2021-01-28,48.2848,48.7022,44.3994,44.8167,,RAW_CLOSE,422636.61,1962584.99,CNY
600606,XSHG,2021-01-28,5.51,5.52,5.41,5.43,,RAW_CLOSE,325962.79,177626.358,CNY
600655,XSHG,2021-01-28,10.76,11.03,10.58,10.66,,RAW_CLOSE,372774.74,401628.453,CNY
600660,XSHG,2021-01-28,61.0,61.95,58.8,59.2,,RAW_CLOSE,318127.04,1909814.739,CNY
600690,XSHG,2021-01-28,33.0,33.64,31.82,32.0,,RAW_CLOSE,483724.04,1562322.79,CNY
600703,XSHG,2021-01-28,30.4,31.05,29.66,29.97,,RAW_CLOSE,745345.42,2251378.874,CNY
600705,XSHG,2021-01-28,4.18,4.21,4.14,4.14,,RAW_CLOSE,442933.34,184467.416,CNY
600741,XSHG,2021-01-28,29.75,30.21,29.26,29.34,,RAW_CLOSE,148546.6,442266.511,CNY
600745,XSHG,2021-01-28,114.51,114.52,109.1,109.92,,RAW_CLOSE,230893.06,2564541.565,CNY
600760,XSHG,2021-01-28,78.7,81.31,77.37,78.32,,RAW_CLOSE,193746.84,1536292.429,CNY
600763,XSHG,2021-01-28,310.0,317.62,306.27,308.62,,RAW_CLOSE,20438.56,636322.267,CNY
600795,XSHG,2021-01-28,2.06,2.11,2.06,2.09,,RAW_CLOSE,632862.9,131973.718,CNY
600809,XSHG,2021-01-28,356.31,365.5,353.0,358.0,,RAW_CLOSE,48221.35,1731478.196,CNY
600837,XSHG,2021-01-28,12.2,12.31,12.15,12.27,,RAW_CLOSE,465673.89,569642.724,CNY
600845,XSHG,2021-01-28,65.47,67.71,65.09,65.7,,RAW_CLOSE,73942.77,488144.254,CNY
600848,XSHG,2021-01-28,19.33,19.79,19.33,19.57,,RAW_CLOSE,42255.3,82872.168,CNY
600887,XSHG,2021-01-28,45.6,45.88,43.68,44.04,,RAW_CLOSE,966818.32,4312064.396,CNY
600893,XSHG,2021-01-28,63.65,65.06,61.4,62.2,,RAW_CLOSE,611410.15,3858704.284,CNY
600900,XSHG,2021-01-28,19.55,20.26,19.36,20.0,,RAW_CLOSE,1090972.82,2164578.64,CNY
600919,XSHG,2021-01-28,5.5,5.52,5.42,5.45,,RAW_CLOSE,685397.73,374701.612,CNY
600926,XSHG,2021-01-28,14.77,14.95,14.45,14.54,,RAW_CLOSE,281114.45,412222.212,CNY
600958,XSHG,2021-01-28,10.11,10.32,10.07,10.21,,RAW_CLOSE,364295.58,372254.318,CNY
600989,XSHG,2021-01-28,16.49,16.8,15.73,15.81,,RAW_CLOSE,399766.81,649771.056,CNY
600999,XSHG,2021-01-28,24.84,25.67,24.23,25.3,,RAW_CLOSE,619996.29,1549700.724,CNY
601006,XSHG,2021-01-28,6.42,6.46,6.41,6.44,,RAW_CLOSE,324153.12,208436.365,CNY
601009,XSHG,2021-01-28,8.04,8.05,7.95,7.98,,RAW_CLOSE,522678.5,418078.829,CNY
601012,XSHG,2021-01-28,118.16,120.08,112.87,113.24,,RAW_CLOSE,920576.88,10692473.802,CNY
601021,XSHG,2021-01-28,57.72,59.77,57.72,58.5,,RAW_CLOSE,85138.86,500004.682,CNY
601066,XSHG,2021-01-28,39.5,41.62,39.2,40.78,,RAW_CLOSE,405025.36,1650414.151,CNY
601088,XSHG,2021-01-28,17.98,17.98,17.7,17.76,,RAW_CLOSE,269448.59,479768.358,CNY
601100,XSHG,2021-01-28,118.85,119.48,113.86,114.98,,RAW_CLOSE,85369.26,990089.937,CNY
601108,XSHG,2021-01-28,10.85,11.18,10.8,11.0,,RAW_CLOSE,398080.03,439590.116,CNY
601111,XSHG,2021-01-28,7.06,7.1,6.93,6.95,,RAW_CLOSE,425192.42,297549.2,CNY
601138,XSHG,2021-01-28,14.61,14.65,14.13,14.21,,RAW_CLOSE,472844.38,677107.023,CNY
601155,XSHG,2021-01-28,46.43,47.18,45.05,45.58,,RAW_CLOSE,134718.07,620742.489,CNY
601162,XSHG,2021-01-28,5.37,5.45,5.35,5.39,,RAW_CLOSE,537671.58,290236.11,CNY
601166,XSHG,2021-01-28,23.12,23.36,22.59,23.2,,RAW_CLOSE,1115353.22,2562094.718,CNY
601169,XSHG,2021-01-28,4.76,4.77,4.72,4.74,,RAW_CLOSE,491684.57,233149.197,CNY
601186,XSHG,2021-01-28,7.89,7.9,7.77,7.79,,RAW_CLOSE,559774.71,437170.178,CNY
601211,XSHG,2021-01-28,16.73,16.77,16.51,16.62,,RAW_CLOSE,382759.03,636465.762,CNY
601216,XSHG,2021-01-28,5.0,5.34,4.8,5.34,,RAW_CLOSE,5763851.59,2934823.868,CNY
601225,XSHG,2021-01-28,11.05,11.09,10.71,10.74,,RAW_CLOSE,569381.81,618755.842,CNY
601229,XSHG,2021-01-28,8.04,8.12,7.95,8.1,,RAW_CLOSE,322514.72,259200.192,CNY
601231,XSHG,2021-01-28,16.9,16.95,16.21,16.21,,RAW_CLOSE,222831.59,368636.988,CNY
601236,XSHG,2021-01-28,15.0997,15.3962,15.0404,15.2183,,RAW_CLOSE,99329.72,152776.571,CNY
601238,XSHG,2021-01-28,11.02,11.17,10.85,10.98,,RAW_CLOSE,354450.73,390285.445,CNY
601288,XSHG,2021-01-28,3.14,3.15,3.13,3.14,,RAW_CLOSE,1376007.22,431267.936,CNY
601318,XSHG,2021-01-28,80.6989,81.072,79.1772,79.4423,,RAW_CLOSE,1061087.31,8642469.57,CNY
601319,XSHG,2021-01-28,6.13,6.13,6.05,6.08,,RAW_CLOSE,403011.21,245152.541,CNY
601328,XSHG,2021-01-28,4.47,4.48,4.45,4.47,,RAW_CLOSE,1030559.51,459494.155,CNY
601336,XSHG,2021-01-28,50.22,50.59,49.5,49.79,,RAW_CLOSE,122673.8,611678.087,CNY
601360,XSHG,2021-01-28,17.52,17.72,17.1,17.21,,RAW_CLOSE,345288.11,601101.829,CNY
601377,XSHG,2021-01-28,8.26,8.43,8.17,8.33,,RAW_CLOSE,1052868.69,872994.803,CNY
601390,XSHG,2021-01-28,5.42,5.42,5.3,5.31,,RAW_CLOSE,827628.53,442024.324,CNY
601398,XSHG,2021-01-28,5.05,5.07,5.01,5.03,,RAW_CLOSE,2850794.92,1432841.334,CNY
601555,XSHG,2021-01-28,8.66,8.83,8.62,8.75,,RAW_CLOSE,257187.07,225184.663,CNY
601600,XSHG,2021-01-28,3.29,3.33,3.22,3.24,,RAW_CLOSE,1012160.73,330231.921,CNY
601601,XSHG,2021-01-28,37.6,37.6,36.26,36.66,,RAW_CLOSE,546577.34,2012766.481,CNY
601607,XSHG,2021-01-28,18.62,18.62,18.2,18.26,,RAW_CLOSE,109816.31,202225.315,CNY
601618,XSHG,2021-01-28,2.91,2.91,2.83,2.84,,RAW_CLOSE,1064023.71,305366.753,CNY
601628,XSHG,2021-01-28,37.15,37.52,37.0,37.24,,RAW_CLOSE,118064.1,439268.094,CNY
601633,XSHG,2021-01-28,40.2021,42.7865,39.4099,40.5783,,RAW_CLOSE,363517.81,1517406.278,CNY
601668,XSHG,2021-01-28,4.88,4.88,4.83,4.83,,RAW_CLOSE,1614052.65,782063.725,CNY
601669,XSHG,2021-01-28,3.85,3.85,3.8,3.81,,RAW_CLOSE,477729.65,182467.75,CNY
601688,XSHG,2021-01-28,17.7,17.91,17.63,17.7,,RAW_CLOSE,703312.35,1247624.269,CNY
601698,XSHG,2021-01-28,17.22,18.32,17.2,18.31,,RAW_CLOSE,252057.63,453403.302,CNY
601727,XSHG,2021-01-28,5.45,5.48,5.41,5.44,,RAW_CLOSE,734560.07,400036.0,CNY
601766,XSHG,2021-01-28,6.64,6.65,6.45,6.49,,RAW_CLOSE,2026279.54,1326607.56,CNY
601788,XSHG,2021-01-28,16.36,16.93,16.26,16.74,,RAW_CLOSE,330568.12,551302.9,CNY
601799,XSHG,2021-01-28,214.04,216.99,212.18,213.49,,RAW_CLOSE,13912.0,299041.172,CNY
601800,XSHG,2021-01-28,7.11,7.11,7.0,7.02,,RAW_CLOSE,275533.52,194041.966,CNY
601808,XSHG,2021-01-28,15.09,15.54,14.91,14.91,,RAW_CLOSE,133452.08,202797.763,CNY
601818,XSHG,2021-01-28,4.07,4.09,4.01,4.04,,RAW_CLOSE,1352210.97,546597.78,CNY
601838,XSHG,2021-01-28,10.26,10.35,9.98,10.06,,RAW_CLOSE,330777.26,335522.633,CNY
601857,XSHG,2021-01-28,4.14,4.15,4.11,4.13,,RAW_CLOSE,808104.65,333092.692,CNY
601872,XSHG,2021-01-28,5.46,5.47,5.35,5.37,,RAW_CLOSE,280282.95,151072.804,CNY
601877,XSHG,2021-01-28,39.73,41.13,36.91,37.56,,RAW_CLOSE,265650.04,1017339.328,CNY
601878,XSHG,2021-01-28,13.0,13.46,12.91,13.32,,RAW_CLOSE,427452.99,567750.183,CNY
601881,XSHG,2021-01-28,11.01,11.15,10.92,11.0,,RAW_CLOSE,210492.95,231944.067,CNY
601888,XSHG,2021-01-28,289.57,295.15,285.6,287.0,,RAW_CLOSE,90007.55,2608105.507,CNY
601899,XSHG,2021-01-28,10.0,10.21,9.6,9.68,,RAW_CLOSE,3518937.79,3475714.738,CNY
601901,XSHG,2021-01-28,8.97,9.27,8.88,9.2,,RAW_CLOSE,906863.26,826826.077,CNY
601919,XSHG,2021-01-28,13.96,13.96,13.03,13.03,,RAW_CLOSE,1827748.27,2434369.438,CNY
601933,XSHG,2021-01-28,6.98,7.08,6.95,6.97,,RAW_CLOSE,613156.04,429338.775,CNY
601939,XSHG,2021-01-28,6.69,6.78,6.61,6.66,,RAW_CLOSE,1306427.51,872370.532,CNY
601985,XSHG,2021-01-28,4.98,5.2,4.95,5.09,,RAW_CLOSE,925710.64,473535.113,CNY
601988,XSHG,2021-01-28,3.17,3.18,3.16,3.17,,RAW_CLOSE,735044.03,232613.518,CNY
601989,XSHG,2021-01-28,4.07,4.17,4.06,4.1,,RAW_CLOSE,530564.6,218067.75,CNY
601998,XSHG,2021-01-28,5.2,5.22,5.14,5.2,,RAW_CLOSE,371634.23,192700.751,CNY
603019,XSHG,2021-01-28,32.13,32.38,30.43,30.6,,RAW_CLOSE,377240.36,1177856.507,CNY
603160,XSHG,2021-01-28,142.93,146.42,142.08,142.66,,RAW_CLOSE,23217.0,333896.945,CNY
603233,XSHG,2021-01-28,100.0,102.48,98.61,100.28,,RAW_CLOSE,26666.17,268260.579,CNY
603259,XSHG,2021-01-28,167.63,173.33,165.0,165.0,,RAW_CLOSE,230640.79,3886879.465,CNY
603288,XSHG,2021-01-28,152.6201,153.9812,150.6321,152.3831,,RAW_CLOSE,38881.78,775871.624,CNY
603338,XSHG,2021-01-28,119.91,122.5,117.21,117.7,,RAW_CLOSE,32229.59,385706.392,CNY
603501,XSHG,2021-01-28,307.0,307.02,290.0,290.1,,RAW_CLOSE,112313.6,3325502.017,CNY
603517,XSHG,2021-01-28,92.43,92.44,90.0,92.44,,RAW_CLOSE,95545.23,883056.295,CNY
603659,XSHG,2021-01-28,71.4925,71.9979,69.6703,71.1722,,RAW_CLOSE,39639.81,394174.902,CNY
603799,XSHG,2021-01-28,102.0,105.51,99.18,100.85,,RAW_CLOSE,425404.19,4339109.028,CNY
603806,XSHG,2021-01-28,106.0,107.44,102.98,103.52,,RAW_CLOSE,51665.05,539697.91,CNY
603833,XSHG,2021-01-28,150.34,156.55,147.33,148.33,,RAW_CLOSE,29816.83,451826.773,CNY
603882,XSHG,2021-01-28,163.51,170.3,161.87,163.47,,RAW_CLOSE,59159.88,980464.575,CNY
603899,XSHG,2021-01-28,93.0266,94.5978,91.6345,92.1018,,RAW_CLOSE,40854.52,382702.303,CNY
603939,XSHG,2021-01-28,103.0,103.63,101.0,101.47,,RAW_CLOSE,26450.92,269393.439,CNY
603986,XSHG,2021-01-28,188.0,192.93,185.77,186.3,,RAW_CLOSE,80240.92,1509923.814,CNY
603993,XSHG,2021-01-28,6.1,6.19,5.87,5.93,,RAW_CLOSE,3968091.69,2391803.79,CNY
000001,XSHE,2021-01-29,22.6321,23.3564,22.5329,22.9099,,RAW_CLOSE,1240258.41,2864101.419,CNY
000002,XSHE,2021-01-29,28.55,28.65,27.57,27.79,,RAW_CLOSE,963685.43,2691727.578,CNY
000063,XSHE,2021-01-29,32.8,32.85,31.8,32.19,,RAW_CLOSE,509970.69,1638766.025,CNY
000066,XSHE,2021-01-29,17.66,17.85,16.86,17.32,,RAW_CLOSE,512028.69,886743.05,CNY
000069,XSHE,2021-01-29,6.7,6.74,6.55,6.58,,RAW_CLOSE,413812.67,275147.657,CNY
000100,XSHE,2021-01-29,9.06,9.07,8.3,8.59,,RAW_CLOSE,6091465.59,5281344.917,CNY
000157,XSHE,2021-01-29,12.01,12.6,11.92,12.44,,RAW_CLOSE,2466098.44,3040012.018,CNY
000166,XSHE,2021-01-29,4.72,4.74,4.65,4.68,,RAW_CLOSE,563054.77,264716.273,CNY
000333,XSHE,2021-01-29,95.35,97.79,93.68,96.33,,RAW_CLOSE,372465.08,3576339.185,CNY
000338,XSHE,2021-01-29,19.71,21.48,19.42,21.14,,RAW_CLOSE,1952748.3,4079320.797,CNY
000425,XSHE,2021-01-29,5.41,5.41,5.28,5.36,,RAW_CLOSE,752603.35,402503.775,CNY
000538,XSHE,2021-01-29,132.68,135.46,130.9,132.97,,RAW_CLOSE,57834.03,767945.861,CNY
000568,XSHE,2021-01-29,254.0,266.93,254.0,257.7,,RAW_CLOSE,160257.88,4174569.531,CNY
000596,XSHE,2021-01-29,251.88,257.77,242.0,244.0,,RAW_CLOSE,21628.89,539088.503,CNY
000625,XSHE,2021-01-29,17.55,17.84,16.74,17.24,,RAW_CLOSE,975840.38,1686939.427,CNY
000651,XSHE,2021-01-29,57.23,57.79,55.88,56.3,,RAW_CLOSE,493888.8,2807565.906,CNY
000656,XSHE,2021-01-29,6.83,6.96,6.73,6.95,,RAW_CLOSE,200804.2,137747.269,CNY
000661,XSHE,2021-01-29,462.0,472.8,449.0,454.62,,RAW_CLOSE,35539.36,1634413.811,CNY
000703,XSHE,2021-01-29,12.93,13.02,12.55,12.99,,RAW_CLOSE,473390.98,608298.095,CNY
000725,XSHE,2021-01-29,6.4,6.42,5.98,6.18,,RAW_CLOSE,16968245.54,10445384.23,CNY
000728,XSHE,2021-01-29,8.09,8.12,7.97,8.07,,RAW_CLOSE,374163.28,301675.535,CNY
000768,XSHE,2021-01-29,32.6,33.09,29.88,31.12,,RAW_CLOSE,486874.57,1525521.288,CNY
000776,XSHE,2021-01-29,16.3,16.37,15.68,15.87,,RAW_CLOSE,642728.26,1026208.743,CNY
000783,XSHE,2021-01-29,7.74,7.77,7.65,7.73,,RAW_CLOSE,231580.94,178514.231,CNY
000786,XSHE,2021-01-29,51.45,51.78,49.95,51.15,,RAW_CLOSE,128640.57,656105.522,CNY
000858,XSHE,2021-01-29,290.0,295.14,288.78,291.14,,RAW_CLOSE,220109.14,6431745.13,CNY
000876,XSHE,2021-01-29,21.86,22.08,20.89,21.15,,RAW_CLOSE,435688.24,933051.749,CNY
000895,XSHE,2021-01-29,46.98,47.49,45.55,46.99,,RAW_CLOSE,197496.29,910909.025,CNY
000938,XSHE,2021-01-29,21.15,21.28,20.17,20.58,,RAW_CLOSE,365363.38,755964.886,CNY
000963,XSHE,2021-01-29,26.01,26.5,25.94,26.37,,RAW_CLOSE,140357.31,367243.58,CNY
001979,XSHE,2021-01-29,11.93,12.03,11.82,11.82,,RAW_CLOSE,101829.64,121343.731,CNY
002001,XSHE,2021-01-29,37.63,37.97,36.61,37.15,,RAW_CLOSE,171897.08,639953.268,CNY
002007,XSHE,2021-01-29,46.21,46.68,45.01,45.99,,RAW_CLOSE,221477.63,1017977.736,CNY
002008,XSHE,2021-01-29,44.6524,44.8811,41.5602,42.6142,,RAW_CLOSE,386706.42,1678781.779,CNY
002024,XSHE,2021-01-29,6.94,6.98,6.46,6.61,,RAW_CLOSE,715592.37,474516.326,CNY
002027,XSHE,2021-01-29,11.12,11.28,10.6,10.86,,RAW_CLOSE,1272864.02,1385247.162,CNY
002032,XSHE,2021-01-29,78.55,80.08,78.0,79.6,,RAW_CLOSE,21071.03,166800.139,CNY
002044,XSHE,2021-01-29,14.03,14.5,13.83,14.19,,RAW_CLOSE,436579.33,616473.085,CNY
002049,XSHE,2021-01-29,122.31,126.5,118.6,120.86,,RAW_CLOSE,99852.09,1228952.366,CNY
002050,XSHE,2021-01-29,23.3307,23.8344,22.4219,22.6886,,RAW_CLOSE,236300.74,552941.107,CNY
002120,XSHE,2021-01-29,17.49,17.6,16.73,16.93,,RAW_CLOSE,182022.45,313096.011,CNY
002129,XSHE,2021-01-29,29.31,29.58,26.4,27.26,,RAW_CLOSE,1043836.12,2900682.543,CNY
002142,XSHE,2021-01-29,38.45,39.15,38.2,38.48,,RAW_CLOSE,309347.68,1196590.272,CNY
002153,XSHE,2021-01-29,32.13,33.83,31.8,33.45,,RAW_CLOSE,85763.08,283567.241,CNY
002179,XSHE,2021-01-29,70.78,72.2,68.2,69.5,,RAW_CLOSE,115232.93,806876.094,CNY
002202,XSHE,2021-01-29,15.25,15.34,14.1,14.49,,RAW_CLOSE,1360043.16,1982652.299,CNY
002230,XSHE,2021-01-29,47.5,47.8,45.67,46.75,,RAW_CLOSE,428530.26,2006533.189,CNY
002236,XSHE,2021-01-29,23.9189,24.6009,23.5928,24.0969,,RAW_CLOSE,657696.55,1603675.265,CNY
002241,XSHE,2021-01-29,35.0,35.73,32.37,33.2,,RAW_CLOSE,2444662.61,8207471.605,CNY
002252,XSHE,2021-01-29,7.45,7.47,7.21,7.23,,RAW_CLOSE,283101.55,206435.077,CNY
002271,XSHE,2021-01-29,48.2,49.73,47.55,48.5,,RAW_CLOSE,225285.49,1094710.888,CNY
002304,XSHE,2021-01-29,205.52,211.0,202.7,204.01,,RAW_CLOSE,123928.52,2556632.6,CNY
002311,XSHE,2021-01-29,64.85,66.18,64.01,65.81,,RAW_CLOSE,102511.59,668302.444,CNY
002352,XSHE,2021-01-29,97.6842,100.7085,96.5699,98.48,,RAW_CLOSE,209851.3,2083775.826,CNY
002371,XSHE,2021-01-29,204.01,206.58,196.5,200.4,,RAW_CLOSE,69606.82,1402010.44,CNY
002384,XSHE,2021-01-29,22.27,22.66,21.75,21.82,,RAW_CLOSE,359985.17,801539.428,CNY
002410,XSHE,2021-01-29,80.3575,85.987,79.7098,82.6989,,RAW_CLOSE,80090.75,670817.21,CNY
002414,XSHE,2021-01-29,43.91,44.33,41.7,42.63,,RAW_CLOSE,130593.13,563217.35,CNY
002415,XSHE,2021-01-29,63.6,64.92,61.51,63.0,,RAW_CLOSE,622609.6,3916791.62,CNY
002456,XSHE,2021-01-29,10.21,10.33,10.04,10.28,,RAW_CLOSE,730310.4,742567.267,CNY
002460,XSHE,2021-01-29,132.0,132.1,116.41,119.8,,RAW_CLOSE,485327.95,5942499.202,CNY
002463,XSHE,2021-01-29,17.98,18.09,16.85,17.16,,RAW_CLOSE,301356.78,523737.497,CNY
002475,XSHE,2021-01-29,51.45,53.99,51.44,53.1,,RAW_CLOSE,1148204.07,6048822.471,CNY
002493,XSHE,2021-01-29,34.22,35.33,33.46,34.2,,RAW_CLOSE,294655.79,1014226.823,CNY
002508,XSHE,2021-01-29,39.76,40.21,37.64,38.51,,RAW_CLOSE,131089.94,506902.417,CNY
002555,XSHE,2021-01-29,34.2,34.36,31.61,32.32,,RAW_CLOSE,736061.09,2402877.016,CNY
002558,XSHE,2021-01-29,17.92,18.13,17.17,17.28,,RAW_CLOSE,107418.41,189092.298,CNY
002594,XSHE,2021-01-29,249.0,250.43,237.5,247.0,,RAW_CLOSE,335982.69,8182542.031,CNY
002601,XSHE,2021-01-29,39.051,39.3432,37.3955,38.7102,,RAW_CLOSE,294592.36,1170502.687,CNY
002602,XSHE,2021-01-29,6.66,6.67,6.15,6.21,,RAW_CLOSE,915659.33,581431.385,CNY
002607,XSHE,2021-01-29,39.59,40.74,38.77,39.65,,RAW_CLOSE,181654.0,725015.661,CNY
002624,XSHE,2021-01-29,27.9,28.01,26.35,27.28,,RAW_CLOSE,599793.22,1617516.903,CNY
002673,XSHE,2021-01-29,10.12,10.13,9.77,9.9,,RAW_CLOSE,460400.18,456668.14,CNY
002714,XSHE,2021-01-29,92.85,93.9,88.68,88.9,,RAW_CLOSE,381909.6,3456375.795,CNY
002736,XSHE,2021-01-29,12.58,12.83,12.55,12.76,,RAW_CLOSE,200744.64,255142.864,CNY
002739,XSHE,2021-01-29,20.13,21.65,19.9,21.45,,RAW_CLOSE,832890.49,1743976.854,CNY
002773,XSHE,2021-01-29,40.79,41.58,40.0,40.66,,RAW_CLOSE,39243.46,160348.039,CNY
002812,XSHE,2021-01-29,132.81,135.7957,128.0568,131.7815,,RAW_CLOSE,67542.58,894187.14,CNY
002821,XSHE,2021-01-29,308.6,310.0,286.2,293.48,,RAW_CLOSE,34077.36,1016724.178,CNY
002841,XSHE,2021-01-29,133.69,138.9,131.45,136.4,,RAW_CLOSE,30085.38,408383.734,CNY
002916,XSHE,2021-01-29,112.18,112.69,106.0,107.34,,RAW_CLOSE,68996.69,748173.099,CNY
002938,XSHE,2021-01-29,41.33,42.1,39.9,40.2,,RAW_CLOSE,105395.69,431651.473,CNY
002939,XSHE,2021-01-29,11.92,11.95,11.63,11.74,,RAW_CLOSE,117367.33,138600.903,CNY
002945,XSHE,2021-01-29,13.8697,13.8697,13.3042,13.3935,,RAW_CLOSE,117996.02,161133.888,CNY
300003,XSHE,2021-01-29,26.84,26.97,26.12,26.9,,RAW_CLOSE,240904.95,641084.4,CNY
300014,XSHE,2021-01-29,110.2,112.27,103.3,106.5,,RAW_CLOSE,310379.94,3340986.45,CNY
300015,XSHE,2021-01-29,80.2,80.99,78.05,78.73,,RAW_CLOSE,228015.55,1807624.904,CNY
300033,XSHE,2021-01-29,119.8291,120.7996,115.0558,117.6405,,RAW_CLOSE,51850.07,617691.874,CNY
300059,XSHE,2021-01-29,36.69,37.12,33.7,35.2,,RAW_CLOSE,3960243.05,14079698.472,CNY
300122,XSHE,2021-01-29,162.8,167.0,155.68,157.98,,RAW_CLOSE,122284.08,1969656.563,CNY
300124,XSHE,2021-01-29,95.01,98.18,93.77,95.15,,RAW_CLOSE,142472.11,1370363.696,CNY
300136,XSHE,2021-01-29,32.28,32.79,31.2,32.12,,RAW_CLOSE,386692.88,1238136.449,CNY
300142,XSHE,2021-01-29,41.18,42.18,39.18,39.6,,RAW_CLOSE,666168.44,2702395.108,CNY
300144,XSHE,2021-01-29,16.3,16.89,16.1,16.43,,RAW_CLOSE,321703.22,529787.686,CNY
300274,XSHE,2021-01-29,101.31,106.36,96.1,104.8,,RAW_CLOSE,691171.31,7067202.615,CNY
300347,XSHE,2021-01-29,171.11,173.66,165.96,167.39,,RAW_CLOSE,74297.89,1264890.14,CNY
300408,XSHE,2021-01-29,40.41,41.34,38.68,39.07,,RAW_CLOSE,256701.04,1021408.132,CNY
300413,XSHE,2021-01-29,81.36,84.28,79.8,81.0,,RAW_CLOSE,82973.14,680942.902,CNY
300433,XSHE,2021-01-29,33.7,33.77,32.55,33.4,,RAW_CLOSE,595199.88,1974292.793,CNY
300498,XSHE,2021-01-29,17.47,17.57,16.89,16.96,,RAW_CLOSE,331872.35,567768.271,CNY
300529,XSHE,2021-01-29,78.7382,80.6247,76.4545,78.1921,,RAW_CLOSE,61207.4,486003.926,CNY
600000,XSHG,2021-01-29,9.69,10.13,9.65,9.96,,RAW_CLOSE,1152574.82,1142597.659,CNY
600009,XSHG,2021-01-29,76.23,81.42,75.0,79.0,,RAW_CLOSE,403323.04,3167312.126,CNY
600010,XSHG,2021-01-29,1.16,1.16,1.14,1.15,,RAW_CLOSE,3031202.83,348479.435,CNY
600011,XSHG,2021-01-29,4.21,4.24,4.14,4.17,,RAW_CLOSE,273607.78,114528.149,CNY
600015,XSHG,2021-01-29,6.08,6.16,6.05,6.1,,RAW_CLOSE,380012.78,232196.261,CNY
600016,XSHG,2021-01-29,5.12,5.14,5.09,5.11,,RAW_CLOSE,785033.73,401163.424,CNY
600018,XSHG,2021-01-29,4.42,4.45,4.38,4.41,,RAW_CLOSE,250400.43,110433.051,CNY
600019,XSHG,2021-01-29,6.8,6.86,6.5,6.56,,RAW_CLOSE,1412589.68,940907.276,CNY
600025,XSHG,2021-01-29,4.47,4.51,4.4,4.46,,RAW_CLOSE,279879.45,124754.499,CNY
600028,XSHG,2021-01-29,3.98,3.99,3.92,3.95,,RAW_CLOSE,1142037.23,451480.133,CNY
600029,XSHG,2021-01-29,5.68,6.0,5.64,5.83,,RAW_CLOSE,974220.1,568724.791,CNY
600030,XSHG,2021-01-29,28.67,28.78,28.0,28.35,,RAW_CLOSE,1229644.54,3483745.647,CNY
600031,XSHG,2021-01-29,41.14,41.39,39.8,40.46,,RAW_CLOSE,883511.85,3591302.403,CNY
600036,XSHG,2021-01-29,52.18,52.46,50.81,51.1,,RAW_CLOSE,621489.14,3211002.062,CNY
600048,XSHG,2021-01-29,14.09,14.15,13.77,13.81,,RAW_CLOSE,720712.9,1002283.529,CNY
600050,XSHG,2021-01-29,4.24,4.26,4.18,4.19,,RAW_CLOSE,894951.01,376566.783,CNY
600061,XSHG,2021-01-29,13.04,13.12,12.74,12.83,,RAW_CLOSE,185381.82,239993.805,CNY
600079,XSHG,2021-01-29,28.5,29.5,26.97,27.26,,RAW_CLOSE,215813.75,604555.161,CNY
600085,XSHG,2021-01-29,23.74,23.91,23.52,23.63,,RAW_CLOSE,85467.04,202419.496,CNY
600104,XSHG,2021-01-29,22.81,22.93,21.7,21.94,,RAW_CLOSE,627877.19,1396407.868,CNY
600109,XSHG,2021-01-29,14.66,14.7,13.96,14.23,,RAW_CLOSE,454893.47,650660.094,CNY
600111,XSHG,2021-01-29,18.4,18.55,17.34,17.8,,RAW_CLOSE,2213290.6,3984075.486,CNY
600115,XSHG,2021-01-29,4.53,4.69,4.5,4.59,,RAW_CLOSE,506170.37,232679.633,CNY
600118,XSHG,2021-01-29,33.9,34.64,31.5,32.4,,RAW_CLOSE,306391.86,994839.799,CNY
600132,XSHG,2021-01-29,131.03,137.0,129.3,134.36,,RAW_CLOSE,26361.55,352626.785,CNY
600143,XSHG,2021-01-29,26.2843,27.5975,24.903,27.2862,,RAW_CLOSE,1893713.13,5106520.917,CNY
600150,XSHG,2021-01-29,16.57,16.67,15.83,15.98,,RAW_CLOSE,128058.99,206000.873,CNY
600161,XSHG,2021-01-29,37.88,38.84,37.3,38.5,,RAW_CLOSE,81298.0,310200.956,CNY
600176,XSHG,2021-01-29,23.38,23.81,21.65,22.53,,RAW_CLOSE,524725.42,1194159.735,CNY
600183,XSHG,2021-01-29,25.96,26.37,25.08,25.51,,RAW_CLOSE,396376.09,1024857.68,CNY
600196,XSHG,2021-01-29,46.4,46.82,44.56,45.47,,RAW_CLOSE,351217.68,1591877.595,CNY
600233,XSHG,2021-01-29,11.39,11.47,11.27,11.41,,RAW_CLOSE,81270.44,92411.461,CNY
600276,XSHG,2021-01-29,104.25,105.12,101.01,103.76,,RAW_CLOSE,327275.53,3368922.623,CNY
600299,XSHG,2021-01-29,13.0,13.41,12.62,12.71,,RAW_CLOSE,188102.16,246677.389,CNY
600309,XSHG,2021-01-29,113.4165,114.0292,109.2064,110.4911,,RAW_CLOSE,164000.13,1854946.607,CNY
600332,XSHG,2021-01-29,28.55,28.67,27.62,27.76,,RAW_CLOSE,71119.57,198948.143,CNY
600352,XSHG,2021-01-29,13.93,13.97,13.64,13.7,,RAW_CLOSE,323886.94,446653.251,CNY
600362,XSHG,2021-01-29,19.71,19.82,18.42,18.84,,RAW_CLOSE,488449.19,930932.622,CNY
600383,XSHG,2021-01-29,11.25,11.28,10.7,10.83,,RAW_CLOSE,635576.53,694624.038,CNY
600406,XSHG,2021-01-29,29.8,30.09,28.9,29.42,,RAW_CLOSE,176040.96,519897.798,CNY
600426,XSHG,2021-01-29,40.62,41.4,38.4,39.02,,RAW_CLOSE,160424.35,638042.41,CNY
600436,XSHG,2021-01-29,290.5,304.7,290.01,298.55,,RAW_CLOSE,46486.89,1386152.971,CNY
600438,XSHG,2021-01-29,49.3,49.71,44.45,46.0,,RAW_CLOSE,1894555.38,8846491.777,CNY
600482,XSHG,2021-01-29,18.45,18.58,17.98,18.34,,RAW_CLOSE,53501.83,97516.573,CNY
600489,XSHG,2021-01-29,8.37,8.52,8.25,8.43,,RAW_CLOSE,445225.51,373687.255,CNY
600519,XSHG,2021-01-29,2101.19,2149.48,2090.22,2116.18,,RAW_CLOSE,33701.33,7166179.277,CNY
600521,XSHG,2021-01-29,25.26,25.66,24.3,24.51,,RAW_CLOSE,135949.61,337619.613,CNY
600522,XSHG,2021-01-29,10.3551,10.4739,10.2759,10.3947,,RAW_CLOSE,257463.96,269679.687,CNY
600547,XSHG,2021-01-29,22.26,22.38,21.9,22.21,,RAW_CLOSE,190873.71,422400.504,CNY
600570,XSHG,2021-01-29,95.69,100.8,95.5,97.13,,RAW_CLOSE,212390.85,2086304.65,CNY
600584,XSHG,2021-01-29,42.3,42.48,40.1,40.76,,RAW_CLOSE,634320.77,2592613.975,CNY
600585,XSHG,2021-01-29,50.99,51.2,50.0,50.44,,RAW_CLOSE,413192.83,2081962.675,CNY
600588,XSHG,2021-01-29,45.1347,45.7806,41.7561,42.8194,,RAW_CLOSE,415968.16,1819330.437,CNY
600606,XSHG,2021-01-29,5.41,5.48,5.35,5.39,,RAW_CLOSE,262908.41,142074.647,CNY
600655,XSHG,2021-01-29,10.71,11.05,10.31,10.46,,RAW_CLOSE,432890.54,460284.125,CNY
600660,XSHG,2021-01-29,60.38,60.63,57.3,59.0,,RAW_CLOSE,259374.98,1529177.625,CNY
600690,XSHG,2021-01-29,32.66,32.89,31.1,31.85,,RAW_CLOSE,422925.72,1356232.921,CNY
600703,XSHG,2021-01-29,30.35,30.44,28.9,29.57,,RAW_CLOSE,746369.72,2209349.825,CNY
600705,XSHG,2021-01-29,4.17,4.18,4.07,4.11,,RAW_CLOSE,422764.64,174882.743,CNY
600741,XSHG,2021-01-29,29.55,30.6,29.42,29.89,,RAW_CLOSE,144684.76,434832.74,CNY
600745,XSHG,2021-01-29,110.0,111.8,101.25,105.38,,RAW_CLOSE,289603.52,3046814.434,CNY
600760,XSHG,2021-01-29,78.9,79.78,74.93,76.86,,RAW_CLOSE,199851.73,1546696.84,CNY
600763,XSHG,2021-01-29,311.0,313.9,299.97,303.95,,RAW_CLOSE,23730.42,727016.809,CNY
600795,XSHG,2021-01-29,2.09,2.12,2.08,2.1,,RAW_CLOSE,556779.09,117101.144,CNY
600809,XSHG,2021-01-29,362.55,384.23,362.55,374.42,,RAW_CLOSE,80070.46,2997474.902,CNY
600837,XSHG,2021-01-29,12.3,12.35,12.13,12.26,,RAW_CLOSE,467282.34,571188.091,CNY
600845,XSHG,2021-01-29,65.25,67.02,64.8,66.58,,RAW_CLOSE,75072.84,495133.325,CNY
600848,XSHG,2021-01-29,19.52,19.64,18.88,18.99,,RAW_CLOSE,35740.65,68749.664,CNY
600887,XSHG,2021-01-29,44.32,44.75,43.58,44.2,,RAW_CLOSE,776633.35,3433198.0,CNY
600893,XSHG,2021-01-29,63.0,63.1,57.25,59.59,,RAW_CLOSE,681519.66,4090702.368,CNY
600900,XSHG,2021-01-29,19.8,20.15,19.4,19.68,,RAW_CLOSE,707728.21,1399077.904,CNY
600919,XSHG,2021-01-29,5.46,5.57,5.43,5.52,,RAW_CLOSE,1039508.96,572790.899,CNY
600926,XSHG,2021-01-29,14.69,14.93,14.34,14.7,,RAW_CLOSE,302526.92,442835.535,CNY
600958,XSHG,2021-01-29,10.3,10.32,10.05,10.16,,RAW_CLOSE,324636.16,330665.516,CNY
600989,XSHG,2021-01-29,16.22,16.71,15.81,16.15,,RAW_CLOSE,460664.61,751801.98,CNY
600999,XSHG,2021-01-29,25.36,25.97,24.58,25.84,,RAW_CLOSE,583056.45,1485817.516,CNY
601006,XSHG,2021-01-29,6.44,6.45,6.36,6.37,,RAW_CLOSE,361150.89,231274.643,CNY
601009,XSHG,2021-01-29,7.98,8.13,7.95,8.0,,RAW_CLOSE,573625.6,460954.861,CNY
601012,XSHG,2021-01-29,113.0,113.0,103.72,107.55,,RAW_CLOSE,1373757.58,14790282.56,CNY
601021,XSHG,2021-01-29,58.28,61.5,58.0,58.99,,RAW_CLOSE,130142.13,777790.041,CNY
601066,XSHG,2021-01-29,40.75,40.91,39.67,40.06,,RAW_CLOSE,244004.9,981593.799,CNY
601088,XSHG,2021-01-29,17.77,17.98,17.31,17.4,,RAW_CLOSE,291067.63,512285.859,CNY
601100,XSHG,2021-01-29,116.19,119.94,115.05,117.17,,RAW_CLOSE,76338.87,896181.895,CNY
601108,XSHG,2021-01-29,11.05,11.18,10.81,10.96,,RAW_CLOSE,325373.94,356669.075,CNY
601111,XSHG,2021-01-29,7.02,7.36,6.99,7.2,,RAW_CLOSE,1107650.63,797944.411,CNY
601138,XSHG,2021-01-29,14.4,14.56,14.02,14.29,,RAW_CLOSE,434926.71,621419.43,CNY
601155,XSHG,2021-01-29,46.14,46.24,42.0,42.25,,RAW_CLOSE,271793.02,1192954.729,CNY
601162,XSHG,2021-01-29,5.42,5.44,5.23,5.3,,RAW_CLOSE,685045.21,365562.049,CNY
601166,XSHG,2021-01-29,23.5,23.7,22.79,23.1,,RAW_CLOSE,1038813.65,2417300.046,CNY
601169,XSHG,2021-01-29,4.75,4.77,4.72,4.73,,RAW_CLOSE,532329.48,252380.56,CNY
601186,XSHG,2021-01-29,7.81,7.83,7.68,7.73,,RAW_CLOSE,398528.13,309008.276,CNY
601211,XSHG,2021-01-29,16.7,16.71,16.23,16.38,,RAW_CLOSE,348488.3,574460.288,CNY
601216,XSHG,2021-01-29,5.44,5.87,5.35,5.87,,RAW_CLOSE,6986791.52,4005909.097,CNY
601225,XSHG,2021-01-29,10.69,10.86,10.0,10.15,,RAW_CLOSE,931753.04,964736.313,CNY
601229,XSHG,2021-01-29,8.15,8.23,8.06,8.1,,RAW_CLOSE,373731.12,304200.173,CNY
601231,XSHG,2021-01-29,16.39,16.85,16.18,16.58,,RAW_CLOSE,189012.08,312770.634,CNY
601236,XSHG,2021-01-29,15.327,15.3665,14.5364,14.8131,,RAW_CLOSE,130958.2,197735.086,CNY
601238,XSHG,2021-01-29,11.0,11.07,10.33,10.5,,RAW_CLOSE,477212.66,507002.514,CNY
601288,XSHG,2021-01-29,3.14,3.17,3.13,3.15,,RAW_CLOSE,2348366.6,739558.156,CNY
601318,XSHG,2021-01-29,79.4227,79.9528,77.0665,77.6359,,RAW_CLOSE,1269800.32,10098743.883,CNY
601319,XSHG,2021-01-29,6.09,6.11,6.0,6.03,,RAW_CLOSE,374392.17,226176.524,CNY
601328,XSHG,2021-01-29,4.46,4.5,4.45,4.46,,RAW_CLOSE,890726.87,398415.114,CNY
601336,XSHG,2021-01-29,49.9,50.05,47.85,48.33,,RAW_CLOSE,180011.03,881661.848,CNY
601360,XSHG,2021-01-29,17.35,17.46,16.07,16.27,,RAW_CLOSE,441331.28,735956.812,CNY
601377,XSHG,2021-01-29,8.39,8.41,8.1,8.25,,RAW_CLOSE,807267.87,666095.061,CNY
601390,XSHG,2021-01-29,5.32,5.36,5.25,5.29,,RAW_CLOSE,522204.49,276616.243,CNY
601398,XSHG,2021-01-29,5.03,5.12,5.02,5.09,,RAW_CLOSE,4111437.04,2088594.441,CNY
601555,XSHG,2021-01-29,8.78,8.81,8.65,8.75,,RAW_CLOSE,205713.95,179397.805,CNY
601600,XSHG,2021-01-29,3.25,3.29,3.15,3.2,,RAW_CLOSE,914885.72,294599.349,CNY
601601,XSHG,2021-01-29,36.16,36.19,34.11,34.69,,RAW_CLOSE,903436.59,3155384.226,CNY
601607,XSHG,2021-01-29,18.38,18.38,18.01,18.06,,RAW_CLOSE,89219.41,161859.478,CNY
601618,XSHG,2021-01-29,2.85,2.88,2.79,2.82,,RAW_CLOSE,966209.16,273693.082,CNY
601628,XSHG,2021-01-29,37.43,37.46,35.71,36.15,,RAW_CLOSE,176928.99,644907.386,CNY
601633,XSHG,2021-01-29,41.0932,42.3607,40.1724,41.5091,,RAW_CLOSE,311651.11,1296477.595,CNY
601668,XSHG,2021-01-29,4.84,4.86,4.79,4.81,,RAW_CLOSE,1411989.14,681208.349,CNY
601669,XSHG,2021-01-29,3.82,3.83,3.75,3.78,,RAW_CLOSE,444291.15,168364.366,CNY
601688,XSHG,2021-01-29,17.74,17.84,17.23,17.39,,RAW_CLOSE,979187.43,1711663.512,CNY
601698,XSHG,2021-01-29,18.31,18.31,17.31,17.41,,RAW_CLOSE,141576.61,249488.507,CNY
601727,XSHG,2021-01-29,5.45,5.46,5.31,5.37,,RAW_CLOSE,735040.06,395433.793,CNY
601766,XSHG,2021-01-29,6.53,6.56,6.15,6.25,,RAW_CLOSE,2164371.77,1364246.131,CNY
601788,XSHG,2021-01-29,16.77,16.85,16.3,16.45,,RAW_CLOSE,285325.83,471594.851,CNY
601799,XSHG,2021-01-29,213.5,218.28,211.52,214.15,,RAW_CLOSE,12424.61,268164.526,CNY
601800,XSHG,2021-01-29,7.04,7.05,6.85,6.89,,RAW_CLOSE,276124.9,191614.646,CNY
601808,XSHG,2021-01-29,15.1,15.3,14.25,14.6,,RAW_CLOSE,134958.77,199290.981,CNY
601818,XSHG,2021-01-29,4.04,4.11,4.01,4.05,,RAW_CLOSE,1331358.7,540259.872,CNY
601838,XSHG,2021-01-29,10.14,10.7,10.12,10.42,,RAW_CLOSE,597381.22,624547.18,CNY
601857,XSHG,2021-01-29,4.13,4.13,4.08,4.09,,RAW_CLOSE,857501.55,351731.403,CNY
601872,XSHG,2021-01-29,5.3,5.31,4.83,4.85,,RAW_CLOSE,1397935.19,689721.845,CNY
601877,XSHG,2021-01-29,37.69,38.11,36.66,36.99,,RAW_CLOSE,160476.97,600027.319,CNY
601878,XSHG,2021-01-29,13.36,13.54,13.0,13.24,,RAW_CLOSE,341179.96,452022.175,CNY
601881,XSHG,2021-01-29,11.05,11.08,10.62,10.73,,RAW_CLOSE,264873.15,286302.505,CNY
601888,XSHG,2021-01-29,292.9,300.88,290.01,294.0,,RAW_CLOSE,134043.85,3954648.924,CNY
601899,XSHG,2021-01-29,9.9,10.0,9.31,9.6,,RAW_CLOSE,2771399.66,2676524.826,CNY
601901,XSHG,2021-01-29,9.3,10.02,9.3,9.71,,RAW_CLOSE,1890727.59,1825116.005,CNY
601919,XSHG,2021-01-29,12.83,13.13,11.88,12.41,,RAW_CLOSE,2583009.87,3195546.302,CNY
601933,XSHG,2021-01-29,6.99,6.99,6.78,6.82,,RAW_CLOSE,869821.82,596971.682,CNY
601939,XSHG,2021-01-29,6.69,6.84,6.62,6.76,,RAW_CLOSE,1894631.91,1278534.914,CNY
601985,XSHG,2021-01-29,5.11,5.23,5.03,5.15,,RAW_CLOSE,941216.65,483297.678,CNY
601988,XSHG,2021-01-29,3.16,3.19,3.16,3.17,,RAW_CLOSE,1120048.47,355524.176,CNY
601989,XSHG,2021-01-29,4.1,4.13,4.05,4.08,,RAW_CLOSE,610789.5,249291.338,CNY
601998,XSHG,2021-01-29,5.21,5.28,5.16,5.23,,RAW_CLOSE,343157.2,179168.42,CNY
603019,XSHG,2021-01-29,30.9,30.97,29.27,29.63,,RAW_CLOSE,295377.77,880824.468,CNY
603160,XSHG,2021-01-29,142.67,143.89,138.02,139.49,,RAW_CLOSE,32717.99,459379.919,CNY
603233,XSHG,2021-01-29,99.82,103.35,98.06,99.1,,RAW_CLOSE,23692.46,236784.246,CNY
603259,XSHG,2021-01-29,168.0,171.5,164.0,166.34,,RAW_CLOSE,196860.96,3322460.148,CNY
603288,XSHG,2021-01-29,152.0084,153.6906,148.8734,150.7468,,RAW_CLOSE,40710.08,805918.405,CNY
603338,XSHG,2021-01-29,118.99,121.21,113.68,116.2,,RAW_CLOSE,33836.04,397136.973,CNY
603501,XSHG,2021-01-29,299.0,300.49,283.17,289.57,,RAW_CLOSE,82709.18,2422503.139,CNY
603517,XSHG,2021-01-29,91.52,95.3,89.1,90.16,,RAW_CLOSE,124016.76,1153524.54,CNY
603659,XSHG,2021-01-29,71.1793,71.9694,69.7558,70.6811,,RAW_CLOSE,41036.66,410382.954,CNY
603799,XSHG,2021-01-29,101.88,103.5,93.5,99.02,,RAW_CLOSE,527235.67,5166712.865,CNY
603806,XSHG,2021-01-29,105.41,107.55,97.0,99.61,,RAW_CLOSE,99752.65,1016956.677,CNY
603833,XSHG,2021-01-29,149.81,152.8,147.82,149.6,,RAW_CLOSE,19142.13,287702.804,CNY
603882,XSHG,2021-01-29,164.67,166.9,153.01,156.47,,RAW_CLOSE,73788.21,1171539.285,CNY
603899,XSHG,2021-01-29,92.3803,97.0938,92.3803,93.5636,,RAW_CLOSE,42724.69,405860.818,CNY
603939,XSHG,2021-01-29,101.47,104.31,100.31,101.5,,RAW_CLOSE,29970.2,306503.378,CNY
603986,XSHG,2021-01-29,187.39,188.5,180.6,182.0,,RAW_CLOSE,96536.82,1777024.363,CNY
603993,XSHG,2021-01-29,6.04,6.17,5.73,6.06,,RAW_CLOSE,3430915.35,2058130.328,CNY
