ticker,exchange,trade_date,open,high,low,close,adjusted_close,price_type,volume,turnover,currency
000001,XSHE,2026-09-22,11.699999809265137,11.75,11.619999885559082,11.710000038146973,11.458638191223145,RAW_CLOSE,75945732.0,,CNY
000002,XSHE,2026-09-22,3.569999933242798,3.890000104904175,3.5399999618530273,3.809999942779541,3.809999942779541,RAW_CLOSE,819832133.0,,CNY
000063,XSHE,2026-09-22,33.290000915527344,33.400001525878906,32.79999923706055,32.90999984741211,32.90999984741211,RAW_CLOSE,67719069.0,,CNY
000066,XSHE,2026-09-22,16.31999969482422,16.31999969482422,15.600000381469727,15.869999885559082,15.869999885559082,RAW_CLOSE,412555397.0,,CNY
000069,XSHE,2026-09-22,1.8899999856948853,1.9299999475479126,1.8700000047683716,1.909999966621399,1.909999966621399,RAW_CLOSE,106717743.0,,CNY
000100,XSHE,2026-09-22,5.090000152587891,5.099999904632568,5.019999980926514,5.03000020980835,5.03000020980835,RAW_CLOSE,404387636.0,,CNY
000157,XSHE,2026-09-22,6.210000038146973,6.230000019073486,6.159999847412109,6.170000076293945,6.170000076293945,RAW_CLOSE,29680388.0,,CNY
000166,XSHE,2026-09-22,4.46999979019165,4.510000228881836,4.460000038146973,4.489999771118164,4.489999771118164,RAW_CLOSE,58412995.0,,CNY
000333,XSHE,2026-09-22,80.70999908447266,82.62000274658203,80.23999786376953,82.54000091552734,82.54000091552734,RAW_CLOSE,37519693.0,,CNY
000338,XSHE,2026-09-22,27.299999237060547,27.959999084472656,27.0,27.030000686645508,27.030000686645508,RAW_CLOSE,63925101.0,,CNY
000425,XSHE,2026-09-22,7.409999847412109,7.420000076293945,7.289999961853027,7.300000190734863,7.300000190734863,RAW_CLOSE,126786019.0,,CNY
000538,XSHE,2026-09-22,51.09000015258789,51.33000183105469,50.77000045776367,51.31999969482422,50.28281021118164,RAW_CLOSE,7864003.0,,CNY
000568,XSHE,2026-09-22,72.0999984741211,72.54000091552734,71.4800033569336,71.4800033569336,71.4800033569336,RAW_CLOSE,8961554.0,,CNY
000596,XSHE,2026-09-22,94.58999633789062,96.4800033569336,94.0999984741211,95.86000061035156,95.86000061035156,RAW_CLOSE,2219986.0,,CNY
000625,XSHE,2026-09-22,7.150000095367432,7.179999828338623,7.139999866485596,7.179999828338623,7.179999828338623,RAW_CLOSE,40676268.0,,CNY
000651,XSHE,2026-09-22,37.900001525878906,38.31999969482422,37.810001373291016,38.18000030517578,38.18000030517578,RAW_CLOSE,34380434.0,,CNY
000656,XSHE,2026-09-22,1.25,1.2899999618530273,1.2300000190734863,1.25,1.25,RAW_CLOSE,238544256.0,,CNY
000661,XSHE,2026-09-22,73.81999969482422,74.61000061035156,73.36000061035156,73.5999984741211,73.5999984741211,RAW_CLOSE,4872700.0,,CNY
000703,XSHE,2026-09-22,16.780000686645508,17.020000457763672,16.139999389648438,16.809999465942383,16.809999465942383,RAW_CLOSE,77090201.0,,CNY
000708,XSHE,2026-09-22,12.819999694824219,12.960000038146973,12.8100004196167,12.859999656677246,12.859999656677246,RAW_CLOSE,9975585.0,,CNY
000725,XSHE,2026-09-22,6.119999885559082,6.150000095367432,5.980000019073486,6.0,6.0,RAW_CLOSE,1486262473.0,,CNY
000728,XSHE,2026-09-22,7.519999980926514,7.590000152587891,7.480000019073486,7.489999771118164,7.489999771118164,RAW_CLOSE,19475685.0,,CNY
000768,XSHE,2026-09-22,23.049999237060547,23.200000762939453,22.549999237060547,22.84000015258789,22.84000015258789,RAW_CLOSE,19620354.0,,CNY
000776,XSHE,2026-09-22,20.979999542236328,21.1299991607666,20.850000381469727,20.959999084472656,20.959999084472656,RAW_CLOSE,43646687.0,,CNY
000783,XSHE,2026-09-22,8.529999732971191,8.569999694824219,8.479999542236328,8.510000228881836,8.510000228881836,RAW_CLOSE,58487597.0,,CNY
000786,XSHE,2026-09-22,16.209999084472656,16.31999969482422,16.020000457763672,16.049999237060547,16.049999237060547,RAW_CLOSE,13276531.0,,CNY
000800,XSHE,2026-09-22,5.929999828338623,5.960000038146973,5.920000076293945,5.929999828338623,5.929999828338623,RAW_CLOSE,7469879.0,,CNY
000858,XSHE,2026-09-22,70.18000030517578,70.8499984741211,70.0,70.54000091552734,70.54000091552734,RAW_CLOSE,13977291.0,,CNY
000860,XSHE,2026-09-22,10.640000343322754,10.729999542236328,10.520000457763672,10.579999923706055,10.579999923706055,RAW_CLOSE,9049403.0,,CNY
000876,XSHE,2026-09-22,7.230000019073486,7.28000020980835,7.150000095367432,7.21999979019165,7.21999979019165,RAW_CLOSE,36252632.0,,CNY
000895,XSHE,2026-09-22,23.260000228881836,23.399999618530273,23.219999313354492,23.3799991607666,23.3799991607666,RAW_CLOSE,8060086.0,,CNY
000938,XSHE,2026-09-22,34.27000045776367,34.470001220703125,33.70000076293945,33.77000045776367,33.77000045776367,RAW_CLOSE,116849797.0,,CNY
000963,XSHE,2026-09-22,26.65999984741211,26.84000015258789,26.510000228881836,26.6200008392334,26.6200008392334,RAW_CLOSE,12796644.0,,CNY
000977,XSHE,2026-09-22,73.0,73.45999908447266,71.81999969482422,72.1500015258789,72.1500015258789,RAW_CLOSE,56682629.0,,CNY
001979,XSHE,2026-09-22,7.289999961853027,7.440000057220459,7.210000038146973,7.269999980926514,7.269999980926514,RAW_CLOSE,123348855.0,,CNY
002001,XSHE,2026-09-22,26.6200008392334,26.81999969482422,26.399999618530273,26.65999984741211,26.65999984741211,RAW_CLOSE,14497294.0,,CNY
002007,XSHE,2026-09-22,13.260000228881836,13.399999618530273,13.199999809265137,13.270000457763672,13.270000457763672,RAW_CLOSE,13872490.0,,CNY
002008,XSHE,2026-09-22,98.48999786376953,98.80000305175781,94.0,94.26000213623047,94.26000213623047,RAW_CLOSE,43813673.0,,CNY
002024,XSHE,2026-09-22,1.1699999570846558,1.1799999475479126,1.159999966621399,1.1699999570846558,1.1699999570846558,RAW_CLOSE,13640600.0,,CNY
002027,XSHE,2026-09-22,4.769999980926514,4.789999961853027,4.730000019073486,4.75,4.75,RAW_CLOSE,104901254.0,,CNY
002032,XSHE,2026-09-22,39.220001220703125,39.43000030517578,39.04999923706055,39.29999923706055,39.29999923706055,RAW_CLOSE,1176300.0,,CNY
002044,XSHE,2026-09-22,4.519999980926514,4.639999866485596,4.519999980926514,4.590000152587891,4.590000152587891,RAW_CLOSE,89916649.0,,CNY
002049,XSHE,2026-09-22,61.97999954223633,62.689998626708984,61.5,61.86000061035156,61.86000061035156,RAW_CLOSE,14345997.0,,CNY
002050,XSHE,2026-09-22,36.56999969482422,37.25,36.11000061035156,36.20000076293945,36.078147888183594,RAW_CLOSE,44935292.0,,CNY
002120,XSHE,2026-09-22,7.019999980926514,7.099999904632568,6.860000133514404,6.869999885559082,6.869999885559082,RAW_CLOSE,42786351.0,,CNY
002129,XSHE,2026-09-22,9.079999923706055,9.739999771118164,9.050000190734863,9.609999656677246,9.609999656677246,RAW_CLOSE,218824616.0,,CNY
002142,XSHE,2026-09-22,34.720001220703125,34.88999938964844,34.2599983215332,34.720001220703125,34.720001220703125,RAW_CLOSE,19322897.0,,CNY
002153,XSHE,2026-09-22,7.929999828338623,8.180000305175781,7.809999942779541,7.909999847412109,7.909999847412109,RAW_CLOSE,32241500.0,,CNY
002157,XSHE,2026-09-22,3.059999942779541,3.0799999237060547,3.009999990463257,3.009999990463257,3.009999990463257,RAW_CLOSE,116700351.0,,CNY
002179,XSHE,2026-09-22,36.0,36.25,35.11000061035156,35.18000030517578,35.18000030517578,RAW_CLOSE,16746064.0,,CNY
002202,XSHE,2026-09-22,18.18000030517578,18.239999771118164,17.920000076293945,17.969999313354492,17.969999313354492,RAW_CLOSE,64851329.0,,CNY
002230,XSHE,2026-09-22,38.9900016784668,39.369998931884766,38.93000030517578,39.119998931884766,39.119998931884766,RAW_CLOSE,22774049.0,,CNY
002236,XSHE,2026-09-22,15.880000114440918,15.979999542236328,15.850000381469727,15.890000343322754,15.890000343322754,RAW_CLOSE,19653426.0,,CNY
002241,XSHE,2026-09-22,25.0,25.479999542236328,24.0,24.639999389648438,24.639999389648438,RAW_CLOSE,237107653.0,,CNY
002252,XSHE,2026-09-22,4.989999771118164,5.019999980926514,4.960000038146973,4.980000019073486,4.980000019073486,RAW_CLOSE,29170738.0,,CNY
002271,XSHE,2026-09-22,10.680000305175781,10.800000190734863,10.539999961853027,10.720000267028809,10.720000267028809,RAW_CLOSE,40659064.0,,CNY
002304,XSHE,2026-09-22,38.400001525878906,38.61000061035156,38.18000030517578,38.349998474121094,38.349998474121094,RAW_CLOSE,3404624.0,,CNY
002311,XSHE,2026-09-22,42.189998626708984,42.279998779296875,41.810001373291016,42.099998474121094,42.099998474121094,RAW_CLOSE,7429139.0,,CNY
002352,XSHE,2026-09-22,30.899999618530273,31.049999237060547,30.8799991607666,30.940000534057617,30.940000534057617,RAW_CLOSE,11035514.0,,CNY
002371,XSHE,2026-09-22,689.6099853515625,690.0,671.0,672.9199829101562,672.9199829101562,RAW_CLOSE,4756304.0,,CNY
002384,XSHE,2026-09-22,200.0399932861328,208.5,196.7100067138672,198.1199951171875,198.1199951171875,RAW_CLOSE,79292010.0,,CNY
002410,XSHE,2026-09-22,8.649999618530273,8.720000267028809,8.619999885559082,8.619999885559082,8.619999885559082,RAW_CLOSE,15586901.0,,CNY
002414,XSHE,2026-09-22,12.359999656677246,12.380000114440918,12.199999809265137,12.229999542236328,12.229999542236328,RAW_CLOSE,45494259.0,,CNY
002415,XSHE,2026-09-22,32.84000015258789,33.31999969482422,32.810001373291016,33.18000030517578,33.18000030517578,RAW_CLOSE,52138500.0,,CNY
002456,XSHE,2026-09-22,7.079999923706055,7.119999885559082,6.929999828338623,6.960000038146973,6.960000038146973,RAW_CLOSE,65884804.0,,CNY
002460,XSHE,2026-09-22,46.560001373291016,46.95000076293945,46.29999923706055,46.38999938964844,46.38999938964844,RAW_CLOSE,23307652.0,,CNY
002463,XSHE,2026-09-22,128.0,129.94000244140625,124.66000366210938,125.13999938964844,125.13999938964844,RAW_CLOSE,44009422.0,,CNY
002475,XSHE,2026-09-22,54.97999954223633,55.79999923706055,54.68000030517578,54.84000015258789,54.84000015258789,RAW_CLOSE,83651137.0,,CNY
002493,XSHE,2026-09-22,13.039999961853027,13.180000305175781,12.829999923706055,13.130000114440918,13.130000114440918,RAW_CLOSE,40143143.0,,CNY
002508,XSHE,2026-09-22,16.360000610351562,16.68000030517578,16.290000915527344,16.670000076293945,16.670000076293945,RAW_CLOSE,7055980.0,,CNY
002555,XSHE,2026-09-22,17.739999771118164,17.920000076293945,17.68000030517578,17.829999923706055,17.829999923706055,RAW_CLOSE,18216652.0,,CNY
002558,XSHE,2026-09-22,24.149999618530273,24.549999237060547,23.989999771118164,24.329999923706055,24.329999923706055,RAW_CLOSE,54812505.0,,CNY
002594,XSHE,2026-09-22,85.58999633789062,87.19999694824219,85.45999908447266,86.58000183105469,86.58000183105469,RAW_CLOSE,33684722.0,,CNY
002600,XSHE,2026-09-22,12.59000015258789,12.739999771118164,12.59000015258789,12.649999618530273,12.649999618530273,RAW_CLOSE,83123326.0,,CNY
002601,XSHE,2026-09-22,15.40999984741211,15.479999542236328,15.220000267028809,15.25,15.25,RAW_CLOSE,8529280.0,,CNY
002602,XSHE,2026-09-22,14.609999656677246,14.75,14.430000305175781,14.619999885559082,14.538437843322754,RAW_CLOSE,94757652.0,,CNY
002607,XSHE,2026-09-22,1.9299999475479126,1.9700000286102295,1.9199999570846558,1.9500000476837158,1.9500000476837158,RAW_CLOSE,164709747.0,,CNY
002624,XSHE,2026-09-22,10.050000190734863,10.140000343322754,9.979999542236328,10.010000228881836,10.010000228881836,RAW_CLOSE,44682573.0,,CNY
002673,XSHE,2026-09-22,6.820000171661377,6.860000133514404,6.789999961853027,6.800000190734863,6.800000190734863,RAW_CLOSE,18941631.0,,CNY
002714,XSHE,2026-09-22,42.22999954223633,42.290000915527344,41.66999816894531,41.86000061035156,41.86000061035156,RAW_CLOSE,24877999.0,,CNY
002736,XSHE,2026-09-22,9.960000038146973,10.010000228881836,9.920000076293945,9.970000267028809,9.970000267028809,RAW_CLOSE,18954797.0,,CNY
002739,XSHE,2026-09-22,8.680000305175781,8.720000267028809,8.579999923706055,8.630000114440918,8.630000114440918,RAW_CLOSE,39318575.0,,CNY
002773,XSHE,2026-09-22,20.350000381469727,20.68000030517578,20.280000686645508,20.309999465942383,20.309999465942383,RAW_CLOSE,5372454.0,,CNY
002812,XSHE,2026-09-22,48.20000076293945,48.54999923706055,47.54999923706055,47.65999984741211,47.65999984741211,RAW_CLOSE,11661025.0,,CNY
002821,XSHE,2026-09-22,188.02999877929688,192.25,185.47000122070312,187.66000366210938,187.66000366210938,RAW_CLOSE,8045884.0,,CNY
002841,XSHE,2026-09-22,47.20000076293945,48.4900016784668,46.86000061035156,48.040000915527344,48.040000915527344,RAW_CLOSE,7262815.0,,CNY
002916,XSHE,2026-09-22,410.0,422.8800048828125,398.1000061035156,400.0,400.0,RAW_CLOSE,9406701.0,,CNY
002938,XSHE,2026-09-22,91.5,92.66999816894531,89.0,89.25,89.25,RAW_CLOSE,18777554.0,,CNY
002939,XSHE,2026-09-22,7.920000076293945,7.949999809265137,7.889999866485596,7.909999847412109,7.909999847412109,RAW_CLOSE,16531734.0,,CNY
002945,XSHE,2026-09-22,14.619999885559082,15.350000381469727,14.510000228881836,15.09000015258789,15.09000015258789,RAW_CLOSE,28547453.0,,CNY
003816,XSHE,2026-09-22,4.230000019073486,4.239999771118164,4.170000076293945,4.199999809265137,4.199999809265137,RAW_CLOSE,95160472.0,,CNY
300003,XSHE,2026-09-22,11.680000305175781,11.720000267028809,11.579999923706055,11.609999656677246,11.609999656677246,RAW_CLOSE,16175002.0,,CNY
300014,XSHE,2026-09-22,50.0099983215332,51.38999938964844,49.97999954223633,50.54999923706055,50.54999923706055,RAW_CLOSE,37910698.0,,CNY
300015,XSHE,2026-09-22,8.109999656677246,8.130000114440918,8.050000190734863,8.069999694824219,8.069999694824219,RAW_CLOSE,43515440.0,,CNY
300033,XSHE,2026-09-22,212.5500030517578,213.13999938964844,209.5,210.3699951171875,210.1699981689453,RAW_CLOSE,8741757.0,,CNY
300059,XSHE,2026-09-22,18.75,18.940000534057617,18.6299991607666,18.770000457763672,18.770000457763672,RAW_CLOSE,184702167.0,,CNY
300122,XSHE,2026-09-22,12.970000267028809,13.539999961853027,12.90999984741211,13.350000381469727,13.350000381469727,RAW_CLOSE,42170673.0,,CNY
300124,XSHE,2026-09-22,53.45000076293945,54.400001525878906,53.33000183105469,54.04999923706055,54.04999923706055,RAW_CLOSE,31484932.0,,CNY
300136,XSHE,2026-09-22,61.0,61.20000076293945,58.95000076293945,59.18000030517578,59.18000030517578,RAW_CLOSE,34934904.0,,CNY
300142,XSHE,2026-09-22,13.680000305175781,14.239999771118164,13.59000015258789,14.020000457763672,14.020000457763672,RAW_CLOSE,133186683.0,,CNY
300144,XSHE,2026-09-22,5.809999942779541,5.849999904632568,5.78000020980835,5.820000171661377,5.820000171661377,RAW_CLOSE,23345849.0,,CNY
300274,XSHE,2026-09-22,89.0,90.25,87.62000274658203,88.19999694824219,88.19999694824219,RAW_CLOSE,53373956.0,,CNY
300347,XSHE,2026-09-22,58.810001373291016,59.150001525878906,57.54999923706055,57.84000015258789,57.84000015258789,RAW_CLOSE,12733295.0,,CNY
300408,XSHE,2026-09-22,132.1699981689453,135.99000549316406,128.9499969482422,129.47999572753906,129.47999572753906,RAW_CLOSE,46945612.0,,CNY
300413,XSHE,2026-09-22,19.469999313354492,19.68000030517578,18.920000076293945,19.31999969482422,19.31999969482422,RAW_CLOSE,87182332.0,,CNY
300433,XSHE,2026-09-22,35.88999938964844,36.5,34.279998779296875,34.439998626708984,34.439998626708984,RAW_CLOSE,118555058.0,,CNY
300450,XSHE,2026-09-22,32.5,32.869998931884766,32.220001220703125,32.29999923706055,32.29999923706055,RAW_CLOSE,26272701.0,,CNY
300498,XSHE,2026-09-22,14.930000305175781,14.989999771118164,14.760000228881836,14.899999618530273,14.899999618530273,RAW_CLOSE,27147334.0,,CNY
300529,XSHE,2026-09-22,15.199999809265137,15.359999656677246,15.149999618530273,15.270000457763672,15.270000457763672,RAW_CLOSE,4584451.0,,CNY
300558,XSHE,2026-09-22,49.0,51.5,48.849998474121094,50.720001220703125,50.720001220703125,RAW_CLOSE,16969696.0,,CNY
300595,XSHE,2026-09-22,10.199999809265137,10.260000228881836,10.149999618530273,10.220000267028809,10.220000267028809,RAW_CLOSE,5792340.0,,CNY
300601,XSHE,2026-09-22,12.979999542236328,13.270000457763672,12.890000343322754,13.079999923706055,13.079999923706055,RAW_CLOSE,31863791.0,,CNY
300628,XSHE,2026-09-22,41.43000030517578,42.220001220703125,41.400001525878906,41.7400016784668,41.7400016784668,RAW_CLOSE,6373684.0,,CNY
300677,XSHE,2026-09-22,51.54999923706055,52.13999938964844,50.83000183105469,50.900001525878906,50.900001525878906,RAW_CLOSE,6993200.0,,CNY
600000,XSHG,2026-09-22,9.029999732971191,9.069999694824219,8.970000267028809,9.039999961853027,9.039999961853027,RAW_CLOSE,53266728.0,,CNY
600009,XSHG,2026-09-22,22.8700008392334,22.969999313354492,22.809999465942383,22.809999465942383,22.809999465942383,RAW_CLOSE,4793600.0,,CNY
600010,XSHG,2026-09-22,2.1500000953674316,2.1600000858306885,2.119999885559082,2.119999885559082,2.119999885559082,RAW_CLOSE,256968842.0,,CNY
600011,XSHG,2026-09-22,6.78000020980835,6.820000171661377,6.71999979019165,6.800000190734863,6.800000190734863,RAW_CLOSE,60523052.0,,CNY
600015,XSHG,2026-09-22,6.230000019073486,6.260000228881836,6.210000038146973,6.239999771118164,6.239999771118164,RAW_CLOSE,45709390.0,,CNY
600016,XSHG,2026-09-22,3.490000009536743,3.509999990463257,3.4600000381469727,3.5,3.5,RAW_CLOSE,208395547.0,,CNY
600018,XSHG,2026-09-22,5.420000076293945,5.440000057220459,5.340000152587891,5.360000133514404,5.360000133514404,RAW_CLOSE,44218612.0,,CNY
600019,XSHG,2026-09-22,5.769999980926514,5.789999961853027,5.71999979019165,5.730000019073486,5.730000019073486,RAW_CLOSE,55051477.0,,CNY
600025,XSHG,2026-09-22,9.649999618530273,9.6899995803833,9.539999961853027,9.619999885559082,9.619999885559082,RAW_CLOSE,29672197.0,,CNY
600028,XSHG,2026-09-22,5.269999980926514,5.340000152587891,5.179999828338623,5.309999942779541,5.204403400421143,RAW_CLOSE,281962656.0,,CNY
600029,XSHG,2026-09-22,4.980000019073486,4.980000019073486,4.929999828338623,4.960000038146973,4.960000038146973,RAW_CLOSE,44836035.0,,CNY
600030,XSHG,2026-09-22,26.829999923706055,27.030000686645508,26.75,26.889999389648438,26.889999389648438,RAW_CLOSE,78718131.0,,CNY
600031,XSHG,2026-09-22,17.829999923706055,17.899999618530273,17.700000762939453,17.719999313354492,17.719999313354492,RAW_CLOSE,55365669.0,,CNY
600036,XSHG,2026-09-22,40.970001220703125,41.02000045776367,40.619998931884766,40.81999969482422,40.81999969482422,RAW_CLOSE,43342069.0,,CNY
600048,XSHG,2026-09-22,5.630000114440918,5.739999771118164,5.570000171661377,5.679999828338623,5.679999828338623,RAW_CLOSE,299415822.0,,CNY
600050,XSHG,2026-09-22,4.21999979019165,4.25,4.199999809265137,4.210000038146973,4.210000038146973,RAW_CLOSE,91422721.0,,CNY
600061,XSHG,2026-09-22,6.340000152587891,6.389999866485596,6.320000171661377,6.340000152587891,6.340000152587891,RAW_CLOSE,30448966.0,,CNY
600079,XSHG,2026-09-22,18.729999542236328,18.799999237060547,18.6299991607666,18.729999542236328,18.729999542236328,RAW_CLOSE,4786100.0,,CNY
600085,XSHG,2026-09-22,23.579999923706055,23.829999923706055,23.549999237060547,23.65999984741211,23.65999984741211,RAW_CLOSE,4641723.0,,CNY
600104,XSHG,2026-09-22,11.079999923706055,11.100000381469727,11.010000228881836,11.069999694824219,11.069999694824219,RAW_CLOSE,30471361.0,,CNY
600109,XSHG,2026-09-22,8.369999885559082,8.430000305175781,8.34000015258789,8.350000381469727,8.350000381469727,RAW_CLOSE,21367353.0,,CNY
600111,XSHG,2026-09-22,38.08000183105469,38.439998626708984,37.790000915527344,37.900001525878906,37.900001525878906,RAW_CLOSE,39477929.0,,CNY
600115,XSHG,2026-09-22,3.4700000286102295,3.490000009536743,3.430000066757202,3.450000047683716,3.450000047683716,RAW_CLOSE,131254002.0,,CNY
600118,XSHG,2026-09-22,59.380001068115234,59.939998626708984,58.56999969482422,58.81999969482422,58.81999969482422,RAW_CLOSE,20302769.0,,CNY
600132,XSHG,2026-09-22,38.099998474121094,38.40999984741211,38.04999923706055,38.18000030517578,38.18000030517578,RAW_CLOSE,2396772.0,,CNY
600143,XSHG,2026-09-22,13.420000076293945,13.720000267028809,13.399999618530273,13.460000038146973,13.359999656677246,RAW_CLOSE,30865601.0,,CNY
600150,XSHG,2026-09-22,40.86000061035156,41.099998474121094,39.779998779296875,40.119998931884766,40.119998931884766,RAW_CLOSE,98646283.0,,CNY
600161,XSHG,2026-09-22,12.430000305175781,12.5600004196167,12.319999694824219,12.460000038146973,12.359999656677246,RAW_CLOSE,11786493.0,,CNY
600176,XSHG,2026-09-22,46.099998474121094,47.52000045776367,45.099998474121094,45.470001220703125,45.470001220703125,RAW_CLOSE,235175616.0,,CNY
600183,XSHG,2026-09-22,149.5,149.94000244140625,142.6199951171875,143.4499969482422,143.4499969482422,RAW_CLOSE,60702823.0,,CNY
600196,XSHG,2026-09-22,22.8700008392334,23.25,22.75,23.1299991607666,23.1299991607666,RAW_CLOSE,31382496.0,,CNY
600233,XSHG,2026-09-22,18.260000228881836,18.280000686645508,17.610000610351562,17.690000534057617,17.690000534057617,RAW_CLOSE,30956405.0,,CNY
600276,XSHG,2026-09-22,46.040000915527344,46.13999938964844,45.45000076293945,45.720001220703125,45.720001220703125,RAW_CLOSE,72275447.0,,CNY
600299,XSHG,2026-09-22,8.510000228881836,8.579999923706055,8.350000381469727,8.420000076293945,8.420000076293945,RAW_CLOSE,33550718.0,,CNY
600309,XSHG,2026-09-22,70.5999984741211,71.19000244140625,70.16000366210938,70.66000366210938,70.66000366210938,RAW_CLOSE,21953549.0,,CNY
600332,XSHG,2026-09-22,19.729999542236328,19.760000228881836,19.600000381469727,19.68000030517578,19.68000030517578,RAW_CLOSE,4474560.0,,CNY
600340,XSHG,2026-09-22,1.1100000143051147,1.1399999856948853,1.100000023841858,1.1200000047683716,1.1200000047683716,RAW_CLOSE,58437723.0,,CNY
600352,XSHG,2026-09-22,12.239999771118164,12.770000457763672,12.15999984741211,12.619999885559082,12.619999885559082,RAW_CLOSE,66810668.0,,CNY
600362,XSHG,2026-09-22,44.68000030517578,45.79999923706055,44.099998474121094,45.099998474121094,45.099998474121094,RAW_CLOSE,57707838.0,,CNY
600383,XSHG,2026-09-22,2.430000066757202,2.5399999618530273,2.4100000858306885,2.5,2.5,RAW_CLOSE,306037204.0,,CNY
600406,XSHG,2026-09-22,22.1299991607666,22.34000015258789,22.1200008392334,22.229999542236328,22.079769134521484,RAW_CLOSE,34593702.0,,CNY
600426,XSHG,2026-09-22,20.389999389648438,20.600000381469727,20.1299991607666,20.399999618530273,20.399999618530273,RAW_CLOSE,29910046.0,,CNY
600436,XSHG,2026-09-22,120.26000213623047,121.37000274658203,120.0,120.81999969482422,120.81999969482422,RAW_CLOSE,1801460.0,,CNY
600438,XSHG,2026-09-22,11.600000381469727,11.84000015258789,11.600000381469727,11.720000267028809,11.720000267028809,RAW_CLOSE,33529530.0,,CNY
600482,XSHG,2026-09-22,35.529998779296875,36.20000076293945,35.130001068115234,35.34000015258789,35.34000015258789,RAW_CLOSE,10843547.0,,CNY
600489,XSHG,2026-09-22,23.549999237060547,23.799999237060547,23.3700008392334,23.469999313354492,23.469999313354492,RAW_CLOSE,49540388.0,,CNY
600519,XSHG,2026-09-22,1252.1500244140625,1265.8800048828125,1248.0999755859375,1253.800048828125,1253.800048828125,RAW_CLOSE,2457294.0,,CNY
600521,XSHG,2026-09-22,16.610000610351562,16.75,16.450000762939453,16.56999969482422,16.56999969482422,RAW_CLOSE,21793719.0,,CNY
600522,XSHG,2026-09-22,37.540000915527344,38.47999954223633,36.5,36.880001068115234,36.880001068115234,RAW_CLOSE,285841702.0,,CNY
600547,XSHG,2026-09-22,32.16999816894531,32.27000045776367,31.260000228881836,31.450000762939453,31.450000762939453,RAW_CLOSE,90026366.0,,CNY
600570,XSHG,2026-09-22,20.489999771118164,20.670000076293945,20.399999618530273,20.5,20.5,RAW_CLOSE,17565667.0,,CNY
600584,XSHG,2026-09-22,73.9000015258789,74.5,71.5999984741211,72.23999786376953,72.18970489501953,RAW_CLOSE,106231826.0,,CNY
600585,XSHG,2026-09-22,17.200000762939453,17.209999084472656,17.040000915527344,17.1200008392334,16.988929748535156,RAW_CLOSE,15467688.0,,CNY
600588,XSHG,2026-09-22,9.680000305175781,10.029999732971191,9.630000114440918,9.899999618530273,9.899999618530273,RAW_CLOSE,86261406.0,,CNY
600600,XSHG,2026-09-22,50.20000076293945,50.38999938964844,50.08000183105469,50.150001525878906,50.150001525878906,RAW_CLOSE,2690886.0,,CNY
600606,XSHG,2026-09-22,1.5800000429153442,1.6399999856948853,1.5199999809265137,1.5299999713897705,1.5299999713897705,RAW_CLOSE,583595552.0,,CNY
600655,XSHG,2026-09-22,4.670000076293945,4.690000057220459,4.619999885559082,4.619999885559082,4.619999885559082,RAW_CLOSE,10366494.0,,CNY
600660,XSHG,2026-09-22,54.150001525878906,54.25,53.61000061035156,53.77000045776367,52.77055740356445,RAW_CLOSE,7860879.0,,CNY
600690,XSHG,2026-09-22,19.889999389648438,20.290000915527344,19.719999313354492,20.200000762939453,20.200000762939453,RAW_CLOSE,48298714.0,,CNY
600703,XSHG,2026-09-22,13.100000381469727,13.239999771118164,12.8100004196167,12.869999885559082,12.869999885559082,RAW_CLOSE,103195533.0,,CNY
600741,XSHG,2026-09-22,14.829999923706055,14.970000267028809,14.760000228881836,14.920000076293945,14.920000076293945,RAW_CLOSE,11037292.0,,CNY
600745,XSHG,2026-09-22,17.020000457763672,17.690000534057617,17.020000457763672,17.59000015258789,17.59000015258789,RAW_CLOSE,44613767.0,,CNY
600760,XSHG,2026-09-22,45.0,45.33000183105469,44.25,44.709999084472656,44.709999084472656,RAW_CLOSE,10428784.0,,CNY
600763,XSHG,2026-09-22,33.869998931884766,34.099998474121094,33.66999816894531,33.72999954223633,33.72999954223633,RAW_CLOSE,5809208.0,,CNY
600795,XSHG,2026-09-22,5.260000228881836,5.260000228881836,5.179999828338623,5.190000057220459,5.190000057220459,RAW_CLOSE,70701924.0,,CNY
600809,XSHG,2026-09-22,112.0999984741211,114.26000213623047,111.69000244140625,113.19999694824219,113.19999694824219,RAW_CLOSE,4737650.0,,CNY
600845,XSHG,2026-09-22,18.25,18.790000915527344,18.170000076293945,18.450000762939453,18.450000762939453,RAW_CLOSE,25209423.0,,CNY
600848,XSHG,2026-09-22,8.680000305175781,8.720000267028809,8.550000190734863,8.680000305175781,8.680000305175781,RAW_CLOSE,9363080.0,,CNY
600872,XSHG,2026-09-22,17.260000228881836,17.3700008392334,17.229999542236328,17.350000381469727,17.350000381469727,RAW_CLOSE,6481399.0,,CNY
600887,XSHG,2026-09-22,26.579999923706055,26.850000381469727,26.450000762939453,26.770000457763672,26.770000457763672,RAW_CLOSE,34631884.0,,CNY
600893,XSHG,2026-09-22,40.279998779296875,40.97999954223633,39.20000076293945,39.650001525878906,39.650001525878906,RAW_CLOSE,34473562.0,,CNY
600900,XSHG,2026-09-22,28.030000686645508,28.149999618530273,27.93000030517578,28.020000457763672,28.020000457763672,RAW_CLOSE,74887566.0,,CNY
600918,XSHG,2026-09-22,5.53000020980835,5.599999904632568,5.510000228881836,5.550000190734863,5.550000190734863,RAW_CLOSE,29333307.0,,CNY
600919,XSHG,2026-09-22,12.079999923706055,12.100000381469727,11.949999809265137,12.09000015258789,12.09000015258789,RAW_CLOSE,106427045.0,,CNY
600926,XSHG,2026-09-22,17.110000610351562,17.139999389648438,16.8799991607666,17.079999923706055,16.624004364013672,RAW_CLOSE,42082107.0,,CNY
600958,XSHG,2026-09-22,8.960000038146973,9.029999732971191,8.930000305175781,8.970000267028809,8.970000267028809,RAW_CLOSE,36521802.0,,CNY
600989,XSHG,2026-09-22,23.530000686645508,23.530000686645508,22.889999389648438,23.209999084472656,23.209999084472656,RAW_CLOSE,56207619.0,,CNY
600999,XSHG,2026-09-22,17.940000534057617,18.100000381469727,17.829999923706055,18.010000228881836,18.010000228881836,RAW_CLOSE,38779744.0,,CNY
601006,XSHG,2026-09-22,4.710000038146973,4.71999979019165,4.690000057220459,4.710000038146973,4.710000038146973,RAW_CLOSE,87742678.0,,CNY
601009,XSHG,2026-09-22,11.800000190734863,11.8100004196167,11.680000305175781,11.770000457763672,11.770000457763672,RAW_CLOSE,39248732.0,,CNY
601012,XSHG,2026-09-22,11.390000343322754,11.489999771118164,11.350000381469727,11.380000114440918,11.380000114440918,RAW_CLOSE,67008357.0,,CNY
601021,XSHG,2026-09-22,42.15999984741211,42.15999984741211,41.75,41.880001068115234,41.550472259521484,RAW_CLOSE,4851421.0,,CNY
601066,XSHG,2026-09-22,23.809999465942383,23.959999084472656,23.700000762939453,23.770000457763672,23.770000457763672,RAW_CLOSE,11048811.0,,CNY
601077,XSHG,2026-09-22,6.559999942779541,6.599999904632568,6.460000038146973,6.579999923706055,6.579999923706055,RAW_CLOSE,82315819.0,,CNY
601088,XSHG,2026-09-22,46.43000030517578,47.7400016784668,46.150001525878906,47.5099983215332,47.5099983215332,RAW_CLOSE,24855945.0,,CNY
601100,XSHG,2026-09-22,93.5999984741211,95.08000183105469,91.95999908447266,92.38999938964844,92.38999938964844,RAW_CLOSE,7311194.0,,CNY
601108,XSHG,2026-09-22,8.619999885559082,8.75,8.59000015258789,8.600000381469727,8.600000381469727,RAW_CLOSE,52204951.0,,CNY
601111,XSHG,2026-09-22,5.920000076293945,5.949999809265137,5.849999904632568,5.929999828338623,5.929999828338623,RAW_CLOSE,76910509.0,,CNY
601138,XSHG,2026-09-22,64.5,64.94000244140625,63.11000061035156,63.29999923706055,63.29999923706055,RAW_CLOSE,75244335.0,,CNY
601155,XSHG,2026-09-22,12.449999809265137,13.0,12.4399995803833,12.920000076293945,12.920000076293945,RAW_CLOSE,30035533.0,,CNY
601162,XSHG,2026-09-22,3.700000047683716,3.819999933242798,3.690000057220459,3.7200000286102295,3.7200000286102295,RAW_CLOSE,192818813.0,,CNY
601166,XSHG,2026-09-22,17.719999313354492,17.920000076293945,17.649999618530273,17.889999389648438,17.889999389648438,RAW_CLOSE,66714910.0,,CNY
601169,XSHG,2026-09-22,5.519999980926514,5.53000020980835,5.46999979019165,5.519999980926514,5.519999980926514,RAW_CLOSE,151370069.0,,CNY
601186,XSHG,2026-09-22,6.059999942779541,6.059999942779541,6.03000020980835,6.039999961853027,6.039999961853027,RAW_CLOSE,18793761.0,,CNY
601211,XSHG,2026-09-22,17.6200008392334,17.84000015258789,17.549999237060547,17.709999084472656,17.709999084472656,RAW_CLOSE,59928623.0,,CNY
601216,XSHG,2026-09-22,4.650000095367432,4.659999847412109,4.519999980926514,4.550000190734863,4.550000190734863,RAW_CLOSE,76926764.0,,CNY
601225,XSHG,2026-09-22,25.450000762939453,26.110000610351562,25.100000381469727,26.030000686645508,26.030000686645508,RAW_CLOSE,33825291.0,,CNY
601229,XSHG,2026-09-22,9.539999961853027,9.5600004196167,9.479999542236328,9.529999732971191,9.529999732971191,RAW_CLOSE,36794802.0,,CNY
601231,XSHG,2026-09-22,27.110000610351562,27.729999542236328,26.809999465942383,26.889999389648438,26.889999389648438,RAW_CLOSE,36642166.0,,CNY
601236,XSHG,2026-09-22,6.940000057220459,7.300000190734863,6.869999885559082,7.059999942779541,7.059999942779541,RAW_CLOSE,51234347.0,,CNY
601238,XSHG,2026-09-22,5.090000152587891,5.090000152587891,5.090000152587891,5.090000152587891,5.090000152587891,RAW_CLOSE,0.0,,CNY
601288,XSHG,2026-09-22,6.860000133514404,6.900000095367432,6.820000171661377,6.880000114440918,6.880000114440918,RAW_CLOSE,251524217.0,,CNY
601318,XSHG,2026-09-22,53.97999954223633,54.5099983215332,53.560001373291016,54.459999084472656,54.459999084472656,RAW_CLOSE,57911678.0,,CNY
601319,XSHG,2026-09-22,7.96999979019165,8.220000267028809,7.929999828338623,8.170000076293945,8.170000076293945,RAW_CLOSE,80488454.0,,CNY
601328,XSHG,2026-09-22,7.519999980926514,7.570000171661377,7.46999979019165,7.550000190734863,7.550000190734863,RAW_CLOSE,118358721.0,,CNY
601336,XSHG,2026-09-22,58.31999969482422,58.86000061035156,58.119998931884766,58.68000030517578,58.68000030517578,RAW_CLOSE,11633853.0,,CNY
601360,XSHG,2026-09-22,9.020000457763672,9.25,9.0,9.180000305175781,9.180000305175781,RAW_CLOSE,146220312.0,,CNY
601377,XSHG,2026-09-22,5.989999771118164,6.010000228881836,5.949999809265137,5.96999979019165,5.96999979019165,RAW_CLOSE,53285371.0,,CNY
601390,XSHG,2026-09-22,4.329999923706055,4.329999923706055,4.300000190734863,4.309999942779541,4.309999942779541,RAW_CLOSE,48140267.0,,CNY
601398,XSHG,2026-09-22,8.079999923706055,8.119999885559082,8.010000228881836,8.119999885559082,8.119999885559082,RAW_CLOSE,299064863.0,,CNY
601555,XSHG,2026-09-22,8.329999923706055,8.430000305175781,8.289999961853027,8.34000015258789,8.34000015258789,RAW_CLOSE,30503522.0,,CNY
601600,XSHG,2026-09-22,9.140000343322754,9.40999984741211,9.109999656677246,9.270000457763672,9.270000457763672,RAW_CLOSE,208992542.0,,CNY
601601,XSHG,2026-09-22,31.850000381469727,32.22999954223633,31.729999542236328,32.150001525878906,32.150001525878906,RAW_CLOSE,41128225.0,,CNY
601607,XSHG,2026-09-22,16.09000015258789,16.100000381469727,15.979999542236328,16.040000915527344,16.040000915527344,RAW_CLOSE,6041010.0,,CNY
601618,XSHG,2026-09-22,2.559999942779541,2.5799999237060547,2.549999952316284,2.559999942779541,2.559999942779541,RAW_CLOSE,49438800.0,,CNY
601628,XSHG,2026-09-22,37.84000015258789,38.88999938964844,37.75,38.689998626708984,38.689998626708984,RAW_CLOSE,28446895.0,,CNY
601633,XSHG,2026-09-22,14.039999961853027,14.199999809265137,14.0,14.130000114440918,14.130000114440918,RAW_CLOSE,16249356.0,,CNY
601658,XSHG,2026-09-22,5.340000152587891,5.349999904632568,5.300000190734863,5.329999923706055,5.329999923706055,RAW_CLOSE,125551432.0,,CNY
601668,XSHG,2026-09-22,4.300000190734863,4.320000171661377,4.28000020980835,4.300000190734863,4.300000190734863,RAW_CLOSE,155711069.0,,CNY
601669,XSHG,2026-09-22,4.639999866485596,4.639999866485596,4.599999904632568,4.610000133514404,4.610000133514404,RAW_CLOSE,52545981.0,,CNY
601688,XSHG,2026-09-22,18.56999969482422,18.649999618530273,18.3799991607666,18.469999313354492,18.469999313354492,RAW_CLOSE,50153106.0,,CNY
601696,XSHG,2026-09-22,11.420000076293945,11.539999961853027,11.369999885559082,11.390000343322754,11.390000343322754,RAW_CLOSE,27006076.0,,CNY
601698,XSHG,2026-09-22,24.149999618530273,24.3799991607666,23.950000762939453,24.0,24.0,RAW_CLOSE,18183965.0,,CNY
601727,XSHG,2026-09-22,6.559999942779541,6.710000038146973,6.550000190734863,6.679999828338623,6.679999828338623,RAW_CLOSE,111031795.0,,CNY
601766,XSHG,2026-09-22,6.079999923706055,6.090000152587891,5.949999809265137,5.980000019073486,5.980000019073486,RAW_CLOSE,165628180.0,,CNY
601788,XSHG,2026-09-22,14.100000381469727,14.140000343322754,14.020000457763672,14.0600004196167,14.0600004196167,RAW_CLOSE,11968420.0,,CNY
601799,XSHG,2026-09-22,72.5999984741211,72.66999816894531,71.0999984741211,71.36000061035156,71.36000061035156,RAW_CLOSE,4424443.0,,CNY
601800,XSHG,2026-09-22,5.869999885559082,5.900000095367432,5.849999904632568,5.860000133514404,5.860000133514404,RAW_CLOSE,13968259.0,,CNY
601808,XSHG,2026-09-22,12.390000343322754,12.479999542236328,12.229999542236328,12.229999542236328,12.229999542236328,RAW_CLOSE,11502069.0,,CNY
601816,XSHG,2026-09-22,4.769999980926514,4.789999961853027,4.730000019073486,4.739999771118164,4.739999771118164,RAW_CLOSE,116701146.0,,CNY
601818,XSHG,2026-09-22,3.009999990463257,3.0199999809265137,3.0,3.009999990463257,3.009999990463257,RAW_CLOSE,100289585.0,,CNY
601838,XSHG,2026-09-22,19.040000915527344,19.079999923706055,18.719999313354492,18.989999771118164,18.989999771118164,RAW_CLOSE,22853400.0,,CNY
601857,XSHG,2026-09-22,10.579999923706055,10.850000381469727,10.510000228881836,10.789999961853027,10.789999961853027,RAW_CLOSE,115671707.0,,CNY
601872,XSHG,2026-09-22,22.200000762939453,22.239999771118164,21.149999618530273,21.479999542236328,21.479999542236328,RAW_CLOSE,193902726.0,,CNY
601877,XSHG,2026-09-22,25.3799991607666,25.700000762939453,25.280000686645508,25.389999389648438,25.338035583496094,RAW_CLOSE,11364917.0,,CNY
601878,XSHG,2026-09-22,9.15999984741211,9.199999809265137,9.140000343322754,9.140000343322754,9.140000343322754,RAW_CLOSE,16246100.0,,CNY
601881,XSHG,2026-09-22,12.149999618530273,12.220000267028809,12.119999885559082,12.180000305175781,12.180000305175781,RAW_CLOSE,25411407.0,,CNY
601888,XSHG,2026-09-22,52.29999923706055,52.619998931884766,52.09000015258789,52.27000045776367,52.27000045776367,RAW_CLOSE,13321348.0,,CNY
601899,XSHG,2026-09-22,31.389999389648438,31.75,31.18000030517578,31.40999984741211,31.40999984741211,RAW_CLOSE,132699925.0,,CNY
601901,XSHG,2026-09-22,6.909999847412109,6.949999809265137,6.889999866485596,6.900000095367432,6.900000095367432,RAW_CLOSE,28716347.0,,CNY
601916,XSHG,2026-09-22,2.9100000858306885,2.9100000858306885,2.880000114440918,2.880000114440918,2.880000114440918,RAW_CLOSE,103596275.0,,CNY
601919,XSHG,2026-09-22,16.68000030517578,16.719999313354492,16.389999389648438,16.559999465942383,16.559999465942383,RAW_CLOSE,67682820.0,,CNY
601933,XSHG,2026-09-22,3.059999942779541,3.0799999237060547,3.0299999713897705,3.059999942779541,3.059999942779541,RAW_CLOSE,107617300.0,,CNY
601939,XSHG,2026-09-22,10.880000114440918,10.9399995803833,10.779999732971191,10.920000076293945,10.920000076293945,RAW_CLOSE,73135235.0,,CNY
601985,XSHG,2026-09-22,8.899999618530273,8.899999618530273,8.850000381469727,8.859999656677246,8.859999656677246,RAW_CLOSE,78229894.0,,CNY
601988,XSHG,2026-09-22,6.599999904632568,6.670000076293945,6.53000020980835,6.650000095367432,6.650000095367432,RAW_CLOSE,210100932.0,,CNY
601990,XSHG,2026-09-22,6.710000038146973,6.78000020980835,6.699999809265137,6.739999771118164,6.739999771118164,RAW_CLOSE,17780124.0,,CNY
601995,XSHG,2026-09-22,31.799999237060547,31.799999237060547,31.799999237060547,31.799999237060547,31.799999237060547,RAW_CLOSE,0.0,,CNY
601998,XSHG,2026-09-22,8.930000305175781,9.09000015258789,8.869999885559082,9.039999961853027,9.039999961853027,RAW_CLOSE,51412208.0,,CNY
603019,XSHG,2026-09-22,86.9000015258789,87.22000122070312,84.3499984741211,84.66999816894531,84.66999816894531,RAW_CLOSE,34271508.0,,CNY
603087,XSHG,2026-09-22,71.19000244140625,71.66999816894531,70.44999694824219,70.69000244140625,70.69000244140625,RAW_CLOSE,6837889.0,,CNY
603160,XSHG,2026-09-22,53.790000915527344,56.119998931884766,53.599998474121094,56.0,56.0,RAW_CLOSE,9613700.0,,CNY
603195,XSHG,2026-09-22,38.02000045776367,38.209999084472656,37.900001525878906,37.9900016784668,37.9900016784668,RAW_CLOSE,1807887.0,,CNY
603233,XSHG,2026-09-22,17.860000610351562,18.030000686645508,17.700000762939453,17.75,17.75,RAW_CLOSE,7745959.0,,CNY
603259,XSHG,2026-09-22,167.91000366210938,171.1999969482422,165.5399932861328,167.85000610351562,167.85000610351562,RAW_CLOSE,36997115.0,,CNY
603288,XSHG,2026-09-22,33.86000061035156,34.5,33.83000183105469,34.290000915527344,34.290000915527344,RAW_CLOSE,16044323.0,,CNY
603338,XSHG,2026-09-22,54.0,54.86000061035156,53.45000076293945,53.54999923706055,53.54999923706055,RAW_CLOSE,3339868.0,,CNY
603369,XSHG,2026-09-22,28.40999984741211,28.469999313354492,27.90999984741211,28.350000381469727,28.350000381469727,RAW_CLOSE,8582298.0,,CNY
603392,XSHG,2026-09-22,26.010000228881836,26.3700008392334,25.780000686645508,26.219999313354492,26.219999313354492,RAW_CLOSE,6143413.0,,CNY
603501,XSHG,2026-09-22,81.55000305175781,83.86000061035156,81.37999725341797,82.87999725341797,82.87999725341797,RAW_CLOSE,21490385.0,,CNY
603517,XSHG,2026-09-22,11.789999961853027,11.789999961853027,11.5600004196167,11.630000114440918,11.630000114440918,RAW_CLOSE,3649200.0,,CNY
603658,XSHG,2026-09-22,32.5099983215332,35.709999084472656,32.29999923706055,34.970001220703125,34.970001220703125,RAW_CLOSE,12404379.0,,CNY
603659,XSHG,2026-09-22,21.899999618530273,22.5,21.899999618530273,22.209999084472656,22.209999084472656,RAW_CLOSE,20494417.0,,CNY
603799,XSHG,2026-09-22,36.09000015258789,37.2599983215332,36.09000015258789,36.65999984741211,36.65999984741211,RAW_CLOSE,49529813.0,,CNY
603806,XSHG,2026-09-22,14.539999961853027,14.6899995803833,14.34000015258789,14.380000114440918,14.380000114440918,RAW_CLOSE,18602494.0,,CNY
603833,XSHG,2026-09-22,29.450000762939453,29.690000534057617,29.309999465942383,29.559999465942383,29.559999465942383,RAW_CLOSE,1953100.0,,CNY
603882,XSHG,2026-09-22,28.399999618530273,29.520000457763672,28.309999465942383,29.059999465942383,29.059999465942383,RAW_CLOSE,11428186.0,,CNY
603899,XSHG,2026-09-22,21.760000228881836,22.360000610351562,21.690000534057617,22.100000381469727,22.100000381469727,RAW_CLOSE,3321202.0,,CNY
603939,XSHG,2026-09-22,22.149999618530273,22.59000015258789,22.059999465942383,22.200000762939453,21.91056251525879,RAW_CLOSE,11553711.0,,CNY
603986,XSHG,2026-09-22,399.989990234375,413.42999267578125,394.0,402.1000061035156,402.1000061035156,RAW_CLOSE,50915065.0,,CNY
603993,XSHG,2026-09-22,17.600000381469727,17.969999313354492,17.59000015258789,17.809999465942383,17.809999465942383,RAW_CLOSE,148953930.0,,CNY
688008,XSHG,2026-09-22,230.0,233.19000244140625,220.69000244140625,221.8300018310547,221.8300018310547,RAW_CLOSE,74751149.0,,CNY
688009,XSHG,2026-09-22,4.710000038146973,4.71999979019165,4.670000076293945,4.679999828338623,4.679999828338623,RAW_CLOSE,15710813.0,,CNY
688012,XSHG,2026-09-22,359.0,363.07000732421875,347.69000244140625,350.05999755859375,350.05999755859375,RAW_CLOSE,15792854.0,,CNY
688036,XSHG,2026-09-22,54.20000076293945,57.16999816894531,54.20000076293945,56.79999923706055,56.79999923706055,RAW_CLOSE,17037708.0,,CNY
688111,XSHG,2026-09-22,225.97000122070312,232.49000549316406,225.80999755859375,231.32000732421875,231.32000732421875,RAW_CLOSE,7497083.0,,CNY
688126,XSHG,2026-09-22,24.979999542236328,25.350000381469727,24.530000686645508,24.739999771118164,24.739999771118164,RAW_CLOSE,54724546.0,,CNY
688169,XSHG,2026-09-22,119.33000183105469,121.48999786376953,117.26000213623047,117.5,117.5,RAW_CLOSE,4214371.0,,CNY
688363,XSHG,2026-09-22,35.0,35.349998474121094,34.83000183105469,35.0099983215332,35.0099983215332,RAW_CLOSE,3165662.0,,CNY
688396,XSHG,2026-09-22,62.5,63.2599983215332,61.150001525878906,61.459999084472656,61.459999084472656,RAW_CLOSE,15679363.0,,CNY
000001,XSHE,2026-09-23,11.680000305175781,11.710000038146973,11.550000190734863,11.600000381469727,11.35099983215332,RAW_CLOSE,90672565.0,,CNY
000002,XSHE,2026-09-23,3.809999942779541,4.190000057220459,3.75,3.9200000762939453,3.9200000762939453,RAW_CLOSE,1066284665.0,,CNY
000063,XSHE,2026-09-23,32.810001373291016,33.02000045776367,32.209999084472656,32.279998779296875,32.279998779296875,RAW_CLOSE,74746039.0,,CNY
000066,XSHE,2026-09-23,15.609999656677246,15.720000267028809,15.09000015258789,15.140000343322754,15.140000343322754,RAW_CLOSE,299629214.0,,CNY
000069,XSHE,2026-09-23,1.899999976158142,1.9900000095367432,1.8899999856948853,1.899999976158142,1.899999976158142,RAW_CLOSE,125603717.0,,CNY
000100,XSHE,2026-09-23,5.039999961853027,5.119999885559082,4.920000076293945,4.929999828338623,4.929999828338623,RAW_CLOSE,397566597.0,,CNY
000157,XSHE,2026-09-23,6.159999847412109,6.170000076293945,6.099999904632568,6.099999904632568,6.099999904632568,RAW_CLOSE,43304785.0,,CNY
000166,XSHE,2026-09-23,4.489999771118164,4.5,4.460000038146973,4.46999979019165,4.46999979019165,RAW_CLOSE,36483806.0,,CNY
000333,XSHE,2026-09-23,82.51000213623047,82.83999633789062,82.05000305175781,82.47000122070312,82.47000122070312,RAW_CLOSE,17023657.0,,CNY
000338,XSHE,2026-09-23,26.979999542236328,27.149999618530273,25.610000610351562,25.889999389648438,25.889999389648438,RAW_CLOSE,108819011.0,,CNY
000425,XSHE,2026-09-23,7.269999980926514,7.340000152587891,7.210000038146973,7.230000019073486,7.230000019073486,RAW_CLOSE,105022304.0,,CNY
000538,XSHE,2026-09-23,51.25,51.75,51.029998779296875,51.36000061035156,50.32200241088867,RAW_CLOSE,7675991.0,,CNY
000568,XSHE,2026-09-23,71.61000061035156,73.18000030517578,71.55000305175781,72.11000061035156,72.11000061035156,RAW_CLOSE,10485981.0,,CNY
000596,XSHE,2026-09-23,95.20999908447266,100.5,95.19999694824219,96.80000305175781,96.80000305175781,RAW_CLOSE,4004441.0,,CNY
000625,XSHE,2026-09-23,7.159999847412109,7.210000038146973,7.110000133514404,7.119999885559082,7.119999885559082,RAW_CLOSE,44209167.0,,CNY
000651,XSHE,2026-09-23,38.20000076293945,38.43000030517578,38.150001525878906,38.36000061035156,38.36000061035156,RAW_CLOSE,17229342.0,,CNY
000656,XSHE,2026-09-23,1.25,1.3200000524520874,1.2400000095367432,1.2599999904632568,1.2599999904632568,RAW_CLOSE,362595063.0,,CNY
000661,XSHE,2026-09-23,73.5,74.0999984741211,73.02999877929688,73.25,73.25,RAW_CLOSE,3870388.0,,CNY
000703,XSHE,2026-09-23,16.899999618530273,17.459999084472656,16.719999313354492,17.389999389648438,17.389999389648438,RAW_CLOSE,81542212.0,,CNY
000708,XSHE,2026-09-23,12.869999885559082,12.989999771118164,12.75,12.960000038146973,12.960000038146973,RAW_CLOSE,9138692.0,,CNY
000725,XSHE,2026-09-23,6.090000152587891,6.309999942779541,5.989999771118164,6.019999980926514,6.019999980926514,RAW_CLOSE,1579428056.0,,CNY
000728,XSHE,2026-09-23,7.480000019073486,7.5,7.409999847412109,7.409999847412109,7.409999847412109,RAW_CLOSE,15258347.0,,CNY
000768,XSHE,2026-09-23,22.899999618530273,22.959999084472656,22.469999313354492,22.709999084472656,22.709999084472656,RAW_CLOSE,15413600.0,,CNY
000776,XSHE,2026-09-23,20.959999084472656,20.979999542236328,20.700000762939453,20.829999923706055,20.829999923706055,RAW_CLOSE,26929310.0,,CNY
000783,XSHE,2026-09-23,8.489999771118164,8.539999961853027,8.430000305175781,8.460000038146973,8.460000038146973,RAW_CLOSE,34576256.0,,CNY
000786,XSHE,2026-09-23,16.010000228881836,16.469999313354492,15.979999542236328,16.049999237060547,16.049999237060547,RAW_CLOSE,17774882.0,,CNY
000800,XSHE,2026-09-23,5.920000076293945,6.0,5.909999847412109,5.929999828338623,5.929999828338623,RAW_CLOSE,9183100.0,,CNY
000858,XSHE,2026-09-23,70.30999755859375,71.06999969482422,70.25,70.33999633789062,70.33999633789062,RAW_CLOSE,17357425.0,,CNY
000860,XSHE,2026-09-23,10.600000381469727,10.84000015258789,10.430000305175781,10.4399995803833,10.4399995803833,RAW_CLOSE,11434425.0,,CNY
000876,XSHE,2026-09-23,7.199999809265137,7.199999809265137,7.019999980926514,7.03000020980835,7.03000020980835,RAW_CLOSE,42990420.0,,CNY
000895,XSHE,2026-09-23,23.3799991607666,23.540000915527344,23.280000686645508,23.329999923706055,23.329999923706055,RAW_CLOSE,7496060.0,,CNY
000938,XSHE,2026-09-23,33.58000183105469,34.099998474121094,33.099998474121094,33.65999984741211,33.65999984741211,RAW_CLOSE,96179071.0,,CNY
000963,XSHE,2026-09-23,26.520000457763672,26.68000030517578,26.440000534057617,26.5,26.5,RAW_CLOSE,7707867.0,,CNY
000977,XSHE,2026-09-23,71.86000061035156,72.19000244140625,70.9000015258789,71.2699966430664,71.2699966430664,RAW_CLOSE,38142759.0,,CNY
001979,XSHE,2026-09-23,7.21999979019165,7.539999961853027,7.210000038146973,7.25,7.25,RAW_CLOSE,158287698.0,,CNY
002001,XSHE,2026-09-23,26.559999465942383,26.719999313354492,26.239999771118164,26.34000015258789,26.34000015258789,RAW_CLOSE,13597509.0,,CNY
002007,XSHE,2026-09-23,13.300000190734863,13.449999809265137,13.25,13.300000190734863,13.300000190734863,RAW_CLOSE,10732329.0,,CNY
002008,XSHE,2026-09-23,94.7300033569336,95.83000183105469,92.66000366210938,92.9800033569336,92.9800033569336,RAW_CLOSE,30957864.0,,CNY
002024,XSHE,2026-09-23,1.1699999570846558,1.1699999570846558,1.159999966621399,1.159999966621399,1.159999966621399,RAW_CLOSE,13075379.0,,CNY
002027,XSHE,2026-09-23,4.730000019073486,4.789999961853027,4.710000038146973,4.75,4.75,RAW_CLOSE,87350441.0,,CNY
002032,XSHE,2026-09-23,39.29999923706055,39.7400016784668,39.060001373291016,39.099998474121094,39.099998474121094,RAW_CLOSE,1300400.0,,CNY
002044,XSHE,2026-09-23,4.570000171661377,4.579999923706055,4.480000019073486,4.480000019073486,4.480000019073486,RAW_CLOSE,56197041.0,,CNY
002049,XSHE,2026-09-23,61.86000061035156,61.86000061035156,61.0,61.369998931884766,61.369998931884766,RAW_CLOSE,8853274.0,,CNY
002050,XSHE,2026-09-23,36.29999923706055,36.38999938964844,35.849998474121094,35.9900016784668,35.868858337402344,RAW_CLOSE,26333785.0,,CNY
002120,XSHE,2026-09-23,6.860000133514404,6.940000057220459,6.840000152587891,6.880000114440918,6.880000114440918,RAW_CLOSE,23112800.0,,CNY
002129,XSHE,2026-09-23,9.600000381469727,9.6899995803833,9.489999771118164,9.609999656677246,9.609999656677246,RAW_CLOSE,92531440.0,,CNY
002142,XSHE,2026-09-23,34.689998626708984,34.869998931884766,34.310001373291016,34.720001220703125,34.720001220703125,RAW_CLOSE,17732962.0,,CNY
002153,XSHE,2026-09-23,7.829999923706055,7.900000095367432,7.659999847412109,7.659999847412109,7.659999847412109,RAW_CLOSE,19775391.0,,CNY
002157,XSHE,2026-09-23,3.009999990463257,3.0199999809265137,2.950000047683716,2.9600000381469727,2.9600000381469727,RAW_CLOSE,125964403.0,,CNY
002179,XSHE,2026-09-23,35.18000030517578,35.220001220703125,34.75,34.77000045776367,34.77000045776367,RAW_CLOSE,13362452.0,,CNY
002202,XSHE,2026-09-23,17.90999984741211,18.049999237060547,17.75,17.829999923706055,17.829999923706055,RAW_CLOSE,46873809.0,,CNY
002230,XSHE,2026-09-23,39.130001068115234,39.150001525878906,38.709999084472656,38.720001220703125,38.720001220703125,RAW_CLOSE,13706550.0,,CNY
002236,XSHE,2026-09-23,15.859999656677246,15.90999984741211,15.800000190734863,15.850000381469727,15.850000381469727,RAW_CLOSE,15156079.0,,CNY
002241,XSHE,2026-09-23,24.84000015258789,25.079999923706055,24.399999618530273,24.450000762939453,24.450000762939453,RAW_CLOSE,105604911.0,,CNY
002252,XSHE,2026-09-23,4.96999979019165,5.03000020980835,4.960000038146973,4.96999979019165,4.96999979019165,RAW_CLOSE,30474338.0,,CNY
002271,XSHE,2026-09-23,10.720000267028809,10.949999809265137,10.680000305175781,10.699999809265137,10.699999809265137,RAW_CLOSE,41128572.0,,CNY
002304,XSHE,2026-09-23,38.349998474121094,38.7599983215332,37.970001220703125,38.029998779296875,38.029998779296875,RAW_CLOSE,5566784.0,,CNY
002311,XSHE,2026-09-23,42.09000015258789,42.09000015258789,41.20000076293945,41.439998626708984,41.439998626708984,RAW_CLOSE,8462670.0,,CNY
002352,XSHE,2026-09-23,30.940000534057617,31.059999465942383,30.799999237060547,30.889999389648438,30.889999389648438,RAW_CLOSE,8667834.0,,CNY
002371,XSHE,2026-09-23,675.010009765625,677.0,666.1199951171875,668.1500244140625,668.1500244140625,RAW_CLOSE,3663621.0,,CNY
002384,XSHE,2026-09-23,197.00999450683594,198.55999755859375,192.10000610351562,193.0,193.0,RAW_CLOSE,48486143.0,,CNY
002410,XSHE,2026-09-23,8.600000381469727,8.609999656677246,8.449999809265137,8.460000038146973,8.460000038146973,RAW_CLOSE,18896860.0,,CNY
002414,XSHE,2026-09-23,12.210000038146973,12.25,12.020000457763672,12.020000457763672,12.020000457763672,RAW_CLOSE,35330505.0,,CNY
002415,XSHE,2026-09-23,33.189998626708984,33.20000076293945,32.93000030517578,33.11000061035156,33.11000061035156,RAW_CLOSE,27796362.0,,CNY
002456,XSHE,2026-09-23,6.960000038146973,7.010000228881836,6.849999904632568,6.849999904632568,6.849999904632568,RAW_CLOSE,50593071.0,,CNY
002460,XSHE,2026-09-23,46.400001525878906,46.5,45.290000915527344,45.529998779296875,45.529998779296875,RAW_CLOSE,22480399.0,,CNY
002463,XSHE,2026-09-23,124.66000366210938,129.6699981689453,124.11000061035156,128.10000610351562,128.10000610351562,RAW_CLOSE,61943825.0,,CNY
002475,XSHE,2026-09-23,54.900001525878906,55.130001068115234,54.13999938964844,54.369998931884766,54.369998931884766,RAW_CLOSE,40857099.0,,CNY
002493,XSHE,2026-09-23,13.199999809265137,13.65999984741211,13.100000381469727,13.550000190734863,13.550000190734863,RAW_CLOSE,51836386.0,,CNY
002508,XSHE,2026-09-23,16.559999465942383,17.020000457763672,16.43000030517578,16.479999542236328,16.479999542236328,RAW_CLOSE,8073387.0,,CNY
002555,XSHE,2026-09-23,17.760000228881836,17.780000686645508,17.3700008392334,17.389999389648438,17.389999389648438,RAW_CLOSE,23065982.0,,CNY
002558,XSHE,2026-09-23,24.18000030517578,24.3799991607666,23.600000381469727,23.600000381469727,23.600000381469727,RAW_CLOSE,47046733.0,,CNY
002594,XSHE,2026-09-23,86.0,86.55000305175781,85.66000366210938,85.8499984741211,85.8499984741211,RAW_CLOSE,17315474.0,,CNY
002600,XSHE,2026-09-23,12.550000190734863,12.59000015258789,12.350000381469727,12.369999885559082,12.369999885559082,RAW_CLOSE,69573100.0,,CNY
002601,XSHE,2026-09-23,15.25,15.3100004196167,15.149999618530273,15.239999771118164,15.239999771118164,RAW_CLOSE,6175651.0,,CNY
002602,XSHE,2026-09-23,14.579999923706055,14.600000381469727,14.25,14.34000015258789,14.260000228881836,RAW_CLOSE,90277007.0,,CNY
002607,XSHE,2026-09-23,1.9500000476837158,1.9700000286102295,1.8899999856948853,1.899999976158142,1.899999976158142,RAW_CLOSE,158506800.0,,CNY
002624,XSHE,2026-09-23,9.970000267028809,10.069999694824219,9.880000114440918,9.890000343322754,9.890000343322754,RAW_CLOSE,33177280.0,,CNY
002673,XSHE,2026-09-23,6.789999961853027,6.809999942779541,6.739999771118164,6.739999771118164,6.739999771118164,RAW_CLOSE,15440624.0,,CNY
002714,XSHE,2026-09-23,41.810001373291016,42.0,41.33000183105469,41.400001525878906,41.400001525878906,RAW_CLOSE,19879913.0,,CNY
002736,XSHE,2026-09-23,9.970000267028809,10.020000457763672,9.9399995803833,9.979999542236328,9.979999542236328,RAW_CLOSE,12375257.0,,CNY
002739,XSHE,2026-09-23,8.579999923706055,8.609999656677246,8.470000267028809,8.489999771118164,8.489999771118164,RAW_CLOSE,34931918.0,,CNY
002773,XSHE,2026-09-23,20.31999969482422,20.549999237060547,20.149999618530273,20.170000076293945,20.170000076293945,RAW_CLOSE,4076984.0,,CNY
002812,XSHE,2026-09-23,47.5,47.70000076293945,46.869998931884766,47.5,47.5,RAW_CLOSE,10227154.0,,CNY
002821,XSHE,2026-09-23,188.0,191.69000244140625,186.3000030517578,188.00999450683594,188.00999450683594,RAW_CLOSE,6273414.0,,CNY
002841,XSHE,2026-09-23,48.099998474121094,48.189998626708984,46.400001525878906,46.599998474121094,46.599998474121094,RAW_CLOSE,5808648.0,,CNY
002916,XSHE,2026-09-23,399.0199890136719,424.0400085449219,398.0299987792969,414.7699890136719,414.7699890136719,RAW_CLOSE,10866549.0,,CNY
002938,XSHE,2026-09-23,88.55999755859375,91.4800033569336,87.8499984741211,88.19000244140625,88.19000244140625,RAW_CLOSE,19199889.0,,CNY
002939,XSHE,2026-09-23,7.909999847412109,7.909999847412109,7.860000133514404,7.869999885559082,7.869999885559082,RAW_CLOSE,9381807.0,,CNY
002945,XSHE,2026-09-23,14.989999771118164,15.109999656677246,14.710000038146973,14.770000457763672,14.770000457763672,RAW_CLOSE,15700965.0,,CNY
003816,XSHE,2026-09-23,4.190000057220459,4.210000038146973,4.159999847412109,4.179999828338623,4.179999828338623,RAW_CLOSE,62532600.0,,CNY
300003,XSHE,2026-09-23,11.630000114440918,11.65999984741211,11.550000190734863,11.579999923706055,11.579999923706055,RAW_CLOSE,8803800.0,,CNY
300014,XSHE,2026-09-23,50.31999969482422,50.58000183105469,49.79999923706055,50.029998779296875,50.029998779296875,RAW_CLOSE,18891959.0,,CNY
300015,XSHE,2026-09-23,8.069999694824219,8.119999885559082,8.010000228881836,8.010000228881836,8.010000228881836,RAW_CLOSE,36521481.0,,CNY
300033,XSHE,2026-09-23,211.0,211.6300048828125,207.8000030517578,208.63999938964844,208.63999938964844,RAW_CLOSE,5201204.0,,CNY
300059,XSHE,2026-09-23,18.690000534057617,18.760000228881836,18.600000381469727,18.649999618530273,18.649999618530273,RAW_CLOSE,105666310.0,,CNY
300122,XSHE,2026-09-23,13.34000015258789,13.729999542236328,13.289999961853027,13.4399995803833,13.4399995803833,RAW_CLOSE,42279263.0,,CNY
300124,XSHE,2026-09-23,53.79999923706055,53.97999954223633,52.68000030517578,52.720001220703125,52.720001220703125,RAW_CLOSE,23127568.0,,CNY
300136,XSHE,2026-09-23,59.0,59.369998931884766,57.56999969482422,58.0099983215332,58.0099983215332,RAW_CLOSE,26600439.0,,CNY
300142,XSHE,2026-09-23,14.0,14.329999923706055,13.9399995803833,14.079999923706055,14.079999923706055,RAW_CLOSE,114241987.0,,CNY
300144,XSHE,2026-09-23,5.809999942779541,5.860000133514404,5.760000228881836,5.769999980926514,5.769999980926514,RAW_CLOSE,21957346.0,,CNY
300274,XSHE,2026-09-23,88.0,88.58000183105469,86.5999984741211,86.83000183105469,86.83000183105469,RAW_CLOSE,34543600.0,,CNY
300347,XSHE,2026-09-23,57.7599983215332,59.5,57.59000015258789,58.5,58.5,RAW_CLOSE,9940776.0,,CNY
300408,XSHE,2026-09-23,131.6199951171875,132.9199981689453,128.8800048828125,130.39999389648438,130.39999389648438,RAW_CLOSE,30348251.0,,CNY
300413,XSHE,2026-09-23,19.040000915527344,19.450000762939453,18.690000534057617,19.329999923706055,19.329999923706055,RAW_CLOSE,71104792.0,,CNY
300433,XSHE,2026-09-23,34.45000076293945,35.119998931884766,33.91999816894531,34.040000915527344,34.040000915527344,RAW_CLOSE,66955561.0,,CNY
300450,XSHE,2026-09-23,32.27000045776367,32.630001068115234,32.119998931884766,32.40999984741211,32.40999984741211,RAW_CLOSE,20427710.0,,CNY
300498,XSHE,2026-09-23,14.850000381469727,14.970000267028809,14.760000228881836,14.789999961853027,14.789999961853027,RAW_CLOSE,21459857.0,,CNY
300529,XSHE,2026-09-23,15.229999542236328,15.300000190734863,15.149999618530273,15.170000076293945,15.170000076293945,RAW_CLOSE,3478100.0,,CNY
300558,XSHE,2026-09-23,50.56999969482422,51.349998474121094,50.189998626708984,50.36000061035156,50.36000061035156,RAW_CLOSE,9623926.0,,CNY
300595,XSHE,2026-09-23,10.199999809265137,10.579999923706055,10.199999809265137,10.270000457763672,10.270000457763672,RAW_CLOSE,8240943.0,,CNY
300601,XSHE,2026-09-23,13.050000190734863,13.399999618530273,13.0,13.180000305175781,13.180000305175781,RAW_CLOSE,22902623.0,,CNY
300628,XSHE,2026-09-23,41.54999923706055,41.93000030517578,41.119998931884766,41.52000045776367,41.52000045776367,RAW_CLOSE,4490389.0,,CNY
300677,XSHE,2026-09-23,50.70000076293945,51.16999816894531,49.70000076293945,49.79999923706055,49.79999923706055,RAW_CLOSE,5611864.0,,CNY
600000,XSHG,2026-09-23,9.020000457763672,9.050000190734863,8.949999809265137,8.979999542236328,8.979999542236328,RAW_CLOSE,51124386.0,,CNY
600009,XSHG,2026-09-23,22.809999465942383,22.979999542236328,22.709999084472656,22.75,22.75,RAW_CLOSE,5021951.0,,CNY
600010,XSHG,2026-09-23,2.119999885559082,2.1600000858306885,2.109999895095825,2.119999885559082,2.119999885559082,RAW_CLOSE,333333995.0,,CNY
600011,XSHG,2026-09-23,6.78000020980835,6.789999961853027,6.739999771118164,6.760000228881836,6.760000228881836,RAW_CLOSE,32586300.0,,CNY
600015,XSHG,2026-09-23,6.239999771118164,6.25,6.21999979019165,6.230000019073486,6.230000019073486,RAW_CLOSE,33684833.0,,CNY
600016,XSHG,2026-09-23,3.490000009536743,3.509999990463257,3.450000047683716,3.4700000286102295,3.4700000286102295,RAW_CLOSE,184904956.0,,CNY
600018,XSHG,2026-09-23,5.349999904632568,5.409999847412109,5.329999923706055,5.380000114440918,5.380000114440918,RAW_CLOSE,32238439.0,,CNY
600019,XSHG,2026-09-23,5.730000019073486,5.820000171661377,5.710000038146973,5.75,5.75,RAW_CLOSE,78348695.0,,CNY
600025,XSHG,2026-09-23,9.600000381469727,9.619999885559082,9.550000190734863,9.600000381469727,9.600000381469727,RAW_CLOSE,21117428.0,,CNY
600028,XSHG,2026-09-23,5.289999961853027,5.380000114440918,5.269999980926514,5.289999961853027,5.18480110168457,RAW_CLOSE,194998204.0,,CNY
600029,XSHG,2026-09-23,4.96999979019165,5.0,4.960000038146973,4.96999979019165,4.96999979019165,RAW_CLOSE,38491851.0,,CNY
600030,XSHG,2026-09-23,26.899999618530273,26.950000762939453,26.670000076293945,26.790000915527344,26.790000915527344,RAW_CLOSE,48055701.0,,CNY
600031,XSHG,2026-09-23,17.719999313354492,17.889999389648438,17.5,17.510000228881836,17.510000228881836,RAW_CLOSE,70150573.0,,CNY
600036,XSHG,2026-09-23,40.83000183105469,41.16999816894531,40.540000915527344,40.599998474121094,40.599998474121094,RAW_CLOSE,41834474.0,,CNY
600048,XSHG,2026-09-23,5.659999847412109,5.900000095367432,5.590000152587891,5.639999866485596,5.639999866485596,RAW_CLOSE,372714222.0,,CNY
600050,XSHG,2026-09-23,4.210000038146973,4.21999979019165,4.170000076293945,4.170000076293945,4.170000076293945,RAW_CLOSE,83543749.0,,CNY
600061,XSHG,2026-09-23,6.340000152587891,6.360000133514404,6.289999961853027,6.300000190734863,6.300000190734863,RAW_CLOSE,18858115.0,,CNY
600079,XSHG,2026-09-23,18.690000534057617,18.8799991607666,18.670000076293945,18.829999923706055,18.829999923706055,RAW_CLOSE,5575334.0,,CNY
600085,XSHG,2026-09-23,23.579999923706055,23.770000457763672,23.530000686645508,23.610000610351562,23.610000610351562,RAW_CLOSE,2807052.0,,CNY
600104,XSHG,2026-09-23,11.050000190734863,11.0600004196167,10.869999885559082,10.869999885559082,10.869999885559082,RAW_CLOSE,39176746.0,,CNY
600109,XSHG,2026-09-23,8.350000381469727,8.380000114440918,8.279999732971191,8.279999732971191,8.279999732971191,RAW_CLOSE,15232150.0,,CNY
600111,XSHG,2026-09-23,37.900001525878906,37.939998626708984,37.369998931884766,37.41999816894531,37.41999816894531,RAW_CLOSE,22492705.0,,CNY
600115,XSHG,2026-09-23,3.4600000381469727,3.5,3.450000047683716,3.4600000381469727,3.4600000381469727,RAW_CLOSE,139978091.0,,CNY
600118,XSHG,2026-09-23,58.88999938964844,58.9900016784668,57.5,57.720001220703125,57.720001220703125,RAW_CLOSE,16408517.0,,CNY
600132,XSHG,2026-09-23,38.2400016784668,38.869998931884766,38.029998779296875,38.31999969482422,38.31999969482422,RAW_CLOSE,3010319.0,,CNY
600143,XSHG,2026-09-23,13.359999656677246,13.380000114440918,13.180000305175781,13.220000267028809,13.220000267028809,RAW_CLOSE,15249868.0,,CNY
600150,XSHG,2026-09-23,40.040000915527344,40.13999938964844,38.529998779296875,38.59000015258789,38.59000015258789,RAW_CLOSE,84187455.0,,CNY
600161,XSHG,2026-09-23,12.380000114440918,12.479999542236328,12.3100004196167,12.3100004196167,12.3100004196167,RAW_CLOSE,7272694.0,,CNY
600176,XSHG,2026-09-23,45.11000061035156,46.18000030517578,44.43000030517578,45.619998931884766,45.619998931884766,RAW_CLOSE,147004364.0,,CNY
600183,XSHG,2026-09-23,143.0,146.0,142.02000427246094,143.55999755859375,143.55999755859375,RAW_CLOSE,41642723.0,,CNY
600196,XSHG,2026-09-23,23.1299991607666,23.399999618530273,23.010000228881836,23.1299991607666,23.1299991607666,RAW_CLOSE,18292541.0,,CNY
600233,XSHG,2026-09-23,17.6299991607666,18.190000534057617,17.6299991607666,17.84000015258789,17.84000015258789,RAW_CLOSE,20517383.0,,CNY
600276,XSHG,2026-09-23,45.59000015258789,46.09000015258789,45.40999984741211,45.58000183105469,45.58000183105469,RAW_CLOSE,43438412.0,,CNY
600299,XSHG,2026-09-23,8.399999618530273,8.420000076293945,8.300000190734863,8.369999885559082,8.369999885559082,RAW_CLOSE,19298725.0,,CNY
600309,XSHG,2026-09-23,70.66000366210938,72.48999786376953,69.62000274658203,71.5999984741211,71.5999984741211,RAW_CLOSE,38983055.0,,CNY
600332,XSHG,2026-09-23,19.65999984741211,19.760000228881836,19.59000015258789,19.670000076293945,19.670000076293945,RAW_CLOSE,4163585.0,,CNY
600340,XSHG,2026-09-23,1.1200000047683716,1.2300000190734863,1.1200000047683716,1.149999976158142,1.149999976158142,RAW_CLOSE,161330969.0,,CNY
600352,XSHG,2026-09-23,12.630000114440918,12.770000457763672,12.449999809265137,12.5,12.5,RAW_CLOSE,31105752.0,,CNY
600362,XSHG,2026-09-23,45.47999954223633,45.540000915527344,44.400001525878906,44.54999923706055,44.54999923706055,RAW_CLOSE,35090163.0,,CNY
600383,XSHG,2026-09-23,2.4800000190734863,2.6500000953674316,2.4700000286102295,2.509999990463257,2.509999990463257,RAW_CLOSE,315949869.0,,CNY
600406,XSHG,2026-09-23,22.25,22.43000030517578,22.1200008392334,22.3799991607666,22.228755950927734,RAW_CLOSE,30679442.0,,CNY
600426,XSHG,2026-09-23,20.25,20.6299991607666,20.06999969482422,20.3799991607666,20.3799991607666,RAW_CLOSE,26239438.0,,CNY
600436,XSHG,2026-09-23,120.19999694824219,121.87999725341797,119.75,120.0999984741211,120.0999984741211,RAW_CLOSE,1770835.0,,CNY
600438,XSHG,2026-09-23,11.720000267028809,11.819999694824219,11.550000190734863,11.579999923706055,11.579999923706055,RAW_CLOSE,25572024.0,,CNY
600482,XSHG,2026-09-23,35.63999938964844,35.63999938964844,34.599998474121094,34.72999954223633,34.72999954223633,RAW_CLOSE,10239061.0,,CNY
600489,XSHG,2026-09-23,23.600000381469727,23.700000762939453,23.329999923706055,23.399999618530273,23.399999618530273,RAW_CLOSE,39332943.0,,CNY
600519,XSHG,2026-09-23,1255.030029296875,1271.5,1250.8900146484375,1251.239990234375,1251.239990234375,RAW_CLOSE,3098122.0,,CNY
600521,XSHG,2026-09-23,16.5,16.6299991607666,16.329999923706055,16.40999984741211,16.40999984741211,RAW_CLOSE,17316859.0,,CNY
600522,XSHG,2026-09-23,36.599998474121094,36.779998779296875,35.540000915527344,35.779998779296875,35.779998779296875,RAW_CLOSE,170381437.0,,CNY
600547,XSHG,2026-09-23,31.5,31.6299991607666,30.790000915527344,30.93000030517578,30.93000030517578,RAW_CLOSE,48471229.0,,CNY
600570,XSHG,2026-09-23,20.450000762939453,20.479999542236328,20.190000534057617,20.200000762939453,20.200000762939453,RAW_CLOSE,11769109.0,,CNY
600584,XSHG,2026-09-23,72.4000015258789,72.5199966430664,70.9800033569336,71.81999969482422,71.7699966430664,RAW_CLOSE,57705027.0,,CNY
600585,XSHG,2026-09-23,17.09000015258789,17.670000076293945,17.049999237060547,17.299999237060547,17.16754913330078,RAW_CLOSE,25565887.0,,CNY
600588,XSHG,2026-09-23,9.819999694824219,9.859999656677246,9.5,9.5,9.5,RAW_CLOSE,52066168.0,,CNY
600600,XSHG,2026-09-23,50.119998931884766,51.0,49.970001220703125,50.459999084472656,50.459999084472656,RAW_CLOSE,4215246.0,,CNY
600606,XSHG,2026-09-23,1.5199999809265137,1.6799999475479126,1.5,1.5099999904632568,1.5099999904632568,RAW_CLOSE,599737134.0,,CNY
600655,XSHG,2026-09-23,4.619999885559082,4.670000076293945,4.570000171661377,4.570000171661377,4.570000171661377,RAW_CLOSE,8672781.0,,CNY
600660,XSHG,2026-09-23,53.83000183105469,53.9900016784668,53.349998474121094,53.79999923706055,52.79999923706055,RAW_CLOSE,5882620.0,,CNY
600690,XSHG,2026-09-23,20.170000076293945,20.350000381469727,20.100000381469727,20.200000762939453,20.200000762939453,RAW_CLOSE,24645070.0,,CNY
600703,XSHG,2026-09-23,12.819999694824219,13.069999694824219,12.75,12.829999923706055,12.829999923706055,RAW_CLOSE,68209416.0,,CNY
600741,XSHG,2026-09-23,14.90999984741211,14.930000305175781,14.770000457763672,14.819999694824219,14.819999694824219,RAW_CLOSE,9351373.0,,CNY
600745,XSHG,2026-09-23,17.420000076293945,17.43000030517578,17.100000381469727,17.100000381469727,17.100000381469727,RAW_CLOSE,23332935.0,,CNY
600760,XSHG,2026-09-23,44.709999084472656,44.72999954223633,44.0099983215332,44.08000183105469,44.08000183105469,RAW_CLOSE,8314847.0,,CNY
600763,XSHG,2026-09-23,33.630001068115234,34.2599983215332,33.58000183105469,33.86000061035156,33.86000061035156,RAW_CLOSE,5371432.0,,CNY
600795,XSHG,2026-09-23,5.179999828338623,5.190000057220459,5.110000133514404,5.119999885559082,5.119999885559082,RAW_CLOSE,107758256.0,,CNY
600809,XSHG,2026-09-23,112.97000122070312,115.88999938964844,112.69999694824219,114.02999877929688,114.02999877929688,RAW_CLOSE,5811325.0,,CNY
600845,XSHG,2026-09-23,18.450000762939453,18.530000686645508,18.270000457763672,18.34000015258789,18.34000015258789,RAW_CLOSE,15320602.0,,CNY
600848,XSHG,2026-09-23,8.680000305175781,8.819999694824219,8.640000343322754,8.720000267028809,8.720000267028809,RAW_CLOSE,9379600.0,,CNY
600872,XSHG,2026-09-23,17.309999465942383,17.610000610351562,17.200000762939453,17.389999389648438,17.389999389648438,RAW_CLOSE,8325840.0,,CNY
600887,XSHG,2026-09-23,26.770000457763672,27.139999389648438,26.68000030517578,26.920000076293945,26.920000076293945,RAW_CLOSE,41139270.0,,CNY
600893,XSHG,2026-09-23,39.650001525878906,39.9900016784668,38.79999923706055,39.560001373291016,39.560001373291016,RAW_CLOSE,21951472.0,,CNY
600900,XSHG,2026-09-23,28.010000228881836,28.1200008392334,27.940000534057617,28.079999923706055,28.079999923706055,RAW_CLOSE,71713506.0,,CNY
600918,XSHG,2026-09-23,5.559999942779541,5.579999923706055,5.489999771118164,5.510000228881836,5.510000228881836,RAW_CLOSE,21337543.0,,CNY
600919,XSHG,2026-09-23,12.079999923706055,12.140000343322754,12.010000228881836,12.069999694824219,12.069999694824219,RAW_CLOSE,57151616.0,,CNY
600926,XSHG,2026-09-23,17.079999923706055,17.18000030517578,16.979999542236328,17.139999389648438,16.682401657104492,RAW_CLOSE,22906345.0,,CNY
600958,XSHG,2026-09-23,8.970000267028809,8.989999771118164,8.930000305175781,8.930000305175781,8.930000305175781,RAW_CLOSE,19015755.0,,CNY
600989,XSHG,2026-09-23,23.010000228881836,23.059999465942383,22.469999313354492,22.579999923706055,22.579999923706055,RAW_CLOSE,55454806.0,,CNY
600999,XSHG,2026-09-23,18.0,18.1200008392334,17.809999465942383,17.829999923706055,17.829999923706055,RAW_CLOSE,24434274.0,,CNY
601006,XSHG,2026-09-23,4.710000038146973,4.71999979019165,4.679999828338623,4.690000057220459,4.690000057220459,RAW_CLOSE,72939920.0,,CNY
601009,XSHG,2026-09-23,11.760000228881836,11.850000381469727,11.6899995803833,11.729999542236328,11.729999542236328,RAW_CLOSE,34048703.0,,CNY
601012,XSHG,2026-09-23,11.380000114440918,11.5600004196167,11.319999694824219,11.40999984741211,11.40999984741211,RAW_CLOSE,62738966.0,,CNY
601021,XSHG,2026-09-23,42.0,42.290000915527344,41.84000015258789,41.939998626708984,41.6099967956543,RAW_CLOSE,5072128.0,,CNY
601066,XSHG,2026-09-23,23.770000457763672,23.829999923706055,23.610000610351562,23.670000076293945,23.670000076293945,RAW_CLOSE,6919399.0,,CNY
601077,XSHG,2026-09-23,6.559999942779541,6.579999923706055,6.5,6.539999961853027,6.539999961853027,RAW_CLOSE,43766630.0,,CNY
601088,XSHG,2026-09-23,47.5099983215332,47.84000015258789,47.119998931884766,47.209999084472656,47.209999084472656,RAW_CLOSE,13238520.0,,CNY
601100,XSHG,2026-09-23,92.38999938964844,93.25,91.05000305175781,91.5999984741211,91.5999984741211,RAW_CLOSE,6347926.0,,CNY
601108,XSHG,2026-09-23,8.640000343322754,8.680000305175781,8.539999961853027,8.5600004196167,8.5600004196167,RAW_CLOSE,30413151.0,,CNY
601111,XSHG,2026-09-23,5.929999828338623,6.010000228881836,5.929999828338623,5.960000038146973,5.960000038146973,RAW_CLOSE,63786811.0,,CNY
601138,XSHG,2026-09-23,63.4900016784668,63.779998779296875,62.849998474121094,62.97999954223633,62.97999954223633,RAW_CLOSE,42412179.0,,CNY
601155,XSHG,2026-09-23,12.800000190734863,13.319999694824219,12.710000038146973,12.949999809265137,12.949999809265137,RAW_CLOSE,29459730.0,,CNY
601162,XSHG,2026-09-23,3.7200000286102295,3.75,3.6600000858306885,3.6700000762939453,3.6700000762939453,RAW_CLOSE,107442068.0,,CNY
601166,XSHG,2026-09-23,17.850000381469727,17.940000534057617,17.81999969482422,17.8700008392334,17.8700008392334,RAW_CLOSE,39844639.0,,CNY
601169,XSHG,2026-09-23,5.5,5.53000020980835,5.449999809265137,5.46999979019165,5.46999979019165,RAW_CLOSE,115042308.0,,CNY
601186,XSHG,2026-09-23,6.03000020980835,6.079999923706055,6.010000228881836,6.03000020980835,6.03000020980835,RAW_CLOSE,27031366.0,,CNY
601211,XSHG,2026-09-23,17.68000030517578,17.780000686645508,17.540000915527344,17.670000076293945,17.670000076293945,RAW_CLOSE,41678075.0,,CNY
601216,XSHG,2026-09-23,4.53000020980835,4.550000190734863,4.46999979019165,4.510000228881836,4.510000228881836,RAW_CLOSE,46719313.0,,CNY
601225,XSHG,2026-09-23,25.889999389648438,26.219999313354492,25.5,25.68000030517578,25.68000030517578,RAW_CLOSE,22438084.0,,CNY
601229,XSHG,2026-09-23,9.520000457763672,9.569999694824219,9.430000305175781,9.470000267028809,9.470000267028809,RAW_CLOSE,34373083.0,,CNY
601231,XSHG,2026-09-23,27.059999465942383,27.18000030517578,26.530000686645508,26.940000534057617,26.940000534057617,RAW_CLOSE,24249069.0,,CNY
601236,XSHG,2026-09-23,7.079999923706055,7.110000133514404,6.989999771118164,7.010000228881836,7.010000228881836,RAW_CLOSE,24688354.0,,CNY
601238,XSHG,2026-09-23,5.090000152587891,5.090000152587891,5.090000152587891,5.090000152587891,5.090000152587891,RAW_CLOSE,0.0,,CNY
601288,XSHG,2026-09-23,6.869999885559082,6.900000095367432,6.760000228881836,6.829999923706055,6.829999923706055,RAW_CLOSE,312223740.0,,CNY
601318,XSHG,2026-09-23,54.349998474121094,54.470001220703125,53.849998474121094,53.869998931884766,53.869998931884766,RAW_CLOSE,39679222.0,,CNY
601319,XSHG,2026-09-23,8.130000114440918,8.1899995803833,8.029999732971191,8.069999694824219,8.069999694824219,RAW_CLOSE,48776813.0,,CNY
601328,XSHG,2026-09-23,7.550000190734863,7.619999885559082,7.480000019073486,7.519999980926514,7.519999980926514,RAW_CLOSE,102612058.0,,CNY
601336,XSHG,2026-09-23,58.5,58.65999984741211,57.849998474121094,57.880001068115234,57.880001068115234,RAW_CLOSE,8383247.0,,CNY
601360,XSHG,2026-09-23,9.130000114440918,9.140000343322754,8.949999809265137,9.029999732971191,9.029999732971191,RAW_CLOSE,80305729.0,,CNY
601377,XSHG,2026-09-23,5.96999979019165,5.980000019073486,5.909999847412109,5.920000076293945,5.920000076293945,RAW_CLOSE,41543480.0,,CNY
601390,XSHG,2026-09-23,4.309999942779541,4.349999904632568,4.289999961853027,4.289999961853027,4.289999961853027,RAW_CLOSE,76029405.0,,CNY
601398,XSHG,2026-09-23,8.09000015258789,8.15999984741211,8.029999732971191,8.09000015258789,8.09000015258789,RAW_CLOSE,188066056.0,,CNY
601555,XSHG,2026-09-23,8.359999656677246,8.369999885559082,8.25,8.260000228881836,8.260000228881836,RAW_CLOSE,17715784.0,,CNY
601600,XSHG,2026-09-23,9.270000457763672,9.380000114440918,9.100000381469727,9.119999885559082,9.119999885559082,RAW_CLOSE,144965078.0,,CNY
601601,XSHG,2026-09-23,32.08000183105469,32.189998626708984,31.579999923706055,31.610000610351562,31.610000610351562,RAW_CLOSE,29701602.0,,CNY
601607,XSHG,2026-09-23,16.049999237060547,16.149999618530273,15.979999542236328,16.059999465942383,16.059999465942383,RAW_CLOSE,6910120.0,,CNY
601618,XSHG,2026-09-23,2.559999942779541,2.5999999046325684,2.549999952316284,2.549999952316284,2.549999952316284,RAW_CLOSE,73838689.0,,CNY
601628,XSHG,2026-09-23,38.63999938964844,38.849998474121094,38.38999938964844,38.599998474121094,38.599998474121094,RAW_CLOSE,14794014.0,,CNY
601633,XSHG,2026-09-23,14.079999923706055,14.279999732971191,14.039999961853027,14.109999656677246,14.109999656677246,RAW_CLOSE,13696672.0,,CNY
601658,XSHG,2026-09-23,5.320000171661377,5.380000114440918,5.28000020980835,5.320000171661377,5.320000171661377,RAW_CLOSE,115429100.0,,CNY
601668,XSHG,2026-09-23,4.300000190734863,4.349999904632568,4.269999980926514,4.28000020980835,4.28000020980835,RAW_CLOSE,215141220.0,,CNY
601669,XSHG,2026-09-23,4.610000133514404,4.630000114440918,4.590000152587891,4.590000152587891,4.590000152587891,RAW_CLOSE,45883400.0,,CNY
601688,XSHG,2026-09-23,18.479999542236328,18.549999237060547,18.309999465942383,18.350000381469727,18.350000381469727,RAW_CLOSE,35353209.0,,CNY
601696,XSHG,2026-09-23,11.399999618530273,11.449999809265137,11.270000457763672,11.279999732971191,11.279999732971191,RAW_CLOSE,18949413.0,,CNY
601698,XSHG,2026-09-23,24.0,24.059999465942383,23.530000686645508,23.56999969482422,23.56999969482422,RAW_CLOSE,15617306.0,,CNY
601727,XSHG,2026-09-23,6.690000057220459,6.699999809265137,6.619999885559082,6.650000095367432,6.650000095367432,RAW_CLOSE,51415701.0,,CNY
601766,XSHG,2026-09-23,5.980000019073486,6.010000228881836,5.909999847412109,5.920000076293945,5.920000076293945,RAW_CLOSE,99364637.0,,CNY
601788,XSHG,2026-09-23,14.079999923706055,14.100000381469727,13.9399995803833,13.960000038146973,13.960000038146973,RAW_CLOSE,8672634.0,,CNY
601799,XSHG,2026-09-23,71.12000274658203,71.95999908447266,70.70999908447266,70.80999755859375,70.80999755859375,RAW_CLOSE,2800685.0,,CNY
601800,XSHG,2026-09-23,5.860000133514404,5.909999847412109,5.840000152587891,5.860000133514404,5.860000133514404,RAW_CLOSE,17830261.0,,CNY
601808,XSHG,2026-09-23,12.170000076293945,12.220000267028809,12.039999961853027,12.119999885559082,12.119999885559082,RAW_CLOSE,8808150.0,,CNY
601816,XSHG,2026-09-23,4.739999771118164,4.75,4.710000038146973,4.710000038146973,4.710000038146973,RAW_CLOSE,87148427.0,,CNY
601818,XSHG,2026-09-23,3.009999990463257,3.0199999809265137,3.0,3.0,3.0,RAW_CLOSE,108911415.0,,CNY
601838,XSHG,2026-09-23,18.950000762939453,19.06999969482422,18.75,18.850000381469727,18.850000381469727,RAW_CLOSE,12077761.0,,CNY
601857,XSHG,2026-09-23,10.800000190734863,10.819999694824219,10.65999984741211,10.710000038146973,10.710000038146973,RAW_CLOSE,85547461.0,,CNY
601872,XSHG,2026-09-23,20.799999237060547,21.079999923706055,20.520000457763672,20.780000686645508,20.780000686645508,RAW_CLOSE,121522623.0,,CNY
601877,XSHG,2026-09-23,25.389999389648438,25.59000015258789,25.149999618530273,25.18000030517578,25.12846565246582,RAW_CLOSE,8147293.0,,CNY
601878,XSHG,2026-09-23,9.149999618530273,9.180000305175781,9.109999656677246,9.140000343322754,9.140000343322754,RAW_CLOSE,13316788.0,,CNY
601881,XSHG,2026-09-23,12.180000305175781,12.1899995803833,12.09000015258789,12.09000015258789,12.09000015258789,RAW_CLOSE,13286348.0,,CNY
601888,XSHG,2026-09-23,52.119998931884766,52.79999923706055,51.95000076293945,52.189998626708984,52.189998626708984,RAW_CLOSE,13348311.0,,CNY
601899,XSHG,2026-09-23,31.649999618530273,31.770000457763672,31.31999969482422,31.40999984741211,31.40999984741211,RAW_CLOSE,102959649.0,,CNY
601901,XSHG,2026-09-23,6.889999866485596,6.929999828338623,6.860000133514404,6.869999885559082,6.869999885559082,RAW_CLOSE,22607392.0,,CNY
601916,XSHG,2026-09-23,2.880000114440918,2.890000104904175,2.859999895095825,2.859999895095825,2.859999895095825,RAW_CLOSE,93170400.0,,CNY
601919,XSHG,2026-09-23,16.5,16.549999237060547,16.290000915527344,16.360000610351562,16.360000610351562,RAW_CLOSE,47349279.0,,CNY
601933,XSHG,2026-09-23,3.049999952316284,3.059999942779541,3.009999990463257,3.009999990463257,3.009999990463257,RAW_CLOSE,78266022.0,,CNY
601939,XSHG,2026-09-23,10.890000343322754,10.970000267028809,10.760000228881836,10.829999923706055,10.829999923706055,RAW_CLOSE,84684225.0,,CNY
601985,XSHG,2026-09-23,8.850000381469727,8.880000114440918,8.829999923706055,8.850000381469727,8.850000381469727,RAW_CLOSE,60483602.0,,CNY
601988,XSHG,2026-09-23,6.619999885559082,6.670000076293945,6.5,6.579999923706055,6.579999923706055,RAW_CLOSE,236708492.0,,CNY
601990,XSHG,2026-09-23,6.71999979019165,6.769999980926514,6.699999809265137,6.699999809265137,6.699999809265137,RAW_CLOSE,11006883.0,,CNY
601995,XSHG,2026-09-23,32.18000030517578,33.279998779296875,31.799999237060547,32.650001525878906,32.650001525878906,RAW_CLOSE,47213719.0,,CNY
601998,XSHG,2026-09-23,9.039999961853027,9.109999656677246,8.930000305175781,9.050000190734863,9.050000190734863,RAW_CLOSE,35163459.0,,CNY
603019,XSHG,2026-09-23,84.36000061035156,84.66999816894531,83.43000030517578,83.5,83.5,RAW_CLOSE,17228854.0,,CNY
603087,XSHG,2026-09-23,70.97000122070312,74.68000030517578,70.30999755859375,74.55999755859375,74.55999755859375,RAW_CLOSE,16535899.0,,CNY
603160,XSHG,2026-09-23,55.41999816894531,55.810001373291016,54.90999984741211,55.150001525878906,55.150001525878906,RAW_CLOSE,4091240.0,,CNY
603195,XSHG,2026-09-23,38.0,38.34000015258789,37.880001068115234,38.029998779296875,38.029998779296875,RAW_CLOSE,2147323.0,,CNY
603233,XSHG,2026-09-23,17.739999771118164,18.239999771118164,17.690000534057617,17.969999313354492,17.969999313354492,RAW_CLOSE,8475656.0,,CNY
603259,XSHG,2026-09-23,167.17999267578125,170.3300018310547,166.6999969482422,167.9499969482422,167.9499969482422,RAW_CLOSE,26922445.0,,CNY
603288,XSHG,2026-09-23,34.220001220703125,34.66999816894531,34.099998474121094,34.27000045776367,34.27000045776367,RAW_CLOSE,9402489.0,,CNY
603338,XSHG,2026-09-23,53.54999923706055,54.43000030517578,53.33000183105469,54.279998779296875,54.279998779296875,RAW_CLOSE,2973734.0,,CNY
603369,XSHG,2026-09-23,28.290000915527344,28.940000534057617,27.100000381469727,27.260000228881836,27.260000228881836,RAW_CLOSE,17326914.0,,CNY
603392,XSHG,2026-09-23,26.190000534057617,27.299999237060547,26.059999465942383,26.93000030517578,26.93000030517578,RAW_CLOSE,8545502.0,,CNY
603501,XSHG,2026-09-23,82.88999938964844,83.22000122070312,82.05000305175781,82.7699966430664,82.7699966430664,RAW_CLOSE,7891466.0,,CNY
603517,XSHG,2026-09-23,11.59000015258789,11.609999656677246,11.369999885559082,11.380000114440918,11.380000114440918,RAW_CLOSE,3402100.0,,CNY
603658,XSHG,2026-09-23,34.84000015258789,35.349998474121094,34.439998626708984,34.439998626708984,34.439998626708984,RAW_CLOSE,9172406.0,,CNY
603659,XSHG,2026-09-23,22.200000762939453,22.25,21.920000076293945,22.040000915527344,22.040000915527344,RAW_CLOSE,10329250.0,,CNY
603799,XSHG,2026-09-23,37.0,37.09000015258789,36.02000045776367,36.16999816894531,36.16999816894531,RAW_CLOSE,29762111.0,,CNY
603806,XSHG,2026-09-23,14.380000114440918,14.489999771118164,14.279999732971191,14.300000190734863,14.300000190734863,RAW_CLOSE,14369212.0,,CNY
603833,XSHG,2026-09-23,29.450000762939453,31.209999084472656,29.31999969482422,30.0,30.0,RAW_CLOSE,5252646.0,,CNY
603882,XSHG,2026-09-23,29.059999465942383,29.350000381469727,28.8700008392334,29.06999969482422,29.06999969482422,RAW_CLOSE,7261366.0,,CNY
603899,XSHG,2026-09-23,22.1200008392334,22.56999969482422,22.020000457763672,22.329999923706055,22.329999923706055,RAW_CLOSE,2672200.0,,CNY
603939,XSHG,2026-09-23,22.209999084472656,22.34000015258789,22.049999237060547,22.09000015258789,21.80199432373047,RAW_CLOSE,3901820.0,,CNY
603986,XSHG,2026-09-23,406.29998779296875,408.05999755859375,397.44000244140625,398.7200012207031,398.7200012207031,RAW_CLOSE,26195721.0,,CNY
603993,XSHG,2026-09-23,18.0,18.020000457763672,17.510000228881836,17.65999984741211,17.65999984741211,RAW_CLOSE,120591537.0,,CNY
688008,XSHG,2026-09-23,225.5,230.0,223.0,223.3699951171875,223.3699951171875,RAW_CLOSE,35364117.0,,CNY
688009,XSHG,2026-09-23,4.690000057220459,4.690000057220459,4.650000095367432,4.659999847412109,4.659999847412109,RAW_CLOSE,13727333.0,,CNY
688012,XSHG,2026-09-23,350.2300109863281,354.54998779296875,347.0299987792969,349.3500061035156,349.3500061035156,RAW_CLOSE,8627344.0,,CNY
688036,XSHG,2026-09-23,56.599998474121094,56.70000076293945,54.900001525878906,55.650001525878906,55.650001525878906,RAW_CLOSE,8254886.0,,CNY
688111,XSHG,2026-09-23,229.00999450683594,229.99000549316406,226.5,226.60000610351562,226.60000610351562,RAW_CLOSE,3868662.0,,CNY
688126,XSHG,2026-09-23,24.799999237060547,25.049999237060547,24.469999313354492,24.8799991607666,24.8799991607666,RAW_CLOSE,42534267.0,,CNY
688169,XSHG,2026-09-23,117.33999633789062,117.87000274658203,115.80999755859375,116.37999725341797,116.37999725341797,RAW_CLOSE,3532569.0,,CNY
688363,XSHG,2026-09-23,35.0,35.61000061035156,34.88999938964844,35.04999923706055,35.04999923706055,RAW_CLOSE,2738308.0,,CNY
688396,XSHG,2026-09-23,61.459999084472656,61.970001220703125,60.470001220703125,61.209999084472656,61.209999084472656,RAW_CLOSE,14502852.0,,CNY
000001,XSHE,2026-09-24,11.350000381469727,11.470000267028809,11.289999961853027,11.300000190734863,11.300000190734863,RAW_CLOSE,104381872.0,,CNY
000002,XSHE,2026-09-24,3.890000104904175,3.930000066757202,3.6700000762939453,3.759999990463257,3.759999990463257,RAW_CLOSE,667265050.0,,CNY
000063,XSHE,2026-09-24,32.150001525878906,32.279998779296875,31.8799991607666,31.920000076293945,31.920000076293945,RAW_CLOSE,52893267.0,,CNY
000066,XSHE,2026-09-24,15.210000038146973,15.449999809265137,14.800000190734863,14.800000190734863,14.800000190734863,RAW_CLOSE,151992513.0,,CNY
000069,XSHE,2026-09-24,1.8899999856948853,1.9199999570846558,1.8300000429153442,1.840000033378601,1.840000033378601,RAW_CLOSE,99110401.0,,CNY
000100,XSHE,2026-09-24,4.929999828338623,4.940000057220459,4.869999885559082,4.869999885559082,4.869999885559082,RAW_CLOSE,291835663.0,,CNY
000157,XSHE,2026-09-24,6.079999923706055,6.099999904632568,6.039999961853027,6.039999961853027,6.039999961853027,RAW_CLOSE,28582098.0,,CNY
000166,XSHE,2026-09-24,4.46999979019165,4.46999979019165,4.380000114440918,4.389999866485596,4.389999866485596,RAW_CLOSE,50974805.0,,CNY
000333,XSHE,2026-09-24,82.18000030517578,83.05000305175781,82.05000305175781,82.6500015258789,82.6500015258789,RAW_CLOSE,14315502.0,,CNY
000338,XSHE,2026-09-24,25.889999389648438,25.899999618530273,25.270000457763672,25.299999237060547,25.299999237060547,RAW_CLOSE,57599371.0,,CNY
000425,XSHE,2026-09-24,7.210000038146973,7.289999961853027,7.150000095367432,7.170000076293945,7.170000076293945,RAW_CLOSE,91719348.0,,CNY
000538,XSHE,2026-09-24,50.40999984741211,50.5099983215332,49.810001373291016,49.869998931884766,49.869998931884766,RAW_CLOSE,6936926.0,,CNY
000568,XSHE,2026-09-24,71.69000244140625,72.16000366210938,70.51000213623047,70.6500015258789,70.6500015258789,RAW_CLOSE,9067869.0,,CNY
000596,XSHE,2026-09-24,95.9800033569336,96.5,91.5,91.66000366210938,91.66000366210938,RAW_CLOSE,3283473.0,,CNY
000625,XSHE,2026-09-24,7.090000152587891,7.119999885559082,7.03000020980835,7.03000020980835,7.03000020980835,RAW_CLOSE,40129460.0,,CNY
000651,XSHE,2026-09-24,38.22999954223633,38.72999954223633,38.22999954223633,38.5,38.5,RAW_CLOSE,25241336.0,,CNY
000656,XSHE,2026-09-24,1.25,1.2799999713897705,1.2300000190734863,1.2300000190734863,1.2300000190734863,RAW_CLOSE,213408717.0,,CNY
000661,XSHE,2026-09-24,72.80000305175781,73.19999694824219,70.69999694824219,70.8499984741211,70.8499984741211,RAW_CLOSE,4591699.0,,CNY
000703,XSHE,2026-09-24,17.3799991607666,17.690000534057617,17.079999923706055,17.239999771118164,17.239999771118164,RAW_CLOSE,58356763.0,,CNY
000708,XSHE,2026-09-24,12.930000305175781,13.0,12.880000114440918,12.920000076293945,12.920000076293945,RAW_CLOSE,7128493.0,,CNY
000725,XSHE,2026-09-24,5.96999979019165,6.03000020980835,5.829999923706055,5.849999904632568,5.849999904632568,RAW_CLOSE,1075320074.0,,CNY
000728,XSHE,2026-09-24,7.400000095367432,7.409999847412109,7.28000020980835,7.289999961853027,7.289999961853027,RAW_CLOSE,17502606.0,,CNY
000768,XSHE,2026-09-24,22.6299991607666,22.770000457763672,22.059999465942383,22.100000381469727,22.100000381469727,RAW_CLOSE,18065061.0,,CNY
000776,XSHE,2026-09-24,20.739999771118164,20.739999771118164,20.260000228881836,20.3700008392334,20.3700008392334,RAW_CLOSE,37958398.0,,CNY
000783,XSHE,2026-09-24,8.40999984741211,8.4399995803833,8.279999732971191,8.279999732971191,8.279999732971191,RAW_CLOSE,50279721.0,,CNY
000786,XSHE,2026-09-24,16.0,16.110000610351562,15.8100004196167,15.90999984741211,15.90999984741211,RAW_CLOSE,15136273.0,,CNY
000800,XSHE,2026-09-24,5.920000076293945,5.980000019073486,5.849999904632568,5.860000133514404,5.860000133514404,RAW_CLOSE,11251322.0,,CNY
000858,XSHE,2026-09-24,70.0999984741211,70.26000213623047,69.58000183105469,69.66999816894531,69.66999816894531,RAW_CLOSE,13178634.0,,CNY
000860,XSHE,2026-09-24,10.399999618530273,10.479999542236328,10.050000190734863,10.09000015258789,10.09000015258789,RAW_CLOSE,12486561.0,,CNY
000876,XSHE,2026-09-24,7.0,7.039999961853027,6.909999847412109,6.920000076293945,6.920000076293945,RAW_CLOSE,27671297.0,,CNY
000895,XSHE,2026-09-24,23.299999237060547,23.399999618530273,23.18000030517578,23.18000030517578,23.18000030517578,RAW_CLOSE,5326816.0,,CNY
000938,XSHE,2026-09-24,33.58000183105469,34.04999923706055,33.380001068115234,33.400001525878906,33.400001525878906,RAW_CLOSE,91457204.0,,CNY
000963,XSHE,2026-09-24,26.43000030517578,26.540000915527344,26.049999237060547,26.059999465942383,26.059999465942383,RAW_CLOSE,9250529.0,,CNY
000977,XSHE,2026-09-24,70.8499984741211,71.37999725341797,69.9000015258789,69.9000015258789,69.9000015258789,RAW_CLOSE,29380727.0,,CNY
001979,XSHE,2026-09-24,7.179999828338623,7.340000152587891,7.079999923706055,7.179999828338623,7.179999828338623,RAW_CLOSE,83995789.0,,CNY
002001,XSHE,2026-09-24,26.399999618530273,26.399999618530273,25.700000762939453,25.700000762939453,25.700000762939453,RAW_CLOSE,19044450.0,,CNY
002007,XSHE,2026-09-24,13.3100004196167,13.399999618530273,13.109999656677246,13.109999656677246,13.109999656677246,RAW_CLOSE,9245461.0,,CNY
002008,XSHE,2026-09-24,92.05000305175781,92.7300033569336,89.0,89.08999633789062,89.08999633789062,RAW_CLOSE,32461432.0,,CNY
002024,XSHE,2026-09-24,1.159999966621399,1.159999966621399,1.149999976158142,1.149999976158142,1.149999976158142,RAW_CLOSE,10884478.0,,CNY
002027,XSHE,2026-09-24,4.730000019073486,4.78000020980835,4.659999847412109,4.659999847412109,4.659999847412109,RAW_CLOSE,96503184.0,,CNY
002032,XSHE,2026-09-24,39.11000061035156,39.40999984741211,38.959999084472656,39.22999954223633,39.22999954223633,RAW_CLOSE,1112100.0,,CNY
002044,XSHE,2026-09-24,4.480000019073486,4.619999885559082,4.460000038146973,4.480000019073486,4.480000019073486,RAW_CLOSE,66279398.0,,CNY
002049,XSHE,2026-09-24,61.0,61.439998626708984,60.599998474121094,60.599998474121094,60.599998474121094,RAW_CLOSE,7420887.0,,CNY
002050,XSHE,2026-09-24,35.849998474121094,36.970001220703125,35.650001525878906,36.08000183105469,35.958553314208984,RAW_CLOSE,51240220.0,,CNY
002120,XSHE,2026-09-24,6.860000133514404,6.880000114440918,6.78000020980835,6.829999923706055,6.829999923706055,RAW_CLOSE,21574716.0,,CNY
002129,XSHE,2026-09-24,9.600000381469727,9.649999618530273,9.329999923706055,9.350000381469727,9.350000381469727,RAW_CLOSE,65234145.0,,CNY
002142,XSHE,2026-09-24,34.65999984741211,35.13999938964844,34.650001525878906,34.90999984741211,34.90999984741211,RAW_CLOSE,23775570.0,,CNY
002153,XSHE,2026-09-24,7.630000114440918,7.670000076293945,7.449999809265137,7.460000038146973,7.460000038146973,RAW_CLOSE,15804800.0,,CNY
002157,XSHE,2026-09-24,2.9600000381469727,2.9600000381469727,2.9100000858306885,2.9200000762939453,2.9200000762939453,RAW_CLOSE,108536661.0,,CNY
002179,XSHE,2026-09-24,34.599998474121094,34.869998931884766,34.220001220703125,34.2400016784668,34.2400016784668,RAW_CLOSE,12326220.0,,CNY
002202,XSHE,2026-09-24,17.84000015258789,18.170000076293945,17.770000457763672,17.899999618530273,17.899999618530273,RAW_CLOSE,70319067.0,,CNY
002230,XSHE,2026-09-24,38.7599983215332,38.79999923706055,38.279998779296875,38.31999969482422,38.31999969482422,RAW_CLOSE,13846110.0,,CNY
002236,XSHE,2026-09-24,15.8100004196167,15.850000381469727,15.510000228881836,15.539999961853027,15.539999961853027,RAW_CLOSE,26319380.0,,CNY
002241,XSHE,2026-09-24,24.40999984741211,24.450000762939453,23.770000457763672,23.940000534057617,23.940000534057617,RAW_CLOSE,86450594.0,,CNY
002252,XSHE,2026-09-24,5.03000020980835,5.099999904632568,4.909999847412109,5.019999980926514,5.019999980926514,RAW_CLOSE,80947018.0,,CNY
002271,XSHE,2026-09-24,10.649999618530273,10.699999809265137,10.369999885559082,10.399999618530273,10.399999618530273,RAW_CLOSE,35567825.0,,CNY
002304,XSHE,2026-09-24,37.939998626708984,38.02000045776367,37.439998626708984,37.470001220703125,37.470001220703125,RAW_CLOSE,4301107.0,,CNY
002311,XSHE,2026-09-24,41.40999984741211,41.59000015258789,41.04999923706055,41.099998474121094,41.099998474121094,RAW_CLOSE,4858910.0,,CNY
002352,XSHE,2026-09-24,30.809999465942383,30.920000076293945,30.450000762939453,30.540000915527344,30.540000915527344,RAW_CLOSE,10397709.0,,CNY
002371,XSHE,2026-09-24,663.1599731445312,665.8800048828125,653.0599975585938,653.0599975585938,653.0599975585938,RAW_CLOSE,4006147.0,,CNY
002384,XSHE,2026-09-24,192.0,193.66000366210938,185.60000610351562,185.99000549316406,185.99000549316406,RAW_CLOSE,39982948.0,,CNY
002410,XSHE,2026-09-24,8.479999542236328,8.569999694824219,8.390000343322754,8.399999618530273,8.399999618530273,RAW_CLOSE,15157578.0,,CNY
002414,XSHE,2026-09-24,11.979999542236328,12.029999732971191,11.869999885559082,11.880000114440918,11.880000114440918,RAW_CLOSE,29632131.0,,CNY
002415,XSHE,2026-09-24,33.0099983215332,33.130001068115234,32.619998931884766,32.630001068115234,32.630001068115234,RAW_CLOSE,24791519.0,,CNY
002456,XSHE,2026-09-24,6.849999904632568,6.900000095367432,6.690000057220459,6.690000057220459,6.690000057220459,RAW_CLOSE,54694659.0,,CNY
002460,XSHE,2026-09-24,45.380001068115234,45.40999984741211,43.66999816894531,43.68000030517578,43.68000030517578,RAW_CLOSE,27464872.0,,CNY
002463,XSHE,2026-09-24,126.61000061035156,128.0,123.30000305175781,124.05000305175781,124.05000305175781,RAW_CLOSE,37922475.0,,CNY
002475,XSHE,2026-09-24,54.150001525878906,54.150001525878906,51.88999938964844,52.0,52.0,RAW_CLOSE,70797067.0,,CNY
002493,XSHE,2026-09-24,13.420000076293945,13.510000228881836,13.079999923706055,13.109999656677246,13.109999656677246,RAW_CLOSE,34174430.0,,CNY
002508,XSHE,2026-09-24,16.399999618530273,16.68000030517578,16.329999923706055,16.579999923706055,16.579999923706055,RAW_CLOSE,6380024.0,,CNY
002555,XSHE,2026-09-24,17.3700008392334,17.489999771118164,17.31999969482422,17.3799991607666,17.3799991607666,RAW_CLOSE,11030245.0,,CNY
002558,XSHE,2026-09-24,23.600000381469727,24.059999465942383,23.510000228881836,23.6200008392334,23.6200008392334,RAW_CLOSE,32075442.0,,CNY
002594,XSHE,2026-09-24,85.69999694824219,86.0199966430664,84.2300033569336,84.33999633789062,84.33999633789062,RAW_CLOSE,18221596.0,,CNY
002600,XSHE,2026-09-24,12.279999732971191,12.420000076293945,12.220000267028809,12.229999542236328,12.229999542236328,RAW_CLOSE,44499933.0,,CNY
002601,XSHE,2026-09-24,15.199999809265137,15.420000076293945,15.0,15.0,15.0,RAW_CLOSE,8124535.0,,CNY
002602,XSHE,2026-09-24,14.210000038146973,14.369999885559082,14.100000381469727,14.229999542236328,14.229999542236328,RAW_CLOSE,55714898.0,,CNY
002607,XSHE,2026-09-24,1.8899999856948853,1.9199999570846558,1.8700000047683716,1.8799999952316284,1.8799999952316284,RAW_CLOSE,109909200.0,,CNY
002624,XSHE,2026-09-24,9.880000114440918,9.970000267028809,9.6899995803833,9.6899995803833,9.6899995803833,RAW_CLOSE,31182593.0,,CNY
002673,XSHE,2026-09-24,6.71999979019165,6.739999771118164,6.599999904632568,6.610000133514404,6.610000133514404,RAW_CLOSE,21079516.0,,CNY
002714,XSHE,2026-09-24,41.29999923706055,41.34000015258789,40.41999816894531,40.47999954223633,40.47999954223633,RAW_CLOSE,27200597.0,,CNY
002736,XSHE,2026-09-24,9.949999809265137,9.970000267028809,9.779999732971191,9.84000015258789,9.84000015258789,RAW_CLOSE,14651100.0,,CNY
002739,XSHE,2026-09-24,8.520000457763672,8.5600004196167,8.34000015258789,8.350000381469727,8.350000381469727,RAW_CLOSE,29034982.0,,CNY
002773,XSHE,2026-09-24,20.100000381469727,20.59000015258789,19.8799991607666,20.420000076293945,20.420000076293945,RAW_CLOSE,6729970.0,,CNY
002812,XSHE,2026-09-24,47.310001373291016,47.75,46.279998779296875,46.29999923706055,46.29999923706055,RAW_CLOSE,8234507.0,,CNY
002821,XSHE,2026-09-24,188.0800018310547,188.97999572753906,178.27000427246094,178.3000030517578,178.3000030517578,RAW_CLOSE,8098790.0,,CNY
002841,XSHE,2026-09-24,46.150001525878906,46.5099983215332,44.849998474121094,44.939998626708984,44.939998626708984,RAW_CLOSE,5337568.0,,CNY
002916,XSHE,2026-09-24,414.7699890136719,415.9200134277344,392.32000732421875,394.5,394.5,RAW_CLOSE,6949236.0,,CNY
002938,XSHE,2026-09-24,87.0999984741211,87.98999786376953,82.68000030517578,82.94000244140625,82.94000244140625,RAW_CLOSE,27503106.0,,CNY
002939,XSHE,2026-09-24,7.860000133514404,7.860000133514404,7.760000228881836,7.760000228881836,7.760000228881836,RAW_CLOSE,14377350.0,,CNY
002945,XSHE,2026-09-24,14.770000457763672,14.899999618530273,14.430000305175781,14.479999542236328,14.479999542236328,RAW_CLOSE,9939100.0,,CNY
003816,XSHE,2026-09-24,4.170000076293945,4.230000019073486,4.159999847412109,4.190000057220459,4.190000057220459,RAW_CLOSE,73046295.0,,CNY
300003,XSHE,2026-09-24,11.5600004196167,11.640000343322754,11.40999984741211,11.40999984741211,11.40999984741211,RAW_CLOSE,12582331.0,,CNY
300014,XSHE,2026-09-24,49.61000061035156,49.97999954223633,48.81999969482422,48.90999984741211,48.90999984741211,RAW_CLOSE,17918164.0,,CNY
300015,XSHE,2026-09-24,7.960000038146973,8.029999732971191,7.900000095367432,7.909999847412109,7.909999847412109,RAW_CLOSE,39822373.0,,CNY
300033,XSHE,2026-09-24,207.5,208.5,203.89999389648438,204.10000610351562,204.10000610351562,RAW_CLOSE,5782855.0,,CNY
300059,XSHE,2026-09-24,18.559999465942383,18.6299991607666,18.260000228881836,18.280000686645508,18.280000686645508,RAW_CLOSE,118407597.0,,CNY
300122,XSHE,2026-09-24,13.329999923706055,13.449999809265137,13.0,13.010000228881836,13.010000228881836,RAW_CLOSE,30681721.0,,CNY
300124,XSHE,2026-09-24,52.5,52.84000015258789,51.86000061035156,51.880001068115234,51.880001068115234,RAW_CLOSE,18002047.0,,CNY
300136,XSHE,2026-09-24,57.900001525878906,60.08000183105469,57.25,57.29999923706055,57.29999923706055,RAW_CLOSE,43373206.0,,CNY
300142,XSHE,2026-09-24,13.979999542236328,14.0600004196167,13.5600004196167,13.579999923706055,13.579999923706055,RAW_CLOSE,87931360.0,,CNY
300144,XSHE,2026-09-24,5.760000228881836,5.789999961853027,5.679999828338623,5.690000057220459,5.690000057220459,RAW_CLOSE,20031564.0,,CNY
300274,XSHE,2026-09-24,86.4000015258789,86.58000183105469,84.08000183105469,84.20999908447266,84.20999908447266,RAW_CLOSE,34245279.0,,CNY
300347,XSHE,2026-09-24,57.91999816894531,58.70000076293945,56.790000915527344,56.810001373291016,56.810001373291016,RAW_CLOSE,7923318.0,,CNY
300408,XSHE,2026-09-24,129.50999450683594,131.4499969482422,122.81999969482422,123.30999755859375,123.30999755859375,RAW_CLOSE,44414874.0,,CNY
300413,XSHE,2026-09-24,19.110000610351562,19.6299991607666,18.829999923706055,19.0,19.0,RAW_CLOSE,46521416.0,,CNY
300433,XSHE,2026-09-24,33.72999954223633,33.849998474121094,32.869998931884766,32.869998931884766,32.869998931884766,RAW_CLOSE,51913067.0,,CNY
300450,XSHE,2026-09-24,32.349998474121094,33.06999969482422,32.060001373291016,32.11000061035156,32.11000061035156,RAW_CLOSE,25656047.0,,CNY
300498,XSHE,2026-09-24,14.760000228881836,14.800000190734863,14.470000267028809,14.510000228881836,14.510000228881836,RAW_CLOSE,21537676.0,,CNY
300529,XSHE,2026-09-24,15.15999984741211,15.270000457763672,14.9399995803833,14.960000038146973,14.960000038146973,RAW_CLOSE,3530003.0,,CNY
300558,XSHE,2026-09-24,50.04999923706055,50.20000076293945,48.220001220703125,48.22999954223633,48.22999954223633,RAW_CLOSE,8763118.0,,CNY
300595,XSHE,2026-09-24,10.270000457763672,10.34000015258789,10.069999694824219,10.09000015258789,10.09000015258789,RAW_CLOSE,6087600.0,,CNY
300601,XSHE,2026-09-24,13.140000343322754,13.239999771118164,12.829999923706055,12.880000114440918,12.880000114440918,RAW_CLOSE,19248798.0,,CNY
300628,XSHE,2026-09-24,41.25,41.81999969482422,40.959999084472656,40.959999084472656,40.959999084472656,RAW_CLOSE,6075908.0,,CNY
300677,XSHE,2026-09-24,49.5,49.83000183105469,49.13999938964844,49.13999938964844,49.13999938964844,RAW_CLOSE,6522912.0,,CNY
600000,XSHG,2026-09-24,8.989999771118164,9.050000190734863,8.970000267028809,9.0,9.0,RAW_CLOSE,52836397.0,,CNY
600009,XSHG,2026-09-24,22.75,22.780000686645508,22.420000076293945,22.459999084472656,22.459999084472656,RAW_CLOSE,6951132.0,,CNY
600010,XSHG,2026-09-24,2.109999895095825,2.109999895095825,2.0799999237060547,2.0899999141693115,2.0899999141693115,RAW_CLOSE,273690319.0,,CNY
600011,XSHG,2026-09-24,6.760000228881836,6.789999961853027,6.730000019073486,6.739999771118164,6.739999771118164,RAW_CLOSE,35724127.0,,CNY
600015,XSHG,2026-09-24,6.230000019073486,6.269999980926514,6.21999979019165,6.230000019073486,6.230000019073486,RAW_CLOSE,51077363.0,,CNY
600016,XSHG,2026-09-24,3.4700000286102295,3.5,3.4600000381469727,3.4600000381469727,3.4600000381469727,RAW_CLOSE,184873250.0,,CNY
600018,XSHG,2026-09-24,5.389999866485596,5.409999847412109,5.360000133514404,5.360000133514404,5.360000133514404,RAW_CLOSE,38396823.0,,CNY
600019,XSHG,2026-09-24,5.739999771118164,5.860000133514404,5.71999979019165,5.840000152587891,5.840000152587891,RAW_CLOSE,97540061.0,,CNY
600025,XSHG,2026-09-24,9.600000381469727,9.800000190734863,9.569999694824219,9.75,9.75,RAW_CLOSE,32979540.0,,CNY
600028,XSHG,2026-09-24,5.300000190734863,5.349999904632568,5.269999980926514,5.320000171661377,5.214204788208008,RAW_CLOSE,173130953.0,,CNY
600029,XSHG,2026-09-24,4.949999809265137,4.949999809265137,4.849999904632568,4.860000133514404,4.860000133514404,RAW_CLOSE,48819315.0,,CNY
600030,XSHG,2026-09-24,26.75,26.75,26.25,26.290000915527344,26.290000915527344,RAW_CLOSE,71251428.0,,CNY
600031,XSHG,2026-09-24,17.530000686645508,17.56999969482422,17.170000076293945,17.200000762939453,17.200000762939453,RAW_CLOSE,66831032.0,,CNY
600036,XSHG,2026-09-24,40.599998474121094,41.13999938964844,40.58000183105469,40.689998626708984,40.689998626708984,RAW_CLOSE,50352355.0,,CNY
600048,XSHG,2026-09-24,5.639999866485596,5.690000057220459,5.519999980926514,5.559999942779541,5.559999942779541,RAW_CLOSE,197419879.0,,CNY
600050,XSHG,2026-09-24,4.170000076293945,4.170000076293945,4.130000114440918,4.150000095367432,4.150000095367432,RAW_CLOSE,101195329.0,,CNY
600061,XSHG,2026-09-24,6.300000190734863,6.300000190734863,6.179999828338623,6.190000057220459,6.190000057220459,RAW_CLOSE,24080028.0,,CNY
600079,XSHG,2026-09-24,18.8799991607666,19.18000030517578,18.799999237060547,18.81999969482422,18.81999969482422,RAW_CLOSE,8907508.0,,CNY
600085,XSHG,2026-09-24,23.559999465942383,23.700000762939453,23.34000015258789,23.34000015258789,23.34000015258789,RAW_CLOSE,2758118.0,,CNY
600104,XSHG,2026-09-24,10.829999923706055,10.930000305175781,10.710000038146973,10.720000267028809,10.720000267028809,RAW_CLOSE,32406774.0,,CNY
600109,XSHG,2026-09-24,8.260000228881836,8.270000457763672,8.100000381469727,8.100000381469727,8.100000381469727,RAW_CLOSE,22181700.0,,CNY
600111,XSHG,2026-09-24,37.20000076293945,37.439998626708984,36.95000076293945,37.060001373291016,37.060001373291016,RAW_CLOSE,22654903.0,,CNY
600115,XSHG,2026-09-24,3.430000066757202,3.440000057220459,3.3499999046325684,3.3499999046325684,3.3499999046325684,RAW_CLOSE,157384686.0,,CNY
600118,XSHG,2026-09-24,57.630001068115234,59.720001220703125,57.22999954223633,57.90999984741211,57.90999984741211,RAW_CLOSE,26983887.0,,CNY
600132,XSHG,2026-09-24,38.27000045776367,38.369998931884766,37.560001373291016,37.560001373291016,37.560001373291016,RAW_CLOSE,2474400.0,,CNY
600143,XSHG,2026-09-24,13.229999542236328,13.34000015258789,13.0600004196167,13.069999694824219,13.069999694824219,RAW_CLOSE,17843589.0,,CNY
600150,XSHG,2026-09-24,38.59000015258789,38.849998474121094,38.02000045776367,38.09000015258789,38.09000015258789,RAW_CLOSE,64262957.0,,CNY
600161,XSHG,2026-09-24,12.3100004196167,12.449999809265137,12.100000381469727,12.100000381469727,12.100000381469727,RAW_CLOSE,9986955.0,,CNY
600176,XSHG,2026-09-24,45.04999923706055,45.279998779296875,43.02000045776367,43.060001373291016,43.060001373291016,RAW_CLOSE,192842428.0,,CNY
600183,XSHG,2026-09-24,142.60000610351562,142.60000610351562,137.0,137.3300018310547,137.3300018310547,RAW_CLOSE,43602307.0,,CNY
600196,XSHG,2026-09-24,23.100000381469727,23.229999542236328,22.799999237060547,22.84000015258789,22.84000015258789,RAW_CLOSE,15937032.0,,CNY
600233,XSHG,2026-09-24,17.65999984741211,18.110000610351562,17.600000381469727,17.920000076293945,17.920000076293945,RAW_CLOSE,18781972.0,,CNY
600276,XSHG,2026-09-24,45.380001068115234,45.77000045776367,44.599998474121094,44.86000061035156,44.86000061035156,RAW_CLOSE,42358438.0,,CNY
600299,XSHG,2026-09-24,8.390000343322754,8.390000343322754,8.0600004196167,8.079999923706055,8.079999923706055,RAW_CLOSE,32012621.0,,CNY
600309,XSHG,2026-09-24,71.20999908447266,71.27999877929688,69.2300033569336,69.44999694824219,69.44999694824219,RAW_CLOSE,29477929.0,,CNY
600332,XSHG,2026-09-24,19.639999389648438,19.709999084472656,19.389999389648438,19.389999389648438,19.389999389648438,RAW_CLOSE,4787300.0,,CNY
600340,XSHG,2026-09-24,1.1299999952316284,1.1799999475479126,1.1200000047683716,1.1699999570846558,1.1699999570846558,RAW_CLOSE,91430229.0,,CNY
600352,XSHG,2026-09-24,12.4399995803833,12.5,12.130000114440918,12.140000343322754,12.140000343322754,RAW_CLOSE,27070448.0,,CNY
600362,XSHG,2026-09-24,43.79999923706055,43.880001068115234,42.31999969482422,42.400001525878906,42.400001525878906,RAW_CLOSE,45061020.0,,CNY
600383,XSHG,2026-09-24,2.5,2.509999990463257,2.390000104904175,2.4100000858306885,2.4100000858306885,RAW_CLOSE,167044407.0,,CNY
600406,XSHG,2026-09-24,22.299999237060547,22.420000076293945,22.100000381469727,22.270000457763672,22.1195011138916,RAW_CLOSE,30597375.0,,CNY
600426,XSHG,2026-09-24,20.25,20.360000610351562,19.649999618530273,19.709999084472656,19.709999084472656,RAW_CLOSE,27094810.0,,CNY
600436,XSHG,2026-09-24,120.0,120.37999725341797,117.08000183105469,117.4000015258789,117.4000015258789,RAW_CLOSE,1830326.0,,CNY
600438,XSHG,2026-09-24,11.539999961853027,11.569999694824219,11.109999656677246,11.119999885559082,11.119999885559082,RAW_CLOSE,29123973.0,,CNY
600482,XSHG,2026-09-24,34.72999954223633,35.060001373291016,34.18000030517578,34.25,34.25,RAW_CLOSE,7000995.0,,CNY
600489,XSHG,2026-09-24,22.93000030517578,23.049999237060547,22.079999923706055,22.1200008392334,22.1200008392334,RAW_CLOSE,73789147.0,,CNY
600519,XSHG,2026-09-24,1250.010009765625,1256.1300048828125,1231.050048828125,1237.0,1237.0,RAW_CLOSE,3123935.0,,CNY
600521,XSHG,2026-09-24,16.219999313354492,16.43000030517578,15.75,15.880000114440918,15.880000114440918,RAW_CLOSE,27338946.0,,CNY
600522,XSHG,2026-09-24,35.70000076293945,36.06999969482422,34.790000915527344,34.79999923706055,34.79999923706055,RAW_CLOSE,120257584.0,,CNY
600547,XSHG,2026-09-24,30.3700008392334,30.5,28.969999313354492,29.06999969482422,29.06999969482422,RAW_CLOSE,83672036.0,,CNY
600570,XSHG,2026-09-24,20.149999618530273,20.389999389648438,19.940000534057617,19.940000534057617,19.940000534057617,RAW_CLOSE,12649105.0,,CNY
600584,XSHG,2026-09-24,70.9800033569336,70.9800033569336,68.77999877929688,68.77999877929688,68.77999877929688,RAW_CLOSE,54011150.0,,CNY
600585,XSHG,2026-09-24,17.219999313354492,17.290000915527344,16.889999389648438,16.93000030517578,16.800384521484375,RAW_CLOSE,22596033.0,,CNY
600588,XSHG,2026-09-24,9.579999923706055,9.579999923706055,9.270000457763672,9.300000190734863,9.300000190734863,RAW_CLOSE,32620808.0,,CNY
600600,XSHG,2026-09-24,50.29999923706055,50.599998474121094,49.880001068115234,49.88999938964844,49.88999938964844,RAW_CLOSE,3374360.0,,CNY
600606,XSHG,2026-09-24,1.5,1.5099999904632568,1.399999976158142,1.4299999475479126,1.4299999475479126,RAW_CLOSE,410342667.0,,CNY
600655,XSHG,2026-09-24,4.570000171661377,4.579999923706055,4.46999979019165,4.46999979019165,4.46999979019165,RAW_CLOSE,14243700.0,,CNY
600660,XSHG,2026-09-24,52.79999923706055,53.439998626708984,51.90999984741211,52.470001220703125,52.470001220703125,RAW_CLOSE,8271656.0,,CNY
600690,XSHG,2026-09-24,20.200000762939453,20.450000762939453,20.1200008392334,20.139999389648438,20.139999389648438,RAW_CLOSE,21378664.0,,CNY
600703,XSHG,2026-09-24,12.739999771118164,12.75,12.470000267028809,12.470000267028809,12.470000267028809,RAW_CLOSE,64891384.0,,CNY
600741,XSHG,2026-09-24,14.829999923706055,14.880000114440918,14.680000305175781,14.699999809265137,14.699999809265137,RAW_CLOSE,8362610.0,,CNY
600745,XSHG,2026-09-24,17.079999923706055,17.420000076293945,17.040000915527344,17.040000915527344,17.040000915527344,RAW_CLOSE,20346603.0,,CNY
600760,XSHG,2026-09-24,44.0,44.08000183105469,42.709999084472656,43.029998779296875,43.029998779296875,RAW_CLOSE,13910632.0,,CNY
600763,XSHG,2026-09-24,33.630001068115234,34.2400016784668,33.43000030517578,33.47999954223633,33.47999954223633,RAW_CLOSE,4369344.0,,CNY
600795,XSHG,2026-09-24,5.110000133514404,5.260000228881836,5.090000152587891,5.239999771118164,5.239999771118164,RAW_CLOSE,115278992.0,,CNY
600809,XSHG,2026-09-24,113.68000030517578,113.88999938964844,111.0,111.18000030517578,111.18000030517578,RAW_CLOSE,4587043.0,,CNY
600845,XSHG,2026-09-24,18.34000015258789,18.5,18.229999542236328,18.260000228881836,18.260000228881836,RAW_CLOSE,11238977.0,,CNY
600848,XSHG,2026-09-24,8.699999809265137,8.729999542236328,8.5,8.5,8.5,RAW_CLOSE,7327200.0,,CNY
600872,XSHG,2026-09-24,17.31999969482422,17.450000762939453,17.110000610351562,17.149999618530273,17.149999618530273,RAW_CLOSE,5824010.0,,CNY
600887,XSHG,2026-09-24,26.899999618530273,27.030000686645508,26.75,26.899999618530273,26.899999618530273,RAW_CLOSE,31103808.0,,CNY
600893,XSHG,2026-09-24,39.310001373291016,39.54999923706055,38.27000045776367,38.290000915527344,38.290000915527344,RAW_CLOSE,21947807.0,,CNY
600900,XSHG,2026-09-24,28.100000381469727,28.389999389648438,28.059999465942383,28.360000610351562,28.360000610351562,RAW_CLOSE,95024277.0,,CNY
600918,XSHG,2026-09-24,5.5,5.510000228881836,5.389999866485596,5.420000076293945,5.420000076293945,RAW_CLOSE,22011517.0,,CNY
600919,XSHG,2026-09-24,12.069999694824219,12.399999618530273,12.069999694824219,12.260000228881836,12.260000228881836,RAW_CLOSE,125050445.0,,CNY
600926,XSHG,2026-09-24,17.149999618530273,17.350000381469727,17.110000610351562,17.229999542236328,16.76999855041504,RAW_CLOSE,37205860.0,,CNY
600958,XSHG,2026-09-24,8.920000076293945,8.930000305175781,8.6899995803833,8.710000038146973,8.710000038146973,RAW_CLOSE,57357896.0,,CNY
600989,XSHG,2026-09-24,22.68000030517578,22.899999618530273,22.239999771118164,22.329999923706055,22.329999923706055,RAW_CLOSE,37558166.0,,CNY
600999,XSHG,2026-09-24,17.809999465942383,17.81999969482422,17.350000381469727,17.440000534057617,17.440000534057617,RAW_CLOSE,31023535.0,,CNY
601006,XSHG,2026-09-24,4.679999828338623,4.690000057220459,4.650000095367432,4.659999847412109,4.659999847412109,RAW_CLOSE,81381896.0,,CNY
601009,XSHG,2026-09-24,11.75,12.029999732971191,11.699999809265137,11.949999809265137,11.949999809265137,RAW_CLOSE,56820507.0,,CNY
601012,XSHG,2026-09-24,11.399999618530273,11.40999984741211,11.029999732971191,11.039999961853027,11.039999961853027,RAW_CLOSE,70872756.0,,CNY
601021,XSHG,2026-09-24,41.29999923706055,41.439998626708984,39.099998474121094,39.849998474121094,39.849998474121094,RAW_CLOSE,10989087.0,,CNY
601066,XSHG,2026-09-24,23.670000076293945,23.829999923706055,23.350000381469727,23.399999618530273,23.399999618530273,RAW_CLOSE,8841315.0,,CNY
601077,XSHG,2026-09-24,6.539999961853027,6.710000038146973,6.53000020980835,6.639999866485596,6.639999866485596,RAW_CLOSE,90415463.0,,CNY
601088,XSHG,2026-09-24,47.34000015258789,48.15999984741211,47.150001525878906,48.029998779296875,48.029998779296875,RAW_CLOSE,25276695.0,,CNY
601100,XSHG,2026-09-24,91.5999984741211,93.9000015258789,90.69999694824219,92.30000305175781,92.30000305175781,RAW_CLOSE,9573159.0,,CNY
601108,XSHG,2026-09-24,8.550000190734863,8.579999923706055,8.350000381469727,8.359999656677246,8.359999656677246,RAW_CLOSE,32372870.0,,CNY
601111,XSHG,2026-09-24,5.929999828338623,5.929999828338623,5.809999942779541,5.809999942779541,5.809999942779541,RAW_CLOSE,59009100.0,,CNY
601138,XSHG,2026-09-24,62.29999923706055,62.56999969482422,60.79999923706055,61.0,61.0,RAW_CLOSE,67195029.0,,CNY
601155,XSHG,2026-09-24,12.899999618530273,13.079999923706055,12.510000228881836,12.5600004196167,12.5600004196167,RAW_CLOSE,19517640.0,,CNY
601162,XSHG,2026-09-24,3.6600000858306885,3.680000066757202,3.5799999237060547,3.5999999046325684,3.5999999046325684,RAW_CLOSE,96895500.0,,CNY
601166,XSHG,2026-09-24,17.889999389648438,18.0,17.8700008392334,17.8799991607666,17.8799991607666,RAW_CLOSE,59537130.0,,CNY
601169,XSHG,2026-09-24,5.480000019073486,5.539999961853027,5.46999979019165,5.489999771118164,5.489999771118164,RAW_CLOSE,131041604.0,,CNY
601186,XSHG,2026-09-24,6.019999980926514,6.03000020980835,5.96999979019165,5.980000019073486,5.980000019073486,RAW_CLOSE,25837171.0,,CNY
601211,XSHG,2026-09-24,17.549999237060547,17.6299991607666,17.15999984741211,17.209999084472656,17.209999084472656,RAW_CLOSE,57785709.0,,CNY
601216,XSHG,2026-09-24,4.510000228881836,4.579999923706055,4.460000038146973,4.46999979019165,4.46999979019165,RAW_CLOSE,41938125.0,,CNY
601225,XSHG,2026-09-24,25.600000381469727,26.100000381469727,25.479999542236328,25.829999923706055,25.829999923706055,RAW_CLOSE,28929268.0,,CNY
601229,XSHG,2026-09-24,9.470000267028809,9.579999923706055,9.430000305175781,9.510000228881836,9.510000228881836,RAW_CLOSE,37703133.0,,CNY
601231,XSHG,2026-09-24,26.709999084472656,26.709999084472656,25.440000534057617,25.450000762939453,25.450000762939453,RAW_CLOSE,26537896.0,,CNY
601236,XSHG,2026-09-24,7.0,7.010000228881836,6.860000133514404,6.889999866485596,6.889999866485596,RAW_CLOSE,17205380.0,,CNY
601238,XSHG,2026-09-24,5.090000152587891,5.090000152587891,5.090000152587891,5.090000152587891,5.090000152587891,RAW_CLOSE,0.0,,CNY
601288,XSHG,2026-09-24,6.829999923706055,6.940000057220459,6.809999942779541,6.869999885559082,6.869999885559082,RAW_CLOSE,288653689.0,,CNY
601318,XSHG,2026-09-24,53.79999923706055,53.91999816894531,53.150001525878906,53.25,53.25,RAW_CLOSE,54045936.0,,CNY
601319,XSHG,2026-09-24,8.039999961853027,8.119999885559082,7.96999979019165,8.069999694824219,8.069999694824219,RAW_CLOSE,63967783.0,,CNY
601328,XSHG,2026-09-24,7.550000190734863,7.610000133514404,7.519999980926514,7.559999942779541,7.559999942779541,RAW_CLOSE,136022818.0,,CNY
601336,XSHG,2026-09-24,57.79999923706055,57.880001068115234,56.880001068115234,57.58000183105469,57.58000183105469,RAW_CLOSE,12178154.0,,CNY
601360,XSHG,2026-09-24,9.029999732971191,9.050000190734863,8.90999984741211,8.949999809265137,8.949999809265137,RAW_CLOSE,59115136.0,,CNY
601377,XSHG,2026-09-24,5.909999847412109,5.909999847412109,5.820000171661377,5.869999885559082,5.869999885559082,RAW_CLOSE,48021465.0,,CNY
601390,XSHG,2026-09-24,4.28000020980835,4.289999961853027,4.239999771118164,4.25,4.25,RAW_CLOSE,66141979.0,,CNY
601398,XSHG,2026-09-24,8.100000381469727,8.220000267028809,8.09000015258789,8.130000114440918,8.130000114440918,RAW_CLOSE,267588974.0,,CNY
601555,XSHG,2026-09-24,8.239999771118164,8.270000457763672,8.130000114440918,8.170000076293945,8.170000076293945,RAW_CLOSE,31603457.0,,CNY
601600,XSHG,2026-09-24,9.0600004196167,9.079999923706055,8.869999885559082,8.880000114440918,8.880000114440918,RAW_CLOSE,145907247.0,,CNY
601601,XSHG,2026-09-24,31.600000381469727,31.600000381469727,30.799999237060547,30.8799991607666,30.8799991607666,RAW_CLOSE,43212373.0,,CNY
601607,XSHG,2026-09-24,16.059999465942383,16.139999389648438,15.979999542236328,16.020000457763672,16.020000457763672,RAW_CLOSE,6721808.0,,CNY
601618,XSHG,2026-09-24,2.549999952316284,2.559999942779541,2.4800000190734863,2.490000009536743,2.490000009536743,RAW_CLOSE,99275241.0,,CNY
601628,XSHG,2026-09-24,38.59000015258789,38.599998474121094,37.36000061035156,37.43000030517578,37.43000030517578,RAW_CLOSE,24730130.0,,CNY
601633,XSHG,2026-09-24,14.079999923706055,14.09000015258789,13.899999618530273,13.90999984741211,13.90999984741211,RAW_CLOSE,11783194.0,,CNY
601658,XSHG,2026-09-24,5.320000171661377,5.389999866485596,5.309999942779541,5.329999923706055,5.329999923706055,RAW_CLOSE,125178714.0,,CNY
601668,XSHG,2026-09-24,4.28000020980835,4.28000020980835,4.239999771118164,4.260000228881836,4.260000228881836,RAW_CLOSE,151751672.0,,CNY
601669,XSHG,2026-09-24,4.579999923706055,4.579999923706055,4.53000020980835,4.539999961853027,4.539999961853027,RAW_CLOSE,53315685.0,,CNY
601688,XSHG,2026-09-24,18.309999465942383,18.350000381469727,18.06999969482422,18.15999984741211,18.15999984741211,RAW_CLOSE,40484928.0,,CNY
601696,XSHG,2026-09-24,11.229999542236328,11.5600004196167,11.170000076293945,11.180000305175781,11.180000305175781,RAW_CLOSE,24990446.0,,CNY
601698,XSHG,2026-09-24,23.5,24.040000915527344,23.309999465942383,23.559999465942383,23.559999465942383,RAW_CLOSE,18876375.0,,CNY
601727,XSHG,2026-09-24,6.619999885559082,6.650000095367432,6.559999942779541,6.559999942779541,6.559999942779541,RAW_CLOSE,52951732.0,,CNY
601766,XSHG,2026-09-24,5.920000076293945,6.0,5.880000114440918,5.96999979019165,5.96999979019165,RAW_CLOSE,108685465.0,,CNY
601788,XSHG,2026-09-24,13.949999809265137,13.960000038146973,13.739999771118164,13.770000457763672,13.770000457763672,RAW_CLOSE,12644637.0,,CNY
601799,XSHG,2026-09-24,70.79000091552734,71.9000015258789,70.44999694824219,70.70999908447266,70.70999908447266,RAW_CLOSE,4830917.0,,CNY
601800,XSHG,2026-09-24,5.849999904632568,5.860000133514404,5.78000020980835,5.800000190734863,5.800000190734863,RAW_CLOSE,18948964.0,,CNY
601808,XSHG,2026-09-24,12.130000114440918,12.260000228881836,12.119999885559082,12.119999885559082,12.119999885559082,RAW_CLOSE,9608229.0,,CNY
601816,XSHG,2026-09-24,4.710000038146973,4.730000019073486,4.690000057220459,4.690000057220459,4.690000057220459,RAW_CLOSE,98854352.0,,CNY
601818,XSHG,2026-09-24,3.0,3.0199999809265137,2.990000009536743,3.0,3.0,RAW_CLOSE,93589607.0,,CNY
601838,XSHG,2026-09-24,18.850000381469727,19.18000030517578,18.81999969482422,19.040000915527344,19.040000915527344,RAW_CLOSE,19090317.0,,CNY
601857,XSHG,2026-09-24,10.6899995803833,11.039999961853027,10.680000305175781,10.949999809265137,10.949999809265137,RAW_CLOSE,158043573.0,,CNY
601872,XSHG,2026-09-24,20.979999542236328,21.350000381469727,20.780000686645508,20.93000030517578,20.93000030517578,RAW_CLOSE,115008453.0,,CNY
601877,XSHG,2026-09-24,25.139999389648438,25.270000457763672,24.899999618530273,24.899999618530273,24.84903907775879,RAW_CLOSE,7095094.0,,CNY
601878,XSHG,2026-09-24,9.130000114440918,9.140000343322754,9.010000228881836,9.020000457763672,9.020000457763672,RAW_CLOSE,13561345.0,,CNY
601881,XSHG,2026-09-24,12.069999694824219,12.069999694824219,11.859999656677246,11.859999656677246,11.859999656677246,RAW_CLOSE,23085674.0,,CNY
601888,XSHG,2026-09-24,52.0,52.290000915527344,51.27000045776367,51.459999084472656,51.459999084472656,RAW_CLOSE,12431895.0,,CNY
601899,XSHG,2026-09-24,30.989999771118164,31.020000457763672,29.989999771118164,30.010000228881836,30.010000228881836,RAW_CLOSE,214513976.0,,CNY
601901,XSHG,2026-09-24,6.849999904632568,6.869999885559082,6.71999979019165,6.739999771118164,6.739999771118164,RAW_CLOSE,32179000.0,,CNY
601916,XSHG,2026-09-24,2.859999895095825,2.869999885559082,2.8399999141693115,2.8399999141693115,2.8399999141693115,RAW_CLOSE,87947232.0,,CNY
601919,XSHG,2026-09-24,16.309999465942383,16.399999618530273,16.200000762939453,16.299999237060547,16.299999237060547,RAW_CLOSE,43364660.0,,CNY
601933,XSHG,2026-09-24,3.009999990463257,3.0399999618530273,2.990000009536743,3.0,3.0,RAW_CLOSE,61422400.0,,CNY
601939,XSHG,2026-09-24,10.829999923706055,11.069999694824219,10.8100004196167,10.979999542236328,10.979999542236328,RAW_CLOSE,122231773.0,,CNY
601985,XSHG,2026-09-24,8.850000381469727,8.9399995803833,8.819999694824219,8.899999618530273,8.899999618530273,RAW_CLOSE,61322387.0,,CNY
601988,XSHG,2026-09-24,6.590000152587891,6.699999809265137,6.579999923706055,6.619999885559082,6.619999885559082,RAW_CLOSE,236386419.0,,CNY
601990,XSHG,2026-09-24,6.690000057220459,6.710000038146973,6.579999923706055,6.579999923706055,6.579999923706055,RAW_CLOSE,15253653.0,,CNY
601995,XSHG,2026-09-24,32.189998626708984,32.20000076293945,31.020000457763672,31.020000457763672,31.020000457763672,RAW_CLOSE,34969714.0,,CNY
601998,XSHG,2026-09-24,9.039999961853027,9.119999885559082,9.0,9.010000228881836,9.010000228881836,RAW_CLOSE,41726011.0,,CNY
603019,XSHG,2026-09-24,83.11000061035156,83.41999816894531,82.0999984741211,82.16999816894531,82.16999816894531,RAW_CLOSE,12994309.0,,CNY
603087,XSHG,2026-09-24,74.5,75.98999786376953,73.29000091552734,73.44000244140625,73.44000244140625,RAW_CLOSE,10264639.0,,CNY
603160,XSHG,2026-09-24,54.9900016784668,55.5,54.369998931884766,54.400001525878906,54.400001525878906,RAW_CLOSE,3151945.0,,CNY
603195,XSHG,2026-09-24,38.0,38.25,37.869998931884766,37.88999938964844,37.88999938964844,RAW_CLOSE,1319706.0,,CNY
603233,XSHG,2026-09-24,18.0,18.209999084472656,17.510000228881836,17.549999237060547,17.549999237060547,RAW_CLOSE,7448269.0,,CNY
603259,XSHG,2026-09-24,166.8000030517578,168.57000732421875,162.3000030517578,162.39999389648438,162.39999389648438,RAW_CLOSE,34691908.0,,CNY
603288,XSHG,2026-09-24,34.099998474121094,34.31999969482422,33.88999938964844,33.93000030517578,33.93000030517578,RAW_CLOSE,5807563.0,,CNY
603338,XSHG,2026-09-24,54.0,54.56999969482422,52.75,52.779998779296875,52.779998779296875,RAW_CLOSE,3270500.0,,CNY
603369,XSHG,2026-09-24,27.270000457763672,27.479999542236328,26.700000762939453,26.920000076293945,26.920000076293945,RAW_CLOSE,6753347.0,,CNY
603392,XSHG,2026-09-24,26.790000915527344,27.31999969482422,26.299999237060547,26.3799991607666,26.3799991607666,RAW_CLOSE,5942538.0,,CNY
603501,XSHG,2026-09-24,82.33000183105469,82.68000030517578,81.23999786376953,81.4000015258789,81.4000015258789,RAW_CLOSE,7318290.0,,CNY
603517,XSHG,2026-09-24,11.40999984741211,11.510000228881836,11.34000015258789,11.430000305175781,11.430000305175781,RAW_CLOSE,3629200.0,,CNY
603658,XSHG,2026-09-24,34.709999084472656,34.81999969482422,33.599998474121094,33.650001525878906,33.650001525878906,RAW_CLOSE,6078294.0,,CNY
603659,XSHG,2026-09-24,21.920000076293945,22.149999618530273,21.5,21.5,21.5,RAW_CLOSE,11766042.0,,CNY
603799,XSHG,2026-09-24,35.900001525878906,36.040000915527344,35.41999816894531,35.41999816894531,35.41999816894531,RAW_CLOSE,25983621.0,,CNY
603806,XSHG,2026-09-24,14.300000190734863,14.34000015258789,13.899999618530273,13.899999618530273,13.899999618530273,RAW_CLOSE,19456234.0,,CNY
603833,XSHG,2026-09-24,30.0,30.299999237060547,29.149999618530273,29.360000610351562,29.360000610351562,RAW_CLOSE,2784100.0,,CNY
603882,XSHG,2026-09-24,28.809999465942383,30.139999389648438,28.729999542236328,29.389999389648438,29.389999389648438,RAW_CLOSE,13936519.0,,CNY
603899,XSHG,2026-09-24,22.34000015258789,22.40999984741211,21.899999618530273,21.899999618530273,21.899999618530273,RAW_CLOSE,1822400.0,,CNY
603939,XSHG,2026-09-24,22.049999237060547,22.329999923706055,21.940000534057617,22.079999923706055,21.792125701904297,RAW_CLOSE,5259811.0,,CNY
603986,XSHG,2026-09-24,393.0,394.7699890136719,383.7200012207031,383.7699890136719,383.7699890136719,RAW_CLOSE,22659484.0,,CNY
603993,XSHG,2026-09-24,17.479999542236328,17.479999542236328,17.020000457763672,17.079999923706055,17.079999923706055,RAW_CLOSE,150553166.0,,CNY
688008,XSHG,2026-09-24,222.05999755859375,222.05999755859375,214.36000061035156,214.5,214.5,RAW_CLOSE,25974047.0,,CNY
688009,XSHG,2026-09-24,4.659999847412109,4.659999847412109,4.630000114440918,4.639999866485596,4.639999866485596,RAW_CLOSE,12617326.0,,CNY
688012,XSHG,2026-09-24,347.010009765625,347.94000244140625,338.989990234375,339.29998779296875,339.29998779296875,RAW_CLOSE,9973753.0,,CNY
688036,XSHG,2026-09-24,55.5,55.97999954223633,54.599998474121094,54.91999816894531,54.91999816894531,RAW_CLOSE,5949449.0,,CNY
688111,XSHG,2026-09-24,226.0,226.8800048828125,222.02999877929688,222.02999877929688,222.02999877929688,RAW_CLOSE,3130845.0,,CNY
688126,XSHG,2026-09-24,25.399999618530273,25.739999771118164,24.760000228881836,24.799999237060547,24.799999237060547,RAW_CLOSE,70268064.0,,CNY
688169,XSHG,2026-09-24,116.37999725341797,116.5,114.51000213623047,114.5999984741211,114.5999984741211,RAW_CLOSE,2664816.0,,CNY
688363,XSHG,2026-09-24,35.04999923706055,35.52000045776367,34.61000061035156,34.70000076293945,34.70000076293945,RAW_CLOSE,2398986.0,,CNY
688396,XSHG,2026-09-24,60.79999923706055,61.099998474121094,59.16999816894531,59.16999816894531,59.16999816894531,RAW_CLOSE,11495757.0,,CNY
000001,XSHE,2026-09-28,11.279999732971191,11.40999984741211,11.270000457763672,11.300000190734863,11.300000190734863,RAW_CLOSE,71534143.0,,CNY
000002,XSHE,2026-09-28,3.7799999713897705,3.869999885559082,3.6500000953674316,3.7100000381469727,3.7100000381469727,RAW_CLOSE,447633881.0,,CNY
000063,XSHE,2026-09-28,31.700000762939453,31.739999771118164,30.6299991607666,30.790000915527344,30.790000915527344,RAW_CLOSE,69551039.0,,CNY
000066,XSHE,2026-09-28,14.84000015258789,14.899999618530273,14.119999885559082,14.15999984741211,14.15999984741211,RAW_CLOSE,111679363.0,,CNY
000069,XSHE,2026-09-28,1.850000023841858,1.9199999570846558,1.809999942779541,1.8600000143051147,1.8600000143051147,RAW_CLOSE,97672100.0,,CNY
000100,XSHE,2026-09-28,4.900000095367432,4.940000057220459,4.760000228881836,4.800000190734863,4.800000190734863,RAW_CLOSE,305507418.0,,CNY
000157,XSHE,2026-09-28,6.019999980926514,6.03000020980835,5.889999866485596,5.900000095367432,5.900000095367432,RAW_CLOSE,47851728.0,,CNY
000166,XSHE,2026-09-28,4.380000114440918,4.389999866485596,4.309999942779541,4.340000152587891,4.340000152587891,RAW_CLOSE,59371751.0,,CNY
000333,XSHE,2026-09-28,82.18000030517578,82.97000122070312,81.2699966430664,82.0,82.0,RAW_CLOSE,25657298.0,,CNY
000338,XSHE,2026-09-28,25.0,25.1299991607666,24.329999923706055,24.6200008392334,24.6200008392334,RAW_CLOSE,74939220.0,,CNY
000425,XSHE,2026-09-28,7.159999847412109,7.159999847412109,7.03000020980835,7.059999942779541,7.059999942779541,RAW_CLOSE,72914801.0,,CNY
000538,XSHE,2026-09-28,49.869998931884766,50.470001220703125,49.7599983215332,50.33000183105469,50.33000183105469,RAW_CLOSE,6987738.0,,CNY
000568,XSHE,2026-09-28,70.6500015258789,70.94999694824219,69.69999694824219,69.95999908447266,69.95999908447266,RAW_CLOSE,5682219.0,,CNY
000596,XSHE,2026-09-28,91.0,91.05999755859375,87.5,87.9000015258789,87.9000015258789,RAW_CLOSE,2960974.0,,CNY
000625,XSHE,2026-09-28,7.03000020980835,7.130000114440918,7.010000228881836,7.050000190734863,7.050000190734863,RAW_CLOSE,46145531.0,,CNY
000651,XSHE,2026-09-28,38.5,38.68000030517578,38.209999084472656,38.400001525878906,38.400001525878906,RAW_CLOSE,24144914.0,,CNY
000656,XSHE,2026-09-28,1.2300000190734863,1.2400000095367432,1.2000000476837158,1.2100000381469727,1.2100000381469727,RAW_CLOSE,139754654.0,,CNY
000661,XSHE,2026-09-28,70.5999984741211,71.5,70.08000183105469,70.5,70.5,RAW_CLOSE,3116199.0,,CNY
000703,XSHE,2026-09-28,17.15999984741211,17.489999771118164,16.780000686645508,17.260000228881836,17.260000228881836,RAW_CLOSE,67426174.0,,CNY
000708,XSHE,2026-09-28,12.890000343322754,12.979999542236328,12.770000457763672,12.789999961853027,12.789999961853027,RAW_CLOSE,8229968.0,,CNY
000725,XSHE,2026-09-28,6.019999980926514,6.090000152587891,5.760000228881836,5.800000190734863,5.800000190734863,RAW_CLOSE,1400302308.0,,CNY
000728,XSHE,2026-09-28,7.289999961853027,7.320000171661377,7.139999866485596,7.179999828338623,7.179999828338623,RAW_CLOSE,18503784.0,,CNY
000768,XSHE,2026-09-28,22.200000762939453,23.049999237060547,22.020000457763672,22.920000076293945,22.920000076293945,RAW_CLOSE,42177410.0,,CNY
000776,XSHE,2026-09-28,20.299999237060547,20.360000610351562,19.799999237060547,19.809999465942383,19.809999465942383,RAW_CLOSE,41433584.0,,CNY
000783,XSHE,2026-09-28,8.25,8.260000228881836,7.900000095367432,7.920000076293945,7.920000076293945,RAW_CLOSE,90577453.0,,CNY
000786,XSHE,2026-09-28,15.880000114440918,15.9399995803833,15.539999961853027,15.850000381469727,15.850000381469727,RAW_CLOSE,19168970.0,,CNY
000800,XSHE,2026-09-28,5.849999904632568,5.920000076293945,5.809999942779541,5.840000152587891,5.840000152587891,RAW_CLOSE,10272712.0,,CNY
000858,XSHE,2026-09-28,69.5,69.66000366210938,68.72000122070312,68.91000366210938,68.91000366210938,RAW_CLOSE,15362198.0,,CNY
000860,XSHE,2026-09-28,10.09000015258789,10.220000267028809,9.989999771118164,10.109999656677246,10.109999656677246,RAW_CLOSE,8078482.0,,CNY
000876,XSHE,2026-09-28,6.860000133514404,6.900000095367432,6.71999979019165,6.820000171661377,6.820000171661377,RAW_CLOSE,37148773.0,,CNY
000895,XSHE,2026-09-28,23.190000534057617,23.780000686645508,23.1299991607666,23.56999969482422,23.56999969482422,RAW_CLOSE,15978857.0,,CNY
000938,XSHE,2026-09-28,32.900001525878906,33.0,31.290000915527344,31.459999084472656,31.459999084472656,RAW_CLOSE,115917174.0,,CNY
000963,XSHE,2026-09-28,26.799999237060547,27.170000076293945,26.600000381469727,27.020000457763672,27.020000457763672,RAW_CLOSE,27909245.0,,CNY
000977,XSHE,2026-09-28,69.48999786376953,69.5,66.80000305175781,67.05000305175781,67.05000305175781,RAW_CLOSE,43618194.0,,CNY
001979,XSHE,2026-09-28,7.170000076293945,7.21999979019165,7.039999961853027,7.190000057220459,7.190000057220459,RAW_CLOSE,100223799.0,,CNY
002001,XSHE,2026-09-28,25.600000381469727,25.850000381469727,25.40999984741211,25.540000915527344,25.540000915527344,RAW_CLOSE,13461904.0,,CNY
002007,XSHE,2026-09-28,13.170000076293945,13.25,13.029999732971191,13.1899995803833,13.1899995803833,RAW_CLOSE,8788941.0,,CNY
002008,XSHE,2026-09-28,88.5199966430664,88.55999755859375,81.5999984741211,82.0,82.0,RAW_CLOSE,44783280.0,,CNY
002024,XSHE,2026-09-28,1.159999966621399,1.159999966621399,1.1399999856948853,1.1399999856948853,1.1399999856948853,RAW_CLOSE,13729483.0,,CNY
002027,XSHE,2026-09-28,4.659999847412109,4.739999771118164,4.659999847412109,4.679999828338623,4.679999828338623,RAW_CLOSE,118273637.0,,CNY
002032,XSHE,2026-09-28,39.400001525878906,39.88999938964844,39.220001220703125,39.65999984741211,39.65999984741211,RAW_CLOSE,2305800.0,,CNY
002044,XSHE,2026-09-28,4.5,4.519999980926514,4.380000114440918,4.409999847412109,4.409999847412109,RAW_CLOSE,49162649.0,,CNY
002049,XSHE,2026-09-28,60.45000076293945,60.45000076293945,58.380001068115234,58.630001068115234,58.630001068115234,RAW_CLOSE,10955084.0,,CNY
002050,XSHE,2026-09-28,36.08000183105469,36.400001525878906,35.31999969482422,35.439998626708984,35.32070541381836,RAW_CLOSE,36745528.0,,CNY
002120,XSHE,2026-09-28,6.800000190734863,6.829999923706055,6.710000038146973,6.769999980926514,6.769999980926514,RAW_CLOSE,24046211.0,,CNY
002129,XSHE,2026-09-28,9.399999618530273,9.4399995803833,9.109999656677246,9.119999885559082,9.119999885559082,RAW_CLOSE,68963249.0,,CNY
002142,XSHE,2026-09-28,34.970001220703125,35.2400016784668,34.5,34.54999923706055,34.54999923706055,RAW_CLOSE,22591722.0,,CNY
002153,XSHE,2026-09-28,7.429999828338623,7.460000038146973,7.21999979019165,7.289999961853027,7.289999961853027,RAW_CLOSE,14852843.0,,CNY
002157,XSHE,2026-09-28,2.9000000953674316,2.940000057220459,2.880000114440918,2.9100000858306885,2.9100000858306885,RAW_CLOSE,116994307.0,,CNY
002179,XSHE,2026-09-28,34.2400016784668,34.25,32.869998931884766,33.27000045776367,33.27000045776367,RAW_CLOSE,22427063.0,,CNY
002202,XSHE,2026-09-28,17.899999618530273,17.90999984741211,17.100000381469727,17.229999542236328,17.229999542236328,RAW_CLOSE,66763148.0,,CNY
002230,XSHE,2026-09-28,38.279998779296875,38.439998626708984,37.25,37.25,37.25,RAW_CLOSE,20623296.0,,CNY
002236,XSHE,2026-09-28,15.5,15.529999732971191,15.170000076293945,15.220000267028809,15.220000267028809,RAW_CLOSE,19261794.0,,CNY
002241,XSHE,2026-09-28,24.239999771118164,24.299999237060547,22.979999542236328,23.149999618530273,23.149999618530273,RAW_CLOSE,73753831.0,,CNY
002252,XSHE,2026-09-28,5.019999980926514,5.099999904632568,5.010000228881836,5.079999923706055,5.079999923706055,RAW_CLOSE,64376018.0,,CNY
002271,XSHE,2026-09-28,10.390000343322754,10.460000038146973,10.069999694824219,10.119999885559082,10.119999885559082,RAW_CLOSE,33525344.0,,CNY
002304,XSHE,2026-09-28,37.400001525878906,37.529998779296875,36.95000076293945,37.0099983215332,37.0099983215332,RAW_CLOSE,4099955.0,,CNY
002311,XSHE,2026-09-28,41.0,41.54999923706055,40.41999816894531,41.380001068115234,41.380001068115234,RAW_CLOSE,11790033.0,,CNY
002352,XSHE,2026-09-28,30.540000915527344,30.700000762939453,30.299999237060547,30.440000534057617,30.440000534057617,RAW_CLOSE,11038929.0,,CNY
002371,XSHE,2026-09-28,654.1900024414062,655.5999755859375,625.1300048828125,633.9299926757812,633.9299926757812,RAW_CLOSE,5960740.0,,CNY
002384,XSHE,2026-09-28,184.0800018310547,184.61000061035156,167.83999633789062,168.27999877929688,168.27999877929688,RAW_CLOSE,57805568.0,,CNY
002410,XSHE,2026-09-28,8.399999618530273,8.430000305175781,8.270000457763672,8.3100004196167,8.3100004196167,RAW_CLOSE,17893743.0,,CNY
002414,XSHE,2026-09-28,11.869999885559082,11.869999885559082,11.3100004196167,11.369999885559082,11.369999885559082,RAW_CLOSE,43221199.0,,CNY
002415,XSHE,2026-09-28,32.540000915527344,32.63999938964844,31.989999771118164,32.15999984741211,32.15999984741211,RAW_CLOSE,38456004.0,,CNY
002456,XSHE,2026-09-28,6.699999809265137,6.71999979019165,6.489999771118164,6.510000228881836,6.510000228881836,RAW_CLOSE,61022856.0,,CNY
002460,XSHE,2026-09-28,43.0,43.209999084472656,41.66999816894531,41.900001525878906,41.900001525878906,RAW_CLOSE,28920673.0,,CNY
002463,XSHE,2026-09-28,123.0,123.75,116.2300033569336,117.19999694824219,117.19999694824219,RAW_CLOSE,42123735.0,,CNY
002475,XSHE,2026-09-28,52.060001373291016,52.16999816894531,49.29999923706055,49.91999816894531,49.91999816894531,RAW_CLOSE,92859513.0,,CNY
002493,XSHE,2026-09-28,13.039999961853027,13.850000381469727,12.979999542236328,13.6899995803833,13.6899995803833,RAW_CLOSE,62486386.0,,CNY
002508,XSHE,2026-09-28,16.579999923706055,16.700000762939453,16.309999465942383,16.549999237060547,16.549999237060547,RAW_CLOSE,6707953.0,,CNY
002555,XSHE,2026-09-28,17.3700008392334,17.420000076293945,17.020000457763672,17.049999237060547,17.049999237060547,RAW_CLOSE,15452605.0,,CNY
002558,XSHE,2026-09-28,23.6200008392334,23.639999389648438,22.1200008392334,22.18000030517578,22.18000030517578,RAW_CLOSE,60647197.0,,CNY
002594,XSHE,2026-09-28,83.61000061035156,84.27999877929688,83.18000030517578,83.3499984741211,83.3499984741211,RAW_CLOSE,18236497.0,,CNY
002600,XSHE,2026-09-28,12.15999984741211,12.25,11.800000190734863,12.010000228881836,12.010000228881836,RAW_CLOSE,72584079.0,,CNY
002601,XSHE,2026-09-28,15.0,15.0,14.680000305175781,14.75,14.75,RAW_CLOSE,9675300.0,,CNY
002602,XSHE,2026-09-28,14.369999885559082,14.40999984741211,13.770000457763672,13.869999885559082,13.869999885559082,RAW_CLOSE,66448914.0,,CNY
002607,XSHE,2026-09-28,1.8700000047683716,1.8799999952316284,1.809999942779541,1.8300000429153442,1.8300000429153442,RAW_CLOSE,113705279.0,,CNY
002624,XSHE,2026-09-28,9.579999923706055,9.630000114440918,9.319999694824219,9.369999885559082,9.369999885559082,RAW_CLOSE,41672023.0,,CNY
002673,XSHE,2026-09-28,6.599999904632568,6.619999885559082,6.489999771118164,6.53000020980835,6.53000020980835,RAW_CLOSE,20144181.0,,CNY
002714,XSHE,2026-09-28,40.380001068115234,41.95000076293945,40.2400016784668,41.709999084472656,41.709999084472656,RAW_CLOSE,46567139.0,,CNY
002736,XSHE,2026-09-28,9.84000015258789,9.869999885559082,9.619999885559082,9.680000305175781,9.680000305175781,RAW_CLOSE,19540066.0,,CNY
002739,XSHE,2026-09-28,8.420000076293945,8.489999771118164,8.180000305175781,8.1899995803833,8.1899995803833,RAW_CLOSE,34034492.0,,CNY
002773,XSHE,2026-09-28,20.489999771118164,21.989999771118164,20.010000228881836,21.100000381469727,21.100000381469727,RAW_CLOSE,17724394.0,,CNY
002812,XSHE,2026-09-28,46.29999923706055,46.40999984741211,44.70000076293945,45.09000015258789,45.09000015258789,RAW_CLOSE,10794143.0,,CNY
002821,XSHE,2026-09-28,180.6300048828125,181.66000366210938,176.8000030517578,180.52999877929688,180.52999877929688,RAW_CLOSE,6719166.0,,CNY
002841,XSHE,2026-09-28,44.939998626708984,46.79999923706055,44.0099983215332,44.099998474121094,44.099998474121094,RAW_CLOSE,8010134.0,,CNY
002916,XSHE,2026-09-28,390.2099914550781,393.5,368.8299865722656,370.9800109863281,370.9800109863281,RAW_CLOSE,7666433.0,,CNY
002938,XSHE,2026-09-28,82.5,82.70999908447266,78.0999984741211,79.66000366210938,79.66000366210938,RAW_CLOSE,22030925.0,,CNY
002939,XSHE,2026-09-28,7.730000019073486,7.760000228881836,7.630000114440918,7.670000076293945,7.670000076293945,RAW_CLOSE,13404875.0,,CNY
002945,XSHE,2026-09-28,14.350000381469727,14.420000076293945,13.9399995803833,14.069999694824219,14.069999694824219,RAW_CLOSE,9144105.0,,CNY
003816,XSHE,2026-09-28,4.199999809265137,4.300000190734863,4.190000057220459,4.260000228881836,4.260000228881836,RAW_CLOSE,117857962.0,,CNY
300003,XSHE,2026-09-28,11.460000038146973,11.539999961853027,11.319999694824219,11.399999618530273,11.399999618530273,RAW_CLOSE,11104897.0,,CNY
300014,XSHE,2026-09-28,48.70000076293945,48.79999923706055,47.310001373291016,47.58000183105469,47.58000183105469,RAW_CLOSE,24173447.0,,CNY
300015,XSHE,2026-09-28,7.909999847412109,7.980000019073486,7.840000152587891,7.860000133514404,7.860000133514404,RAW_CLOSE,36403618.0,,CNY
300033,XSHE,2026-09-28,204.10000610351562,204.8000030517578,197.97000122070312,198.0500030517578,198.0500030517578,RAW_CLOSE,7001803.0,,CNY
300059,XSHE,2026-09-28,18.200000762939453,18.299999237060547,17.84000015258789,17.8700008392334,17.8700008392334,RAW_CLOSE,154647212.0,,CNY
300122,XSHE,2026-09-28,13.1899995803833,13.199999809265137,12.869999885559082,12.930000305175781,12.930000305175781,RAW_CLOSE,21778799.0,,CNY
300124,XSHE,2026-09-28,51.88999938964844,53.08000183105469,51.88999938964844,52.290000915527344,52.290000915527344,RAW_CLOSE,30067229.0,,CNY
300136,XSHE,2026-09-28,56.220001220703125,56.900001525878906,52.38999938964844,52.79999923706055,52.79999923706055,RAW_CLOSE,44658432.0,,CNY
300142,XSHE,2026-09-28,13.850000381469727,14.010000228881836,13.470000267028809,13.600000381469727,13.600000381469727,RAW_CLOSE,82401733.0,,CNY
300144,XSHE,2026-09-28,5.690000057220459,5.710000038146973,5.579999923706055,5.590000152587891,5.590000152587891,RAW_CLOSE,22487790.0,,CNY
300274,XSHE,2026-09-28,83.83000183105469,84.0,80.76000213623047,81.05999755859375,81.05999755859375,RAW_CLOSE,40438623.0,,CNY
300347,XSHE,2026-09-28,56.900001525878906,58.79999923706055,56.45000076293945,56.79999923706055,56.79999923706055,RAW_CLOSE,9527672.0,,CNY
300408,XSHE,2026-09-28,123.7300033569336,124.0999984741211,114.9000015258789,115.54000091552734,115.54000091552734,RAW_CLOSE,39180228.0,,CNY
300413,XSHE,2026-09-28,19.18000030517578,19.399999618530273,18.489999771118164,18.760000228881836,18.760000228881836,RAW_CLOSE,46980254.0,,CNY
300433,XSHE,2026-09-28,33.15999984741211,33.290000915527344,31.440000534057617,31.600000381469727,31.600000381469727,RAW_CLOSE,58377765.0,,CNY
300450,XSHE,2026-09-28,31.93000030517578,32.02000045776367,30.940000534057617,31.200000762939453,31.200000762939453,RAW_CLOSE,24334847.0,,CNY
300498,XSHE,2026-09-28,14.5,14.960000038146973,14.460000038146973,14.90999984741211,14.90999984741211,RAW_CLOSE,38808000.0,,CNY
300529,XSHE,2026-09-28,15.029999732971191,15.100000381469727,14.859999656677246,15.0,15.0,RAW_CLOSE,3214659.0,,CNY
300558,XSHE,2026-09-28,48.22999954223633,48.65999984741211,47.22999954223633,47.709999084472656,47.709999084472656,RAW_CLOSE,7218793.0,,CNY
300595,XSHE,2026-09-28,10.119999885559082,10.170000076293945,9.9399995803833,10.020000457763672,10.020000457763672,RAW_CLOSE,5836267.0,,CNY
300601,XSHE,2026-09-28,12.899999618530273,13.0,12.75,12.859999656677246,12.859999656677246,RAW_CLOSE,11795234.0,,CNY
300628,XSHE,2026-09-28,41.310001373291016,42.20000076293945,40.900001525878906,41.099998474121094,41.099998474121094,RAW_CLOSE,8505310.0,,CNY
300677,XSHE,2026-09-28,49.619998931884766,50.2400016784668,48.31999969482422,48.400001525878906,48.400001525878906,RAW_CLOSE,6867812.0,,CNY
600000,XSHG,2026-09-28,9.029999732971191,9.180000305175781,9.0,9.15999984741211,9.15999984741211,RAW_CLOSE,118485298.0,,CNY
600009,XSHG,2026-09-28,22.479999542236328,22.5,22.25,22.360000610351562,22.360000610351562,RAW_CLOSE,5150224.0,,CNY
600010,XSHG,2026-09-28,2.0799999237060547,2.0899999141693115,2.049999952316284,2.059999942779541,2.059999942779541,RAW_CLOSE,232217340.0,,CNY
600011,XSHG,2026-09-28,6.75,6.960000038146973,6.730000019073486,6.940000057220459,6.940000057220459,RAW_CLOSE,127771234.0,,CNY
600015,XSHG,2026-09-28,6.230000019073486,6.25,6.159999847412109,6.179999828338623,6.179999828338623,RAW_CLOSE,77944466.0,,CNY
600016,XSHG,2026-09-28,3.4600000381469727,3.490000009536743,3.4200000762939453,3.440000057220459,3.440000057220459,RAW_CLOSE,182244410.0,,CNY
600018,XSHG,2026-09-28,5.380000114440918,5.420000076293945,5.360000133514404,5.380000114440918,5.380000114440918,RAW_CLOSE,44848163.0,,CNY
600019,XSHG,2026-09-28,5.820000171661377,5.880000114440918,5.789999961853027,5.800000190734863,5.800000190734863,RAW_CLOSE,78134505.0,,CNY
600025,XSHG,2026-09-28,9.770000457763672,9.899999618530273,9.729999542236328,9.869999885559082,9.869999885559082,RAW_CLOSE,36039734.0,,CNY
600028,XSHG,2026-09-28,5.320000171661377,5.420000076293945,5.28000020980835,5.409999847412109,5.302414417266846,RAW_CLOSE,226131730.0,,CNY
600029,XSHG,2026-09-28,4.860000133514404,4.860000133514404,4.789999961853027,4.820000171661377,4.820000171661377,RAW_CLOSE,44469057.0,,CNY
600030,XSHG,2026-09-28,26.260000228881836,26.31999969482422,25.790000915527344,25.940000534057617,25.940000534057617,RAW_CLOSE,83608603.0,,CNY
600031,XSHG,2026-09-28,17.100000381469727,17.329999923706055,17.0,17.190000534057617,17.190000534057617,RAW_CLOSE,55650575.0,,CNY
600036,XSHG,2026-09-28,40.66999816894531,41.08000183105469,40.380001068115234,40.63999938964844,40.63999938964844,RAW_CLOSE,54391836.0,,CNY
600048,XSHG,2026-09-28,5.550000190734863,5.639999866485596,5.510000228881836,5.610000133514404,5.610000133514404,RAW_CLOSE,146873789.0,,CNY
600050,XSHG,2026-09-28,4.139999866485596,4.150000095367432,4.090000152587891,4.130000114440918,4.130000114440918,RAW_CLOSE,106787504.0,,CNY
600061,XSHG,2026-09-28,6.199999809265137,6.21999979019165,6.070000171661377,6.090000152587891,6.090000152587891,RAW_CLOSE,31775327.0,,CNY
600079,XSHG,2026-09-28,18.860000610351562,18.969999313354492,18.600000381469727,18.809999465942383,18.809999465942383,RAW_CLOSE,7510700.0,,CNY
600085,XSHG,2026-09-28,23.34000015258789,23.540000915527344,23.18000030517578,23.329999923706055,23.329999923706055,RAW_CLOSE,3337643.0,,CNY
600104,XSHG,2026-09-28,10.699999809265137,10.899999618530273,10.6899995803833,10.770000457763672,10.770000457763672,RAW_CLOSE,37372987.0,,CNY
600109,XSHG,2026-09-28,8.100000381469727,8.119999885559082,7.949999809265137,8.0,8.0,RAW_CLOSE,19771300.0,,CNY
600111,XSHG,2026-09-28,36.90999984741211,36.95000076293945,35.41999816894531,35.56999969482422,35.56999969482422,RAW_CLOSE,40586415.0,,CNY
600115,XSHG,2026-09-28,3.359999895095825,3.359999895095825,3.2799999713897705,3.309999942779541,3.309999942779541,RAW_CLOSE,152926779.0,,CNY
600118,XSHG,2026-09-28,57.400001525878906,57.540000915527344,55.75,56.11000061035156,56.11000061035156,RAW_CLOSE,19878939.0,,CNY
600132,XSHG,2026-09-28,37.5099983215332,38.02000045776367,37.38999938964844,37.599998474121094,37.599998474121094,RAW_CLOSE,2018960.0,,CNY
600143,XSHG,2026-09-28,13.050000190734863,13.149999618530273,12.850000381469727,12.880000114440918,12.880000114440918,RAW_CLOSE,17610492.0,,CNY
600150,XSHG,2026-09-28,38.369998931884766,38.939998626708984,37.84000015258789,38.08000183105469,38.08000183105469,RAW_CLOSE,98241779.0,,CNY
600161,XSHG,2026-09-28,12.079999923706055,12.279999732971191,12.0600004196167,12.220000267028809,12.220000267028809,RAW_CLOSE,8389213.0,,CNY
600176,XSHG,2026-09-28,42.65999984741211,42.849998474121094,39.0,39.27000045776367,39.27000045776367,RAW_CLOSE,215637170.0,,CNY
600183,XSHG,2026-09-28,136.0,138.5,130.0,131.9499969482422,131.9499969482422,RAW_CLOSE,45706868.0,,CNY
600196,XSHG,2026-09-28,22.899999618530273,23.31999969482422,22.790000915527344,23.239999771118164,23.239999771118164,RAW_CLOSE,24656255.0,,CNY
600233,XSHG,2026-09-28,17.90999984741211,18.100000381469727,17.610000610351562,18.030000686645508,18.030000686645508,RAW_CLOSE,20257539.0,,CNY
600276,XSHG,2026-09-28,44.86000061035156,45.220001220703125,44.349998474121094,44.470001220703125,44.470001220703125,RAW_CLOSE,37071126.0,,CNY
600299,XSHG,2026-09-28,8.079999923706055,8.359999656677246,8.029999732971191,8.0600004196167,8.0600004196167,RAW_CLOSE,37877291.0,,CNY
600309,XSHG,2026-09-28,69.45999908447266,69.98999786376953,69.0,69.4000015258789,69.4000015258789,RAW_CLOSE,18157443.0,,CNY
600332,XSHG,2026-09-28,19.3799991607666,19.549999237060547,19.329999923706055,19.450000762939453,19.450000762939453,RAW_CLOSE,4554907.0,,CNY
600340,XSHG,2026-09-28,1.1799999475479126,1.2899999618530273,1.1799999475479126,1.2899999618530273,1.2899999618530273,RAW_CLOSE,185170600.0,,CNY
600352,XSHG,2026-09-28,12.15999984741211,12.380000114440918,11.90999984741211,12.25,12.25,RAW_CLOSE,35761888.0,,CNY
600362,XSHG,2026-09-28,41.02000045776367,41.459999084472656,40.77000045776367,40.91999816894531,40.91999816894531,RAW_CLOSE,31566250.0,,CNY
600383,XSHG,2026-09-28,2.4000000953674316,2.430000066757202,2.369999885559082,2.4000000953674316,2.4000000953674316,RAW_CLOSE,111048645.0,,CNY
600406,XSHG,2026-09-28,22.270000457763672,22.690000534057617,22.149999618530273,22.639999389648438,22.48699951171875,RAW_CLOSE,57690062.0,,CNY
600426,XSHG,2026-09-28,19.700000762939453,19.899999618530273,19.31999969482422,19.399999618530273,19.399999618530273,RAW_CLOSE,19609629.0,,CNY
600436,XSHG,2026-09-28,117.36000061035156,117.93000030517578,116.20999908447266,116.66000366210938,116.66000366210938,RAW_CLOSE,1369619.0,,CNY
600438,XSHG,2026-09-28,11.140000343322754,11.449999809265137,11.010000228881836,11.0600004196167,11.0600004196167,RAW_CLOSE,29142363.0,,CNY
600482,XSHG,2026-09-28,34.45000076293945,34.5099983215332,33.54999923706055,33.7400016784668,33.7400016784668,RAW_CLOSE,12131532.0,,CNY
600489,XSHG,2026-09-28,21.520000457763672,21.600000381469727,20.850000381469727,20.950000762939453,20.950000762939453,RAW_CLOSE,69706508.0,,CNY
600519,XSHG,2026-09-28,1236.0,1244.010009765625,1228.0999755859375,1243.8800048828125,1243.8800048828125,RAW_CLOSE,2821830.0,,CNY
600521,XSHG,2026-09-28,15.869999885559082,16.110000610351562,15.819999694824219,15.90999984741211,15.90999984741211,RAW_CLOSE,14331717.0,,CNY
600522,XSHG,2026-09-28,34.5,34.54999923706055,31.31999969482422,31.31999969482422,31.31999969482422,RAW_CLOSE,235313184.0,,CNY
600547,XSHG,2026-09-28,27.399999618530273,27.600000381469727,26.15999984741211,26.15999984741211,26.15999984741211,RAW_CLOSE,140335059.0,,CNY
600570,XSHG,2026-09-28,19.920000076293945,19.989999771118164,19.420000076293945,19.420000076293945,19.420000076293945,RAW_CLOSE,14242031.0,,CNY
600584,XSHG,2026-09-28,68.4000015258789,68.75,65.05999755859375,65.43000030517578,65.43000030517578,RAW_CLOSE,60657350.0,,CNY
600585,XSHG,2026-09-28,16.93000030517578,17.0,16.690000534057617,16.770000457763672,16.64160919189453,RAW_CLOSE,15715654.0,,CNY
600588,XSHG,2026-09-28,9.289999961853027,9.319999694824219,9.010000228881836,9.109999656677246,9.109999656677246,RAW_CLOSE,33020119.0,,CNY
600600,XSHG,2026-09-28,49.88999938964844,50.099998474121094,49.70000076293945,49.70000076293945,49.70000076293945,RAW_CLOSE,2296132.0,,CNY
600606,XSHG,2026-09-28,1.409999966621399,1.4500000476837158,1.3799999952316284,1.409999966621399,1.409999966621399,RAW_CLOSE,226539706.0,,CNY
600655,XSHG,2026-09-28,4.460000038146973,4.489999771118164,4.389999866485596,4.460000038146973,4.460000038146973,RAW_CLOSE,11657599.0,,CNY
600660,XSHG,2026-09-28,52.380001068115234,53.29999923706055,52.189998626708984,52.90999984741211,52.90999984741211,RAW_CLOSE,10821979.0,,CNY
600690,XSHG,2026-09-28,20.190000534057617,20.389999389648438,20.100000381469727,20.15999984741211,20.15999984741211,RAW_CLOSE,26684140.0,,CNY
600703,XSHG,2026-09-28,12.0,12.130000114440918,11.59000015258789,11.59000015258789,11.59000015258789,RAW_CLOSE,127865970.0,,CNY
600741,XSHG,2026-09-28,14.710000038146973,15.010000228881836,14.680000305175781,14.979999542236328,14.979999542236328,RAW_CLOSE,21459501.0,,CNY
600745,XSHG,2026-09-28,16.90999984741211,16.90999984741211,16.290000915527344,16.299999237060547,16.299999237060547,RAW_CLOSE,25253366.0,,CNY
600760,XSHG,2026-09-28,42.70000076293945,43.4900016784668,42.70000076293945,43.34000015258789,43.34000015258789,RAW_CLOSE,9260069.0,,CNY
600763,XSHG,2026-09-28,33.369998931884766,33.7599983215332,33.11000061035156,33.2599983215332,33.2599983215332,RAW_CLOSE,4097312.0,,CNY
600795,XSHG,2026-09-28,5.25,5.420000076293945,5.230000019073486,5.400000095367432,5.400000095367432,RAW_CLOSE,173000295.0,,CNY
600809,XSHG,2026-09-28,111.0,111.56999969482422,109.1500015258789,110.26000213623047,110.26000213623047,RAW_CLOSE,3550574.0,,CNY
600845,XSHG,2026-09-28,18.15999984741211,18.239999771118164,17.780000686645508,18.010000228881836,18.010000228881836,RAW_CLOSE,14247861.0,,CNY
600848,XSHG,2026-09-28,8.489999771118164,8.539999961853027,8.399999618530273,8.479999542236328,8.479999542236328,RAW_CLOSE,5853660.0,,CNY
600872,XSHG,2026-09-28,17.079999923706055,17.200000762939453,16.950000762939453,17.1299991607666,17.1299991607666,RAW_CLOSE,6079911.0,,CNY
600887,XSHG,2026-09-28,26.809999465942383,27.049999237060547,26.700000762939453,27.030000686645508,27.030000686645508,RAW_CLOSE,41586445.0,,CNY
600893,XSHG,2026-09-28,38.279998779296875,39.43000030517578,38.2400016784668,38.68000030517578,38.68000030517578,RAW_CLOSE,27557513.0,,CNY
600900,XSHG,2026-09-28,28.350000381469727,28.600000381469727,28.309999465942383,28.549999237060547,28.549999237060547,RAW_CLOSE,108013753.0,,CNY
600918,XSHG,2026-09-28,5.400000095367432,5.420000076293945,5.309999942779541,5.340000152587891,5.340000152587891,RAW_CLOSE,25210013.0,,CNY
600919,XSHG,2026-09-28,12.260000228881836,12.430000305175781,12.210000038146973,12.220000267028809,12.220000267028809,RAW_CLOSE,99454096.0,,CNY
600926,XSHG,2026-09-28,16.8799991607666,16.959999084472656,16.75,16.809999465942383,16.809999465942383,RAW_CLOSE,36636036.0,,CNY
600958,XSHG,2026-09-28,8.699999809265137,8.720000267028809,8.569999694824219,8.59000015258789,8.59000015258789,RAW_CLOSE,39841968.0,,CNY
600989,XSHG,2026-09-28,22.219999313354492,22.68000030517578,22.100000381469727,22.450000762939453,22.450000762939453,RAW_CLOSE,50340045.0,,CNY
600999,XSHG,2026-09-28,17.399999618530273,17.440000534057617,16.90999984741211,16.920000076293945,16.920000076293945,RAW_CLOSE,39960523.0,,CNY
601006,XSHG,2026-09-28,4.659999847412109,4.670000076293945,4.619999885559082,4.650000095367432,4.650000095367432,RAW_CLOSE,73586215.0,,CNY
601009,XSHG,2026-09-28,11.949999809265137,12.109999656677246,11.859999656677246,11.899999618530273,11.899999618530273,RAW_CLOSE,69259417.0,,CNY
601012,XSHG,2026-09-28,11.069999694824219,11.210000038146973,10.75,10.8100004196167,10.8100004196167,RAW_CLOSE,86085888.0,,CNY
601021,XSHG,2026-09-28,39.650001525878906,40.81999969482422,38.18000030517578,40.439998626708984,40.439998626708984,RAW_CLOSE,12346442.0,,CNY
601066,XSHG,2026-09-28,23.329999923706055,23.389999389648438,22.940000534057617,23.030000686645508,23.030000686645508,RAW_CLOSE,10458948.0,,CNY
601077,XSHG,2026-09-28,6.639999866485596,6.75,6.610000133514404,6.659999847412109,6.659999847412109,RAW_CLOSE,82424711.0,,CNY
601088,XSHG,2026-09-28,47.790000915527344,48.40999984741211,47.560001373291016,48.38999938964844,48.38999938964844,RAW_CLOSE,23073114.0,,CNY
601100,XSHG,2026-09-28,91.5,92.25,89.58000183105469,90.0,90.0,RAW_CLOSE,10088079.0,,CNY
601108,XSHG,2026-09-28,8.34000015258789,8.359999656677246,8.100000381469727,8.119999885559082,8.119999885559082,RAW_CLOSE,39381895.0,,CNY
601111,XSHG,2026-09-28,5.820000171661377,5.820000171661377,5.699999809265137,5.760000228881836,5.760000228881836,RAW_CLOSE,82179634.0,,CNY
601138,XSHG,2026-09-28,61.0,61.0,58.279998779296875,58.91999816894531,58.91999816894531,RAW_CLOSE,64381494.0,,CNY
601155,XSHG,2026-09-28,12.569999694824219,12.8100004196167,12.420000076293945,12.65999984741211,12.65999984741211,RAW_CLOSE,22385899.0,,CNY
601162,XSHG,2026-09-28,3.569999933242798,3.5899999141693115,3.4800000190734863,3.490000009536743,3.490000009536743,RAW_CLOSE,125480789.0,,CNY
601166,XSHG,2026-09-28,17.920000076293945,17.959999084472656,17.719999313354492,17.770000457763672,17.770000457763672,RAW_CLOSE,62768693.0,,CNY
601169,XSHG,2026-09-28,5.489999771118164,5.53000020980835,5.429999828338623,5.449999809265137,5.449999809265137,RAW_CLOSE,143885731.0,,CNY
601186,XSHG,2026-09-28,5.96999979019165,5.989999771118164,5.920000076293945,5.929999828338623,5.929999828338623,RAW_CLOSE,23223500.0,,CNY
601211,XSHG,2026-09-28,17.200000762939453,17.229999542236328,16.739999771118164,16.809999465942383,16.809999465942383,RAW_CLOSE,66218040.0,,CNY
601216,XSHG,2026-09-28,4.46999979019165,4.489999771118164,4.409999847412109,4.460000038146973,4.460000038146973,RAW_CLOSE,41451708.0,,CNY
601225,XSHG,2026-09-28,25.510000228881836,26.0,25.25,25.850000381469727,25.850000381469727,RAW_CLOSE,30886519.0,,CNY
601229,XSHG,2026-09-28,9.529999732971191,9.609999656677246,9.479999542236328,9.510000228881836,9.510000228881836,RAW_CLOSE,50418818.0,,CNY
601231,XSHG,2026-09-28,25.510000228881836,25.530000686645508,23.389999389648438,23.670000076293945,23.670000076293945,RAW_CLOSE,32931931.0,,CNY
601236,XSHG,2026-09-28,6.849999904632568,6.889999866485596,6.75,6.860000133514404,6.860000133514404,RAW_CLOSE,14364480.0,,CNY
601238,XSHG,2026-09-28,5.090000152587891,5.090000152587891,5.090000152587891,5.090000152587891,5.090000152587891,RAW_CLOSE,0.0,,CNY
601288,XSHG,2026-09-28,6.880000114440918,6.980000019073486,6.840000152587891,6.860000133514404,6.860000133514404,RAW_CLOSE,317315333.0,,CNY
601318,XSHG,2026-09-28,53.09000015258789,53.400001525878906,52.189998626708984,52.400001525878906,52.400001525878906,RAW_CLOSE,71194468.0,,CNY
601319,XSHG,2026-09-28,8.029999732971191,8.170000076293945,7.960000038146973,8.0,8.0,RAW_CLOSE,56014931.0,,CNY
601328,XSHG,2026-09-28,7.570000171661377,7.619999885559082,7.519999980926514,7.590000152587891,7.590000152587891,RAW_CLOSE,215999439.0,,CNY
601336,XSHG,2026-09-28,57.2599983215332,57.45000076293945,55.86000061035156,55.900001525878906,55.900001525878906,RAW_CLOSE,13073588.0,,CNY
601360,XSHG,2026-09-28,9.079999923706055,9.149999618530273,8.760000228881836,8.949999809265137,8.949999809265137,RAW_CLOSE,99262929.0,,CNY
601377,XSHG,2026-09-28,5.849999904632568,5.860000133514404,5.710000038146973,5.739999771118164,5.739999771118164,RAW_CLOSE,60053501.0,,CNY
601390,XSHG,2026-09-28,4.25,4.25,4.199999809265137,4.21999979019165,4.21999979019165,RAW_CLOSE,55831864.0,,CNY
601398,XSHG,2026-09-28,8.119999885559082,8.25,8.109999656677246,8.149999618530273,8.149999618530273,RAW_CLOSE,299122932.0,,CNY
601555,XSHG,2026-09-28,8.149999618530273,8.180000305175781,8.050000190734863,8.079999923706055,8.079999923706055,RAW_CLOSE,30330430.0,,CNY
601600,XSHG,2026-09-28,8.800000190734863,8.8100004196167,8.619999885559082,8.680000305175781,8.680000305175781,RAW_CLOSE,146822102.0,,CNY
601601,XSHG,2026-09-28,30.709999084472656,31.219999313354492,30.360000610351562,30.5,30.5,RAW_CLOSE,36123770.0,,CNY
601607,XSHG,2026-09-28,16.010000228881836,16.110000610351562,15.829999923706055,15.890000343322754,15.890000343322754,RAW_CLOSE,8835984.0,,CNY
601618,XSHG,2026-09-28,2.490000009536743,2.5,2.450000047683716,2.4600000381469727,2.4600000381469727,RAW_CLOSE,67328000.0,,CNY
601628,XSHG,2026-09-28,37.33000183105469,37.709999084472656,36.75,36.77000045776367,36.77000045776367,RAW_CLOSE,18125384.0,,CNY
601633,XSHG,2026-09-28,13.800000190734863,13.899999618530273,13.720000267028809,13.789999961853027,13.789999961853027,RAW_CLOSE,11182727.0,,CNY
601658,XSHG,2026-09-28,5.329999923706055,5.409999847412109,5.300000190734863,5.320000171661377,5.320000171661377,RAW_CLOSE,173204381.0,,CNY
601668,XSHG,2026-09-28,4.25,4.269999980926514,4.199999809265137,4.21999979019165,4.21999979019165,RAW_CLOSE,177368683.0,,CNY
601669,XSHG,2026-09-28,4.539999961853027,4.539999961853027,4.5,4.519999980926514,4.519999980926514,RAW_CLOSE,53851893.0,,CNY
601688,XSHG,2026-09-28,18.15999984741211,18.200000762939453,17.790000915527344,17.84000015258789,17.84000015258789,RAW_CLOSE,43710641.0,,CNY
601696,XSHG,2026-09-28,11.100000381469727,11.15999984741211,10.899999618530273,10.930000305175781,10.930000305175781,RAW_CLOSE,25212837.0,,CNY
601698,XSHG,2026-09-28,23.469999313354492,23.56999969482422,22.84000015258789,23.030000686645508,23.030000686645508,RAW_CLOSE,16726547.0,,CNY
601727,XSHG,2026-09-28,6.570000171661377,6.579999923706055,6.409999847412109,6.440000057220459,6.440000057220459,RAW_CLOSE,46434250.0,,CNY
601766,XSHG,2026-09-28,5.96999979019165,6.130000114440918,5.960000038146973,6.119999885559082,6.119999885559082,RAW_CLOSE,193201754.0,,CNY
601788,XSHG,2026-09-28,13.729999542236328,13.779999732971191,13.5600004196167,13.579999923706055,13.579999923706055,RAW_CLOSE,11602486.0,,CNY
601799,XSHG,2026-09-28,70.70999908447266,71.08999633789062,68.80000305175781,69.22000122070312,69.22000122070312,RAW_CLOSE,2990605.0,,CNY
601800,XSHG,2026-09-28,5.809999942779541,5.809999942779541,5.730000019073486,5.760000228881836,5.760000228881836,RAW_CLOSE,16513059.0,,CNY
601808,XSHG,2026-09-28,12.069999694824219,12.210000038146973,12.0,12.170000076293945,12.170000076293945,RAW_CLOSE,9759981.0,,CNY
601816,XSHG,2026-09-28,4.699999809265137,4.800000190734863,4.690000057220459,4.78000020980835,4.78000020980835,RAW_CLOSE,233484428.0,,CNY
601818,XSHG,2026-09-28,3.0,3.009999990463257,2.9800000190734863,2.990000009536743,2.990000009536743,RAW_CLOSE,130275040.0,,CNY
601838,XSHG,2026-09-28,19.040000915527344,19.200000762939453,18.969999313354492,19.040000915527344,19.040000915527344,RAW_CLOSE,25698995.0,,CNY
601857,XSHG,2026-09-28,10.920000076293945,11.220000267028809,10.829999923706055,11.1899995803833,11.1899995803833,RAW_CLOSE,163104953.0,,CNY
601872,XSHG,2026-09-28,21.079999923706055,21.18000030517578,20.440000534057617,20.649999618530273,20.649999618530273,RAW_CLOSE,88827221.0,,CNY
601877,XSHG,2026-09-28,24.899999618530273,24.959999084472656,24.399999618530273,24.450000762939453,24.399959564208984,RAW_CLOSE,10414889.0,,CNY
601878,XSHG,2026-09-28,9.020000457763672,9.039999961853027,8.890000343322754,8.90999984741211,8.90999984741211,RAW_CLOSE,15826005.0,,CNY
601881,XSHG,2026-09-28,11.829999923706055,11.850000381469727,11.569999694824219,11.579999923706055,11.579999923706055,RAW_CLOSE,25192457.0,,CNY
601888,XSHG,2026-09-28,51.189998626708984,51.4900016784668,50.52000045776367,50.790000915527344,50.790000915527344,RAW_CLOSE,12169773.0,,CNY
601899,XSHG,2026-09-28,29.600000381469727,29.690000534057617,29.049999237060547,29.420000076293945,29.420000076293945,RAW_CLOSE,166502688.0,,CNY
601901,XSHG,2026-09-28,6.730000019073486,6.739999771118164,6.590000152587891,6.619999885559082,6.619999885559082,RAW_CLOSE,32782952.0,,CNY
601916,XSHG,2026-09-28,2.8399999141693115,2.869999885559082,2.809999942779541,2.819999933242798,2.819999933242798,RAW_CLOSE,117424951.0,,CNY
601919,XSHG,2026-09-28,16.440000534057617,16.579999923706055,16.190000534057617,16.459999084472656,16.459999084472656,RAW_CLOSE,73252615.0,,CNY
601933,XSHG,2026-09-28,3.0,3.009999990463257,2.950000047683716,2.9600000381469727,2.9600000381469727,RAW_CLOSE,73011569.0,,CNY
601939,XSHG,2026-09-28,10.989999771118164,11.130000114440918,10.949999809265137,11.0,11.0,RAW_CLOSE,98749644.0,,CNY
601985,XSHG,2026-09-28,8.890000343322754,9.020000457763672,8.880000114440918,9.0,9.0,RAW_CLOSE,96296789.0,,CNY
601988,XSHG,2026-09-28,6.610000133514404,6.710000038146973,6.590000152587891,6.630000114440918,6.630000114440918,RAW_CLOSE,260427615.0,,CNY
601990,XSHG,2026-09-28,6.579999923706055,6.610000133514404,6.46999979019165,6.5,6.5,RAW_CLOSE,16702387.0,,CNY
601995,XSHG,2026-09-28,30.950000762939453,30.989999771118164,30.360000610351562,30.5,30.5,RAW_CLOSE,19769415.0,,CNY
601998,XSHG,2026-09-28,9.050000190734863,9.100000381469727,8.949999809265137,9.069999694824219,9.069999694824219,RAW_CLOSE,70973280.0,,CNY
603019,XSHG,2026-09-28,82.19999694824219,82.48999786376953,80.0,80.0199966430664,80.0199966430664,RAW_CLOSE,22159757.0,,CNY
603087,XSHG,2026-09-28,73.44000244140625,75.0,73.43000030517578,73.95999908447266,73.95999908447266,RAW_CLOSE,9489574.0,,CNY
603160,XSHG,2026-09-28,54.099998474121094,54.63999938964844,53.349998474121094,53.720001220703125,53.720001220703125,RAW_CLOSE,3087819.0,,CNY
603195,XSHG,2026-09-28,37.880001068115234,38.029998779296875,37.38999938964844,37.52000045776367,37.52000045776367,RAW_CLOSE,2339473.0,,CNY
603233,XSHG,2026-09-28,17.549999237060547,17.809999465942383,17.31999969482422,17.770000457763672,17.770000457763672,RAW_CLOSE,5584707.0,,CNY
603259,XSHG,2026-09-28,164.75,165.8800048828125,159.88999938964844,161.8000030517578,161.8000030517578,RAW_CLOSE,35011872.0,,CNY
603288,XSHG,2026-09-28,33.79999923706055,33.959999084472656,32.93000030517578,32.93000030517578,32.93000030517578,RAW_CLOSE,16446019.0,,CNY
603338,XSHG,2026-09-28,52.7599983215332,52.880001068115234,51.779998779296875,52.13999938964844,52.13999938964844,RAW_CLOSE,2155366.0,,CNY
603369,XSHG,2026-09-28,26.899999618530273,27.139999389648438,26.479999542236328,26.639999389648438,26.639999389648438,RAW_CLOSE,5747919.0,,CNY
603392,XSHG,2026-09-28,26.360000610351562,26.719999313354492,26.040000915527344,26.690000534057617,26.690000534057617,RAW_CLOSE,5270082.0,,CNY
603501,XSHG,2026-09-28,81.18000030517578,82.19999694824219,80.63999938964844,80.75,80.75,RAW_CLOSE,11603546.0,,CNY
603517,XSHG,2026-09-28,11.430000305175781,11.430000305175781,10.930000305175781,11.020000457763672,11.020000457763672,RAW_CLOSE,5659900.0,,CNY
603658,XSHG,2026-09-28,34.15999984741211,34.56999969482422,33.79999923706055,34.130001068115234,34.130001068115234,RAW_CLOSE,3797820.0,,CNY
603659,XSHG,2026-09-28,21.479999542236328,21.5,20.729999542236328,20.799999237060547,20.799999237060547,RAW_CLOSE,18591828.0,,CNY
603799,XSHG,2026-09-28,35.099998474121094,35.099998474121094,34.029998779296875,34.13999938964844,34.13999938964844,RAW_CLOSE,37237858.0,,CNY
603806,XSHG,2026-09-28,13.920000076293945,14.0600004196167,13.59000015258789,13.699999809265137,13.699999809265137,RAW_CLOSE,17101774.0,,CNY
603833,XSHG,2026-09-28,29.3799991607666,29.809999465942383,28.84000015258789,29.719999313354492,29.719999313354492,RAW_CLOSE,2799187.0,,CNY
603882,XSHG,2026-09-28,29.579999923706055,29.600000381469727,28.31999969482422,29.010000228881836,29.010000228881836,RAW_CLOSE,11462079.0,,CNY
603899,XSHG,2026-09-28,21.8799991607666,22.350000381469727,21.729999542236328,21.790000915527344,21.790000915527344,RAW_CLOSE,2211552.0,,CNY
603939,XSHG,2026-09-28,22.0,22.479999542236328,21.989999771118164,22.469999313354492,22.177040100097656,RAW_CLOSE,6418761.0,,CNY
603986,XSHG,2026-09-28,380.0,380.0,357.1400146484375,358.510009765625,358.510009765625,RAW_CLOSE,28493600.0,,CNY
603993,XSHG,2026-09-28,16.780000686645508,16.950000762939453,16.610000610351562,16.829999923706055,16.829999923706055,RAW_CLOSE,114706311.0,,CNY
688008,XSHG,2026-09-28,212.5,213.94000244140625,205.0,208.60000610351562,208.60000610351562,RAW_CLOSE,33504312.0,,CNY
688009,XSHG,2026-09-28,4.659999847412109,4.670000076293945,4.619999885559082,4.659999847412109,4.659999847412109,RAW_CLOSE,19259065.0,,CNY
688012,XSHG,2026-09-28,342.0,344.4800109863281,323.1000061035156,324.5,324.5,RAW_CLOSE,14103957.0,,CNY
688036,XSHG,2026-09-28,54.900001525878906,55.20000076293945,53.540000915527344,53.720001220703125,53.720001220703125,RAW_CLOSE,8987810.0,,CNY
688111,XSHG,2026-09-28,222.0,223.0,217.10000610351562,222.0,222.0,RAW_CLOSE,3741211.0,,CNY
688126,XSHG,2026-09-28,24.399999618530273,24.700000762939453,23.729999542236328,23.829999923706055,23.829999923706055,RAW_CLOSE,58427067.0,,CNY
688169,XSHG,2026-09-28,115.93000030517578,117.7300033569336,115.05000305175781,116.38999938964844,116.38999938964844,RAW_CLOSE,5026966.0,,CNY
688363,XSHG,2026-09-28,34.70000076293945,35.099998474121094,34.22999954223633,34.29999923706055,34.29999923706055,RAW_CLOSE,2090005.0,,CNY
688396,XSHG,2026-09-28,59.0,59.150001525878906,55.79999923706055,56.310001373291016,56.310001373291016,RAW_CLOSE,15050004.0,,CNY
000001,XSHE,2026-09-29,11.300000190734863,11.40999984741211,11.279999732971191,11.350000381469727,11.350000381469727,RAW_CLOSE,69097909.0,,CNY
000002,XSHE,2026-09-29,3.7799999713897705,4.079999923706055,3.7100000381469727,4.079999923706055,4.079999923706055,RAW_CLOSE,802110494.0,,CNY
000063,XSHE,2026-09-29,30.600000381469727,30.84000015258789,30.549999237060547,30.719999313354492,30.719999313354492,RAW_CLOSE,32000643.0,,CNY
000066,XSHE,2026-09-29,14.0600004196167,14.649999618530273,14.0600004196167,14.420000076293945,14.420000076293945,RAW_CLOSE,94760307.0,,CNY
000069,XSHE,2026-09-29,1.899999976158142,1.9900000095367432,1.8799999952316284,1.9700000286102295,1.9700000286102295,RAW_CLOSE,150840790.0,,CNY
000100,XSHE,2026-09-29,4.75,4.800000190734863,4.730000019073486,4.769999980926514,4.769999980926514,RAW_CLOSE,229229018.0,,CNY
000157,XSHE,2026-09-29,5.889999866485596,5.909999847412109,5.829999923706055,5.860000133514404,5.860000133514404,RAW_CLOSE,50158345.0,,CNY
000166,XSHE,2026-09-29,4.329999923706055,4.389999866485596,4.320000171661377,4.360000133514404,4.360000133514404,RAW_CLOSE,48997212.0,,CNY
000333,XSHE,2026-09-29,81.66000366210938,82.44000244140625,81.19999694824219,81.66000366210938,81.66000366210938,RAW_CLOSE,22706686.0,,CNY
000338,XSHE,2026-09-29,24.5,25.149999618530273,24.3799991607666,25.0,25.0,RAW_CLOSE,54789770.0,,CNY
000425,XSHE,2026-09-29,7.039999961853027,7.079999923706055,6.96999979019165,7.050000190734863,7.050000190734863,RAW_CLOSE,100855056.0,,CNY
000538,XSHE,2026-09-29,50.290000915527344,50.38999938964844,49.900001525878906,50.2400016784668,50.2400016784668,RAW_CLOSE,4654678.0,,CNY
000568,XSHE,2026-09-29,69.9800033569336,70.37999725341797,69.3499984741211,69.37999725341797,69.37999725341797,RAW_CLOSE,6876506.0,,CNY
000596,XSHE,2026-09-29,87.47000122070312,90.0,87.0,89.02999877929688,89.02999877929688,RAW_CLOSE,1979942.0,,CNY
000625,XSHE,2026-09-29,7.050000190734863,7.139999866485596,7.019999980926514,7.059999942779541,7.059999942779541,RAW_CLOSE,45459322.0,,CNY
000651,XSHE,2026-09-29,38.380001068115234,38.529998779296875,38.029998779296875,38.099998474121094,38.099998474121094,RAW_CLOSE,21475968.0,,CNY
000656,XSHE,2026-09-29,1.2200000286102295,1.2699999809265137,1.2200000286102295,1.2599999904632568,1.2599999904632568,RAW_CLOSE,218937668.0,,CNY
000661,XSHE,2026-09-29,70.19999694824219,72.11000061035156,70.08000183105469,70.55000305175781,70.55000305175781,RAW_CLOSE,3601600.0,,CNY
000703,XSHE,2026-09-29,17.200000762939453,17.299999237060547,15.529999732971191,15.6899995803833,15.6899995803833,RAW_CLOSE,131818432.0,,CNY
000708,XSHE,2026-09-29,12.779999732971191,12.899999618530273,12.640000343322754,12.800000190734863,12.800000190734863,RAW_CLOSE,9879370.0,,CNY
000725,XSHE,2026-09-29,5.71999979019165,5.800000190734863,5.619999885559082,5.710000038146973,5.710000038146973,RAW_CLOSE,879357496.0,,CNY
000728,XSHE,2026-09-29,7.170000076293945,7.260000228881836,7.159999847412109,7.199999809265137,7.199999809265137,RAW_CLOSE,18813218.0,,CNY
000768,XSHE,2026-09-29,22.93000030517578,22.940000534057617,22.040000915527344,22.5,22.5,RAW_CLOSE,28623050.0,,CNY
000776,XSHE,2026-09-29,19.709999084472656,19.899999618530273,19.700000762939453,19.739999771118164,19.739999771118164,RAW_CLOSE,26461679.0,,CNY
000783,XSHE,2026-09-29,7.900000095367432,8.010000228881836,7.889999866485596,7.940000057220459,7.940000057220459,RAW_CLOSE,40442620.0,,CNY
000786,XSHE,2026-09-29,15.90999984741211,16.3700008392334,15.880000114440918,16.239999771118164,16.239999771118164,RAW_CLOSE,17998138.0,,CNY
000800,XSHE,2026-09-29,5.849999904632568,5.900000095367432,5.829999923706055,5.840000152587891,5.840000152587891,RAW_CLOSE,8872956.0,,CNY
000858,XSHE,2026-09-29,68.87000274658203,69.12999725341797,68.73999786376953,68.7699966430664,68.7699966430664,RAW_CLOSE,10931022.0,,CNY
000860,XSHE,2026-09-29,10.09000015258789,10.180000305175781,10.0600004196167,10.09000015258789,10.09000015258789,RAW_CLOSE,5583996.0,,CNY
000876,XSHE,2026-09-29,6.820000171661377,6.909999847412109,6.789999961853027,6.889999866485596,6.889999866485596,RAW_CLOSE,23670490.0,,CNY
000895,XSHE,2026-09-29,23.540000915527344,23.639999389648438,23.299999237060547,23.40999984741211,23.40999984741211,RAW_CLOSE,10934046.0,,CNY
000938,XSHE,2026-09-29,31.469999313354492,31.729999542236328,31.209999084472656,31.530000686645508,31.530000686645508,RAW_CLOSE,60874618.0,,CNY
000963,XSHE,2026-09-29,26.729999542236328,27.350000381469727,26.510000228881836,26.850000381469727,26.850000381469727,RAW_CLOSE,20006675.0,,CNY
000977,XSHE,2026-09-29,66.91999816894531,68.0999984741211,66.66000366210938,67.18000030517578,67.18000030517578,RAW_CLOSE,28167215.0,,CNY
001979,XSHE,2026-09-29,7.320000171661377,7.710000038146973,7.269999980926514,7.590000152587891,7.590000152587891,RAW_CLOSE,174465439.0,,CNY
002001,XSHE,2026-09-29,25.549999237060547,25.579999923706055,25.06999969482422,25.329999923706055,25.329999923706055,RAW_CLOSE,23057917.0,,CNY
002007,XSHE,2026-09-29,13.109999656677246,13.239999771118164,12.970000267028809,13.020000457763672,13.020000457763672,RAW_CLOSE,7580478.0,,CNY
002008,XSHE,2026-09-29,81.0,82.47000122070312,80.80000305175781,81.76000213623047,81.76000213623047,RAW_CLOSE,30091409.0,,CNY
002024,XSHE,2026-09-29,1.149999976158142,1.159999966621399,1.1399999856948853,1.149999976158142,1.149999976158142,RAW_CLOSE,18417200.0,,CNY
002027,XSHE,2026-09-29,4.670000076293945,4.699999809265137,4.639999866485596,4.650000095367432,4.650000095367432,RAW_CLOSE,129431170.0,,CNY
002032,XSHE,2026-09-29,39.40999984741211,39.93000030517578,39.40999984741211,39.5099983215332,39.5099983215332,RAW_CLOSE,1824560.0,,CNY
002044,XSHE,2026-09-29,4.389999866485596,4.5,4.389999866485596,4.46999979019165,4.46999979019165,RAW_CLOSE,43401832.0,,CNY
002049,XSHE,2026-09-29,58.36000061035156,58.880001068115234,58.25,58.40999984741211,58.40999984741211,RAW_CLOSE,6562707.0,,CNY
002050,XSHE,2026-09-29,35.189998626708984,35.81999969482422,34.70000076293945,35.650001525878906,35.53000259399414,RAW_CLOSE,30851173.0,,CNY
002120,XSHE,2026-09-29,6.75,6.849999904632568,6.75,6.800000190734863,6.800000190734863,RAW_CLOSE,21300356.0,,CNY
002129,XSHE,2026-09-29,9.25,9.449999809265137,9.109999656677246,9.109999656677246,9.109999656677246,RAW_CLOSE,81242578.0,,CNY
002142,XSHE,2026-09-29,34.47999954223633,34.93000030517578,34.380001068115234,34.810001373291016,34.810001373291016,RAW_CLOSE,19241520.0,,CNY
002153,XSHE,2026-09-29,7.260000228881836,7.440000057220459,7.260000228881836,7.400000095367432,7.400000095367432,RAW_CLOSE,10548286.0,,CNY
002157,XSHE,2026-09-29,2.9000000953674316,2.940000057220459,2.9000000953674316,2.9200000762939453,2.9200000762939453,RAW_CLOSE,67221140.0,,CNY
002179,XSHE,2026-09-29,33.27000045776367,33.38999938964844,32.779998779296875,32.900001525878906,32.900001525878906,RAW_CLOSE,16221740.0,,CNY
002202,XSHE,2026-09-29,17.06999969482422,17.299999237060547,17.020000457763672,17.09000015258789,17.09000015258789,RAW_CLOSE,47186451.0,,CNY
002230,XSHE,2026-09-29,37.099998474121094,37.459999084472656,37.029998779296875,37.20000076293945,37.20000076293945,RAW_CLOSE,11120494.0,,CNY
002236,XSHE,2026-09-29,15.199999809265137,15.279999732971191,15.180000305175781,15.229999542236328,15.229999542236328,RAW_CLOSE,11212621.0,,CNY
002241,XSHE,2026-09-29,23.0,23.260000228881836,22.84000015258789,23.0,23.0,RAW_CLOSE,47735017.0,,CNY
002252,XSHE,2026-09-29,5.059999942779541,5.199999809265137,5.050000190734863,5.170000076293945,5.170000076293945,RAW_CLOSE,63820120.0,,CNY
002271,XSHE,2026-09-29,10.130000114440918,10.449999809265137,10.109999656677246,10.430000305175781,10.430000305175781,RAW_CLOSE,35102400.0,,CNY
002304,XSHE,2026-09-29,37.0099983215332,37.189998626708984,36.900001525878906,36.900001525878906,36.900001525878906,RAW_CLOSE,3542305.0,,CNY
002311,XSHE,2026-09-29,41.36000061035156,41.70000076293945,40.90999984741211,41.20000076293945,41.20000076293945,RAW_CLOSE,6119625.0,,CNY
002352,XSHE,2026-09-29,30.440000534057617,30.610000610351562,30.139999389648438,30.510000228881836,30.510000228881836,RAW_CLOSE,15818201.0,,CNY
002371,XSHE,2026-09-29,633.9400024414062,640.7999877929688,623.0399780273438,628.9600219726562,628.9600219726562,RAW_CLOSE,4212613.0,,CNY
002384,XSHE,2026-09-29,169.00999450683594,172.30999755859375,168.27999877929688,171.2100067138672,171.2100067138672,RAW_CLOSE,36132857.0,,CNY
002410,XSHE,2026-09-29,8.300000190734863,8.520000457763672,8.279999732971191,8.460000038146973,8.460000038146973,RAW_CLOSE,14709480.0,,CNY
002414,XSHE,2026-09-29,11.329999923706055,11.420000076293945,11.260000228881836,11.270000457763672,11.270000457763672,RAW_CLOSE,25423943.0,,CNY
002415,XSHE,2026-09-29,32.16999816894531,32.400001525878906,31.979999542236328,32.11000061035156,32.11000061035156,RAW_CLOSE,26372955.0,,CNY
002456,XSHE,2026-09-29,6.5,6.539999961853027,6.460000038146973,6.480000019073486,6.480000019073486,RAW_CLOSE,36669443.0,,CNY
002460,XSHE,2026-09-29,42.4900016784668,43.75,42.060001373291016,43.380001068115234,43.380001068115234,RAW_CLOSE,35161969.0,,CNY
002463,XSHE,2026-09-29,117.30000305175781,120.18000030517578,115.69000244140625,119.06999969482422,119.06999969482422,RAW_CLOSE,25770498.0,,CNY
002475,XSHE,2026-09-29,49.91999816894531,50.880001068115234,49.79999923706055,50.400001525878906,50.400001525878906,RAW_CLOSE,54037648.0,,CNY
002493,XSHE,2026-09-29,13.6899995803833,13.760000228881836,13.0600004196167,13.25,13.25,RAW_CLOSE,55496879.0,,CNY
002508,XSHE,2026-09-29,16.399999618530273,16.649999618530273,16.399999618530273,16.600000381469727,16.600000381469727,RAW_CLOSE,4481489.0,,CNY
002555,XSHE,2026-09-29,17.0,17.139999389648438,17.0,17.059999465942383,17.059999465942383,RAW_CLOSE,9873650.0,,CNY
002558,XSHE,2026-09-29,22.059999465942383,22.440000534057617,22.020000457763672,22.1200008392334,22.1200008392334,RAW_CLOSE,41541598.0,,CNY
002594,XSHE,2026-09-29,83.19999694824219,83.41999816894531,81.69999694824219,82.0199966430664,82.0199966430664,RAW_CLOSE,21605586.0,,CNY
002600,XSHE,2026-09-29,11.899999618530273,12.0600004196167,11.859999656677246,11.979999542236328,11.979999542236328,RAW_CLOSE,48600690.0,,CNY
002601,XSHE,2026-09-29,14.739999771118164,14.829999923706055,14.529999732971191,14.619999885559082,14.619999885559082,RAW_CLOSE,10051614.0,,CNY
002602,XSHE,2026-09-29,13.770000457763672,14.029999732971191,13.760000228881836,13.880000114440918,13.880000114440918,RAW_CLOSE,51347552.0,,CNY
002607,XSHE,2026-09-29,1.840000033378601,1.8700000047683716,1.8300000429153442,1.840000033378601,1.840000033378601,RAW_CLOSE,102805349.0,,CNY
002624,XSHE,2026-09-29,9.350000381469727,9.630000114440918,9.319999694824219,9.569999694824219,9.569999694824219,RAW_CLOSE,38166155.0,,CNY
002673,XSHE,2026-09-29,6.53000020980835,6.619999885559082,6.510000228881836,6.590000152587891,6.590000152587891,RAW_CLOSE,15834164.0,,CNY
002714,XSHE,2026-09-29,41.68000030517578,42.40999984741211,41.47999954223633,42.290000915527344,42.290000915527344,RAW_CLOSE,31296819.0,,CNY
002736,XSHE,2026-09-29,9.720000267028809,9.760000228881836,9.6899995803833,9.720000267028809,9.720000267028809,RAW_CLOSE,10276050.0,,CNY
002739,XSHE,2026-09-29,8.25,8.350000381469727,8.199999809265137,8.289999961853027,8.289999961853027,RAW_CLOSE,34420087.0,,CNY
002773,XSHE,2026-09-29,21.399999618530273,23.079999923706055,21.200000762939453,22.350000381469727,22.350000381469727,RAW_CLOSE,26085879.0,,CNY
002812,XSHE,2026-09-29,45.310001373291016,46.08000183105469,45.09000015258789,45.59000015258789,45.59000015258789,RAW_CLOSE,11869487.0,,CNY
002821,XSHE,2026-09-29,180.16000366210938,188.9600067138672,178.0,179.1199951171875,179.1199951171875,RAW_CLOSE,7552306.0,,CNY
002841,XSHE,2026-09-29,44.060001373291016,45.0,43.41999816894531,44.47999954223633,44.47999954223633,RAW_CLOSE,6153375.0,,CNY
002916,XSHE,2026-09-29,371.07000732421875,378.57000732421875,365.010009765625,375.6000061035156,375.6000061035156,RAW_CLOSE,5965946.0,,CNY
002938,XSHE,2026-09-29,79.9000015258789,80.58000183105469,78.88999938964844,79.94999694824219,79.94999694824219,RAW_CLOSE,14622132.0,,CNY
002939,XSHE,2026-09-29,7.679999828338623,7.71999979019165,7.650000095367432,7.690000057220459,7.690000057220459,RAW_CLOSE,8129049.0,,CNY
002945,XSHE,2026-09-29,14.100000381469727,14.199999809265137,14.0,14.130000114440918,14.130000114440918,RAW_CLOSE,7271318.0,,CNY
003816,XSHE,2026-09-29,4.25,4.300000190734863,4.199999809265137,4.210000038146973,4.210000038146973,RAW_CLOSE,91254905.0,,CNY
300003,XSHE,2026-09-29,11.479999542236328,11.59000015258789,11.369999885559082,11.390000343322754,11.390000343322754,RAW_CLOSE,11542699.0,,CNY
300014,XSHE,2026-09-29,47.880001068115234,48.83000183105469,47.709999084472656,48.59000015258789,48.59000015258789,RAW_CLOSE,30155153.0,,CNY
300015,XSHE,2026-09-29,7.840000152587891,7.940000057220459,7.840000152587891,7.849999904632568,7.849999904632568,RAW_CLOSE,32331854.0,,CNY
300033,XSHE,2026-09-29,199.00999450683594,200.99000549316406,198.5,199.7100067138672,199.7100067138672,RAW_CLOSE,5046703.0,,CNY
300059,XSHE,2026-09-29,17.920000076293945,17.979999542236328,17.700000762939453,17.770000457763672,17.770000457763672,RAW_CLOSE,128819064.0,,CNY
300122,XSHE,2026-09-29,12.899999618530273,13.239999771118164,12.789999961853027,13.079999923706055,13.079999923706055,RAW_CLOSE,29195195.0,,CNY
300124,XSHE,2026-09-29,52.7400016784668,52.970001220703125,52.130001068115234,52.4900016784668,52.4900016784668,RAW_CLOSE,22021592.0,,CNY
300136,XSHE,2026-09-29,52.459999084472656,53.04999923706055,52.0099983215332,52.650001525878906,52.650001525878906,RAW_CLOSE,24296845.0,,CNY
300142,XSHE,2026-09-29,13.510000228881836,13.880000114440918,13.369999885559082,13.489999771118164,13.489999771118164,RAW_CLOSE,71188068.0,,CNY
300144,XSHE,2026-09-29,5.599999904632568,5.619999885559082,5.579999923706055,5.590000152587891,5.590000152587891,RAW_CLOSE,15928470.0,,CNY
300274,XSHE,2026-09-29,80.80999755859375,83.75,80.80999755859375,82.80999755859375,82.80999755859375,RAW_CLOSE,35438157.0,,CNY
300347,XSHE,2026-09-29,56.83000183105469,58.63999938964844,56.290000915527344,56.470001220703125,56.470001220703125,RAW_CLOSE,9636905.0,,CNY
300408,XSHE,2026-09-29,115.80999755859375,119.19999694824219,114.0999984741211,118.62999725341797,118.62999725341797,RAW_CLOSE,28605379.0,,CNY
300413,XSHE,2026-09-29,18.510000228881836,20.06999969482422,18.510000228881836,19.799999237060547,19.799999237060547,RAW_CLOSE,84166486.0,,CNY
300433,XSHE,2026-09-29,31.290000915527344,32.0,31.25,31.459999084472656,31.459999084472656,RAW_CLOSE,34685313.0,,CNY
300450,XSHE,2026-09-29,31.770000457763672,33.880001068115234,31.770000457763672,33.7599983215332,33.7599983215332,RAW_CLOSE,95496184.0,,CNY
300498,XSHE,2026-09-29,14.819999694824219,15.100000381469727,14.800000190734863,15.079999923706055,15.079999923706055,RAW_CLOSE,34472756.0,,CNY
300529,XSHE,2026-09-29,15.020000457763672,15.050000190734863,14.859999656677246,14.930000305175781,14.930000305175781,RAW_CLOSE,2564830.0,,CNY
300558,XSHE,2026-09-29,47.86000061035156,50.880001068115234,47.47999954223633,48.959999084472656,48.959999084472656,RAW_CLOSE,12456046.0,,CNY
300595,XSHE,2026-09-29,10.029999732971191,10.119999885559082,9.960000038146973,9.989999771118164,9.989999771118164,RAW_CLOSE,4250522.0,,CNY
300601,XSHE,2026-09-29,12.760000228881836,13.020000457763672,12.680000305175781,12.789999961853027,12.789999961853027,RAW_CLOSE,11203500.0,,CNY
300628,XSHE,2026-09-29,41.400001525878906,41.5,39.93000030517578,39.959999084472656,39.959999084472656,RAW_CLOSE,7508802.0,,CNY
300677,XSHE,2026-09-29,48.20000076293945,49.91999816894531,47.91999816894531,49.18000030517578,49.18000030517578,RAW_CLOSE,8221463.0,,CNY
600000,XSHG,2026-09-29,9.149999618530273,9.25,9.09000015258789,9.180000305175781,9.180000305175781,RAW_CLOSE,80509739.0,,CNY
600009,XSHG,2026-09-29,22.350000381469727,22.450000762939453,22.299999237060547,22.3799991607666,22.3799991607666,RAW_CLOSE,4653415.0,,CNY
600010,XSHG,2026-09-29,2.059999942779541,2.0999999046325684,2.049999952316284,2.0799999237060547,2.0799999237060547,RAW_CLOSE,238726515.0,,CNY
600011,XSHG,2026-09-29,6.909999847412109,7.0,6.889999866485596,6.949999809265137,6.949999809265137,RAW_CLOSE,86077517.0,,CNY
600015,XSHG,2026-09-29,6.190000057220459,6.230000019073486,6.170000076293945,6.210000038146973,6.210000038146973,RAW_CLOSE,42607655.0,,CNY
600016,XSHG,2026-09-29,3.440000057220459,3.5,3.430000066757202,3.4700000286102295,3.4700000286102295,RAW_CLOSE,208355248.0,,CNY
600018,XSHG,2026-09-29,5.389999866485596,5.46999979019165,5.380000114440918,5.429999828338623,5.429999828338623,RAW_CLOSE,48625011.0,,CNY
600019,XSHG,2026-09-29,5.800000190734863,5.900000095367432,5.78000020980835,5.849999904632568,5.849999904632568,RAW_CLOSE,99682690.0,,CNY
600025,XSHG,2026-09-29,9.869999885559082,9.9399995803833,9.760000228881836,9.779999732971191,9.779999732971191,RAW_CLOSE,27966075.0,,CNY
600028,XSHG,2026-09-29,5.369999885559082,5.420000076293945,5.260000228881836,5.28000020980835,5.175000190734863,RAW_CLOSE,206807039.0,,CNY
600029,XSHG,2026-09-29,4.809999942779541,4.840000152587891,4.800000190734863,4.840000152587891,4.840000152587891,RAW_CLOSE,24785799.0,,CNY
600030,XSHG,2026-09-29,25.809999465942383,26.030000686645508,25.799999237060547,25.81999969482422,25.81999969482422,RAW_CLOSE,67529391.0,,CNY
600031,XSHG,2026-09-29,17.170000076293945,17.360000610351562,16.950000762939453,17.059999465942383,17.059999465942383,RAW_CLOSE,52697826.0,,CNY
600036,XSHG,2026-09-29,40.4900016784668,40.779998779296875,40.220001220703125,40.5099983215332,40.5099983215332,RAW_CLOSE,44934573.0,,CNY
600048,XSHG,2026-09-29,5.630000114440918,5.869999885559082,5.630000114440918,5.840000152587891,5.840000152587891,RAW_CLOSE,404305436.0,,CNY
600050,XSHG,2026-09-29,4.119999885559082,4.190000057220459,4.110000133514404,4.170000076293945,4.170000076293945,RAW_CLOSE,111551178.0,,CNY
600061,XSHG,2026-09-29,6.090000152587891,6.179999828338623,6.090000152587891,6.150000095367432,6.150000095367432,RAW_CLOSE,24201323.0,,CNY
600079,XSHG,2026-09-29,18.799999237060547,19.0,18.75,18.829999923706055,18.829999923706055,RAW_CLOSE,6073900.0,,CNY
600085,XSHG,2026-09-29,23.280000686645508,23.489999771118164,23.219999313354492,23.299999237060547,23.299999237060547,RAW_CLOSE,2455776.0,,CNY
600104,XSHG,2026-09-29,10.760000228881836,10.84000015258789,10.670000076293945,10.710000038146973,10.710000038146973,RAW_CLOSE,32344850.0,,CNY
600109,XSHG,2026-09-29,7.989999771118164,8.119999885559082,7.989999771118164,8.079999923706055,8.079999923706055,RAW_CLOSE,12065305.0,,CNY
600111,XSHG,2026-09-29,35.27000045776367,35.849998474121094,35.2599983215332,35.40999984741211,35.40999984741211,RAW_CLOSE,20035924.0,,CNY
600115,XSHG,2026-09-29,3.2899999618530273,3.319999933242798,3.2899999618530273,3.319999933242798,3.319999933242798,RAW_CLOSE,80909939.0,,CNY
600118,XSHG,2026-09-29,55.880001068115234,56.5,55.130001068115234,55.27000045776367,55.27000045776367,RAW_CLOSE,12914687.0,,CNY
600132,XSHG,2026-09-29,37.599998474121094,37.70000076293945,37.22999954223633,37.2599983215332,37.2599983215332,RAW_CLOSE,1802400.0,,CNY
600143,XSHG,2026-09-29,12.890000343322754,12.930000305175781,12.739999771118164,12.739999771118164,12.739999771118164,RAW_CLOSE,16032929.0,,CNY
600150,XSHG,2026-09-29,37.970001220703125,39.150001525878906,37.56999969482422,38.95000076293945,38.95000076293945,RAW_CLOSE,95900635.0,,CNY
600161,XSHG,2026-09-29,12.229999542236328,12.300000190734863,12.100000381469727,12.119999885559082,12.119999885559082,RAW_CLOSE,7267803.0,,CNY
600176,XSHG,2026-09-29,39.0,39.959999084472656,38.70000076293945,39.689998626708984,39.689998626708984,RAW_CLOSE,120826952.0,,CNY
600183,XSHG,2026-09-29,131.83999633789062,134.52000427246094,129.1999969482422,132.97999572753906,132.97999572753906,RAW_CLOSE,36502950.0,,CNY
600196,XSHG,2026-09-29,23.18000030517578,23.959999084472656,23.1200008392334,23.389999389648438,23.389999389648438,RAW_CLOSE,29058014.0,,CNY
600233,XSHG,2026-09-29,18.09000015258789,18.299999237060547,17.799999237060547,18.0,18.0,RAW_CLOSE,17767534.0,,CNY
600276,XSHG,2026-09-29,44.34000015258789,46.130001068115234,44.290000915527344,45.619998931884766,45.619998931884766,RAW_CLOSE,79983152.0,,CNY
600299,XSHG,2026-09-29,8.0600004196167,8.100000381469727,7.989999771118164,8.069999694824219,8.069999694824219,RAW_CLOSE,18827218.0,,CNY
600309,XSHG,2026-09-29,69.4000015258789,69.4000015258789,67.01000213623047,67.66000366210938,67.66000366210938,RAW_CLOSE,26783139.0,,CNY
600332,XSHG,2026-09-29,19.389999389648438,19.5,19.3700008392334,19.399999618530273,19.399999618530273,RAW_CLOSE,3188485.0,,CNY
600340,XSHG,2026-09-29,1.2400000095367432,1.409999966621399,1.2100000381469727,1.3700000047683716,1.3700000047683716,RAW_CLOSE,243354130.0,,CNY
600352,XSHG,2026-09-29,12.140000343322754,12.220000267028809,12.010000228881836,12.100000381469727,12.100000381469727,RAW_CLOSE,23248100.0,,CNY
600362,XSHG,2026-09-29,40.900001525878906,41.83000183105469,40.72999954223633,41.7400016784668,41.7400016784668,RAW_CLOSE,22563860.0,,CNY
600383,XSHG,2026-09-29,2.4200000762939453,2.5799999237060547,2.4200000762939453,2.549999952316284,2.549999952316284,RAW_CLOSE,245115282.0,,CNY
600406,XSHG,2026-09-29,22.420000076293945,22.5,22.0,22.209999084472656,22.209999084472656,RAW_CLOSE,34806941.0,,CNY
600426,XSHG,2026-09-29,19.5,19.600000381469727,18.920000076293945,19.049999237060547,19.049999237060547,RAW_CLOSE,27858505.0,,CNY
600436,XSHG,2026-09-29,116.30000305175781,117.08999633789062,115.12000274658203,115.22000122070312,115.22000122070312,RAW_CLOSE,1478033.0,,CNY
600438,XSHG,2026-09-29,11.180000305175781,11.229999542236328,11.0,11.069999694824219,11.069999694824219,RAW_CLOSE,25604751.0,,CNY
600482,XSHG,2026-09-29,33.70000076293945,34.38999938964844,32.91999816894531,33.79999923706055,33.79999923706055,RAW_CLOSE,13430647.0,,CNY
600489,XSHG,2026-09-29,20.950000762939453,21.690000534057617,20.829999923706055,21.59000015258789,21.59000015258789,RAW_CLOSE,64892613.0,,CNY
600519,XSHG,2026-09-29,1244.5999755859375,1245.8699951171875,1230.8800048828125,1235.5799560546875,1235.5799560546875,RAW_CLOSE,2636630.0,,CNY
600521,XSHG,2026-09-29,15.90999984741211,16.3799991607666,15.819999694824219,15.989999771118164,15.989999771118164,RAW_CLOSE,18838722.0,,CNY
600522,XSHG,2026-09-29,30.760000228881836,31.520000457763672,30.690000534057617,31.329999923706055,31.329999923706055,RAW_CLOSE,112426242.0,,CNY
600547,XSHG,2026-09-29,25.360000610351562,26.65999984741211,25.360000610351562,26.489999771118164,26.489999771118164,RAW_CLOSE,108994088.0,,CNY
600570,XSHG,2026-09-29,19.420000076293945,19.600000381469727,19.299999237060547,19.31999969482422,19.31999969482422,RAW_CLOSE,10637762.0,,CNY
600584,XSHG,2026-09-29,65.37999725341797,66.73999786376953,65.0999984741211,65.69999694824219,65.69999694824219,RAW_CLOSE,43954031.0,,CNY
600585,XSHG,2026-09-29,16.84000015258789,17.020000457763672,16.799999237060547,16.979999542236328,16.850000381469727,RAW_CLOSE,16497202.0,,CNY
600588,XSHG,2026-09-29,9.09000015258789,9.34000015258789,9.079999923706055,9.25,9.25,RAW_CLOSE,28134793.0,,CNY
600600,XSHG,2026-09-29,49.779998779296875,49.849998474121094,49.47999954223633,49.52000045776367,49.52000045776367,RAW_CLOSE,2326665.0,,CNY
600606,XSHG,2026-09-29,1.4199999570846558,1.5399999618530273,1.399999976158142,1.5,1.5,RAW_CLOSE,397263954.0,,CNY
600655,XSHG,2026-09-29,4.429999828338623,4.559999942779541,4.429999828338623,4.539999961853027,4.539999961853027,RAW_CLOSE,10778070.0,,CNY
600660,XSHG,2026-09-29,53.13999938964844,53.29999923706055,52.0099983215332,53.0,53.0,RAW_CLOSE,8911049.0,,CNY
600690,XSHG,2026-09-29,20.209999084472656,20.3700008392334,19.959999084472656,20.209999084472656,20.209999084472656,RAW_CLOSE,33040152.0,,CNY
600703,XSHG,2026-09-29,11.420000076293945,11.59000015258789,11.350000381469727,11.40999984741211,11.40999984741211,RAW_CLOSE,61656899.0,,CNY
600741,XSHG,2026-09-29,14.970000267028809,15.210000038146973,14.9399995803833,15.180000305175781,15.180000305175781,RAW_CLOSE,17308615.0,,CNY
600745,XSHG,2026-09-29,16.389999389648438,16.65999984741211,16.350000381469727,16.510000228881836,16.510000228881836,RAW_CLOSE,14960942.0,,CNY
600760,XSHG,2026-09-29,43.220001220703125,43.599998474121094,41.939998626708984,42.650001525878906,42.650001525878906,RAW_CLOSE,13146577.0,,CNY
600763,XSHG,2026-09-29,33.29999923706055,33.720001220703125,32.970001220703125,33.0,33.0,RAW_CLOSE,4274508.0,,CNY
600795,XSHG,2026-09-29,5.369999885559082,5.409999847412109,5.309999942779541,5.360000133514404,5.360000133514404,RAW_CLOSE,108059789.0,,CNY
600809,XSHG,2026-09-29,110.05999755859375,113.33000183105469,110.05999755859375,111.5,111.5,RAW_CLOSE,4816325.0,,CNY
600845,XSHG,2026-09-29,18.010000228881836,18.200000762939453,17.780000686645508,17.809999465942383,17.809999465942383,RAW_CLOSE,10681084.0,,CNY
600848,XSHG,2026-09-29,8.529999732971191,8.729999542236328,8.449999809265137,8.699999809265137,8.699999809265137,RAW_CLOSE,10992573.0,,CNY
600872,XSHG,2026-09-29,17.100000381469727,17.1299991607666,16.799999237060547,16.84000015258789,16.84000015258789,RAW_CLOSE,8057211.0,,CNY
600887,XSHG,2026-09-29,27.049999237060547,27.3700008392334,26.889999389648438,27.239999771118164,27.239999771118164,RAW_CLOSE,47888194.0,,CNY
600893,XSHG,2026-09-29,38.61000061035156,38.70000076293945,37.75,38.40999984741211,38.40999984741211,RAW_CLOSE,16251968.0,,CNY
600900,XSHG,2026-09-29,28.5,28.649999618530273,28.350000381469727,28.3799991607666,28.3799991607666,RAW_CLOSE,67675060.0,,CNY
600918,XSHG,2026-09-29,5.329999923706055,5.420000076293945,5.320000171661377,5.389999866485596,5.389999866485596,RAW_CLOSE,21754150.0,,CNY
600919,XSHG,2026-09-29,12.260000228881836,12.289999961853027,12.119999885559082,12.15999984741211,12.15999984741211,RAW_CLOSE,62494905.0,,CNY
600926,XSHG,2026-09-29,16.829999923706055,16.889999389648438,16.700000762939453,16.809999465942383,16.809999465942383,RAW_CLOSE,21270718.0,,CNY
600958,XSHG,2026-09-29,8.600000381469727,8.649999618530273,8.59000015258789,8.609999656677246,8.609999656677246,RAW_CLOSE,19981663.0,,CNY
600989,XSHG,2026-09-29,22.260000228881836,22.5,21.799999237060547,22.40999984741211,22.40999984741211,RAW_CLOSE,40355128.0,,CNY
600999,XSHG,2026-09-29,16.93000030517578,17.010000228881836,16.8799991607666,16.940000534057617,16.940000534057617,RAW_CLOSE,22975512.0,,CNY
601006,XSHG,2026-09-29,4.650000095367432,4.690000057220459,4.639999866485596,4.670000076293945,4.670000076293945,RAW_CLOSE,77123607.0,,CNY
601009,XSHG,2026-09-29,11.960000038146973,11.970000267028809,11.729999542236328,11.789999961853027,11.789999961853027,RAW_CLOSE,40287399.0,,CNY
601012,XSHG,2026-09-29,10.8100004196167,10.9399995803833,10.800000190734863,10.890000343322754,10.890000343322754,RAW_CLOSE,47573557.0,,CNY
601021,XSHG,2026-09-29,40.0,40.15999984741211,39.459999084472656,39.84000015258789,39.84000015258789,RAW_CLOSE,6493993.0,,CNY
601066,XSHG,2026-09-29,23.290000915527344,23.309999465942383,22.989999771118164,23.010000228881836,23.010000228881836,RAW_CLOSE,7991724.0,,CNY
601077,XSHG,2026-09-29,6.650000095367432,6.670000076293945,6.579999923706055,6.579999923706055,6.579999923706055,RAW_CLOSE,64705889.0,,CNY
601088,XSHG,2026-09-29,48.29999923706055,48.310001373291016,46.709999084472656,47.29999923706055,47.29999923706055,RAW_CLOSE,22209153.0,,CNY
601100,XSHG,2026-09-29,89.0999984741211,90.86000061035156,88.19999694824219,90.81999969482422,90.81999969482422,RAW_CLOSE,6471377.0,,CNY
601108,XSHG,2026-09-29,8.119999885559082,8.210000038146973,8.109999656677246,8.170000076293945,8.170000076293945,RAW_CLOSE,27135374.0,,CNY
601111,XSHG,2026-09-29,5.75,5.789999961853027,5.730000019073486,5.78000020980835,5.78000020980835,RAW_CLOSE,38465224.0,,CNY
601138,XSHG,2026-09-29,58.41999816894531,59.150001525878906,57.86000061035156,58.41999816894531,58.41999816894531,RAW_CLOSE,51010358.0,,CNY
601155,XSHG,2026-09-29,12.789999961853027,13.270000457763672,12.649999618530273,13.010000228881836,13.010000228881836,RAW_CLOSE,37457872.0,,CNY
601162,XSHG,2026-09-29,3.4800000190734863,3.5899999141693115,3.4800000190734863,3.559999942779541,3.559999942779541,RAW_CLOSE,109631670.0,,CNY
601166,XSHG,2026-09-29,17.829999923706055,17.899999618530273,17.739999771118164,17.790000915527344,17.790000915527344,RAW_CLOSE,53349169.0,,CNY
601169,XSHG,2026-09-29,5.460000038146973,5.510000228881836,5.440000057220459,5.480000019073486,5.480000019073486,RAW_CLOSE,115819618.0,,CNY
601186,XSHG,2026-09-29,5.920000076293945,5.96999979019165,5.920000076293945,5.949999809265137,5.949999809265137,RAW_CLOSE,19784707.0,,CNY
601211,XSHG,2026-09-29,16.860000610351562,16.969999313354492,16.6200008392334,16.649999618530273,16.649999618530273,RAW_CLOSE,53551636.0,,CNY
601216,XSHG,2026-09-29,4.440000057220459,4.46999979019165,4.409999847412109,4.440000057220459,4.440000057220459,RAW_CLOSE,28482300.0,,CNY
601225,XSHG,2026-09-29,25.959999084472656,26.079999923706055,25.059999465942383,25.65999984741211,25.65999984741211,RAW_CLOSE,37519783.0,,CNY
601229,XSHG,2026-09-29,9.550000190734863,9.600000381469727,9.479999542236328,9.550000190734863,9.550000190734863,RAW_CLOSE,33195878.0,,CNY
601231,XSHG,2026-09-29,23.440000534057617,24.440000534057617,23.280000686645508,24.09000015258789,24.09000015258789,RAW_CLOSE,18421224.0,,CNY
601236,XSHG,2026-09-29,6.849999904632568,6.929999828338623,6.840000152587891,6.880000114440918,6.880000114440918,RAW_CLOSE,9488370.0,,CNY
601238,XSHG,2026-09-29,5.599999904632568,5.599999904632568,5.599999904632568,5.599999904632568,5.599999904632568,RAW_CLOSE,8135031.0,,CNY
601288,XSHG,2026-09-29,6.880000114440918,6.980000019073486,6.800000190734863,6.940000057220459,6.940000057220459,RAW_CLOSE,354621789.0,,CNY
601318,XSHG,2026-09-29,52.470001220703125,52.7400016784668,52.220001220703125,52.5,52.5,RAW_CLOSE,43080077.0,,CNY
601319,XSHG,2026-09-29,8.0,8.09000015258789,7.909999847412109,8.0600004196167,8.0600004196167,RAW_CLOSE,60937723.0,,CNY
601328,XSHG,2026-09-29,7.579999923706055,7.679999828338623,7.539999961853027,7.619999885559082,7.619999885559082,RAW_CLOSE,206567516.0,,CNY
601336,XSHG,2026-09-29,55.970001220703125,56.290000915527344,55.81999969482422,55.939998626708984,55.939998626708984,RAW_CLOSE,6421651.0,,CNY
601360,XSHG,2026-09-29,8.880000114440918,9.229999542236328,8.880000114440918,9.119999885559082,9.119999885559082,RAW_CLOSE,128729256.0,,CNY
601377,XSHG,2026-09-29,5.769999980926514,5.769999980926514,5.71999979019165,5.71999979019165,5.71999979019165,RAW_CLOSE,41055291.0,,CNY
601390,XSHG,2026-09-29,4.21999979019165,4.260000228881836,4.199999809265137,4.25,4.25,RAW_CLOSE,58596550.0,,CNY
601398,XSHG,2026-09-29,8.15999984741211,8.210000038146973,8.100000381469727,8.15999984741211,8.15999984741211,RAW_CLOSE,313319110.0,,CNY
601555,XSHG,2026-09-29,8.0600004196167,8.170000076293945,8.039999961853027,8.140000343322754,8.140000343322754,RAW_CLOSE,21738761.0,,CNY
601600,XSHG,2026-09-29,8.729999542236328,8.979999542236328,8.680000305175781,8.9399995803833,8.9399995803833,RAW_CLOSE,138658623.0,,CNY
601601,XSHG,2026-09-29,30.65999984741211,30.829999923706055,30.280000686645508,30.399999618530273,30.399999618530273,RAW_CLOSE,24784153.0,,CNY
601607,XSHG,2026-09-29,15.880000114440918,16.049999237060547,15.859999656677246,16.0,16.0,RAW_CLOSE,8352692.0,,CNY
601618,XSHG,2026-09-29,2.4600000381469727,2.5199999809265137,2.4600000381469727,2.5,2.5,RAW_CLOSE,71188677.0,,CNY
601628,XSHG,2026-09-29,36.619998931884766,37.0,36.54999923706055,36.619998931884766,36.619998931884766,RAW_CLOSE,16521078.0,,CNY
601633,XSHG,2026-09-29,13.789999961853027,13.890000343322754,13.65999984741211,13.65999984741211,13.65999984741211,RAW_CLOSE,11719037.0,,CNY
601658,XSHG,2026-09-29,5.329999923706055,5.440000057220459,5.309999942779541,5.409999847412109,5.409999847412109,RAW_CLOSE,201935743.0,,CNY
601668,XSHG,2026-09-29,4.21999979019165,4.289999961853027,4.210000038146973,4.269999980926514,4.269999980926514,RAW_CLOSE,222748743.0,,CNY
601669,XSHG,2026-09-29,4.519999980926514,4.550000190734863,4.510000228881836,4.519999980926514,4.519999980926514,RAW_CLOSE,40170910.0,,CNY
601688,XSHG,2026-09-29,17.860000610351562,17.950000762939453,17.700000762939453,17.719999313354492,17.719999313354492,RAW_CLOSE,38830375.0,,CNY
601696,XSHG,2026-09-29,10.920000076293945,11.020000457763672,10.90999984741211,10.960000038146973,10.960000038146973,RAW_CLOSE,12756560.0,,CNY
601698,XSHG,2026-09-29,23.0,23.149999618530273,22.639999389648438,22.700000762939453,22.700000762939453,RAW_CLOSE,11923754.0,,CNY
601727,XSHG,2026-09-29,6.440000057220459,6.46999979019165,6.400000095367432,6.409999847412109,6.409999847412109,RAW_CLOSE,31776550.0,,CNY
601766,XSHG,2026-09-29,6.090000152587891,6.179999828338623,6.070000171661377,6.119999885559082,6.119999885559082,RAW_CLOSE,100072467.0,,CNY
601788,XSHG,2026-09-29,13.59000015258789,13.680000305175781,13.550000190734863,13.550000190734863,13.550000190734863,RAW_CLOSE,8266316.0,,CNY
601799,XSHG,2026-09-29,69.66999816894531,70.20999908447266,68.98999786376953,69.75,69.75,RAW_CLOSE,2496184.0,,CNY
601800,XSHG,2026-09-29,5.760000228881836,5.849999904632568,5.739999771118164,5.829999923706055,5.829999923706055,RAW_CLOSE,20342152.0,,CNY
601808,XSHG,2026-09-29,12.09000015258789,12.199999809265137,12.029999732971191,12.0600004196167,12.0600004196167,RAW_CLOSE,7202917.0,,CNY
601816,XSHG,2026-09-29,4.78000020980835,4.809999942779541,4.690000057220459,4.699999809265137,4.699999809265137,RAW_CLOSE,168211263.0,,CNY
601818,XSHG,2026-09-29,2.990000009536743,3.0199999809265137,2.9800000190734863,3.009999990463257,3.009999990463257,RAW_CLOSE,130538784.0,,CNY
601838,XSHG,2026-09-29,19.100000381469727,19.15999984741211,18.8799991607666,18.8799991607666,18.8799991607666,RAW_CLOSE,17244070.0,,CNY
601857,XSHG,2026-09-29,11.180000305175781,11.260000228881836,11.0,11.119999885559082,11.119999885559082,RAW_CLOSE,112330189.0,,CNY
601872,XSHG,2026-09-29,20.520000457763672,20.6299991607666,19.780000686645508,19.889999389648438,19.889999389648438,RAW_CLOSE,108212914.0,,CNY
601877,XSHG,2026-09-29,24.399999618530273,24.6299991607666,24.299999237060547,24.43000030517578,24.380001068115234,RAW_CLOSE,7900014.0,,CNY
601878,XSHG,2026-09-29,8.899999618530273,8.979999542236328,8.899999618530273,8.920000076293945,8.920000076293945,RAW_CLOSE,10208825.0,,CNY
601881,XSHG,2026-09-29,11.569999694824219,11.649999618530273,11.510000228881836,11.510000228881836,11.510000228881836,RAW_CLOSE,17484489.0,,CNY
601888,XSHG,2026-09-29,50.79999923706055,51.31999969482422,50.79999923706055,50.93000030517578,50.93000030517578,RAW_CLOSE,8809009.0,,CNY
601899,XSHG,2026-09-29,29.010000228881836,29.6200008392334,29.010000228881836,29.459999084472656,29.459999084472656,RAW_CLOSE,111429685.0,,CNY
601901,XSHG,2026-09-29,6.619999885559082,6.670000076293945,6.610000133514404,6.630000114440918,6.630000114440918,RAW_CLOSE,21220883.0,,CNY
601916,XSHG,2026-09-29,2.819999933242798,2.890000104904175,2.819999933242798,2.869999885559082,2.869999885559082,RAW_CLOSE,165419042.0,,CNY
601919,XSHG,2026-09-29,16.43000030517578,16.450000762939453,16.040000915527344,16.329999923706055,16.329999923706055,RAW_CLOSE,74281882.0,,CNY
601933,XSHG,2026-09-29,2.9600000381469727,2.9800000190734863,2.950000047683716,2.9600000381469727,2.9600000381469727,RAW_CLOSE,51995975.0,,CNY
601939,XSHG,2026-09-29,10.979999542236328,11.09000015258789,10.880000114440918,11.029999732971191,11.029999732971191,RAW_CLOSE,97800535.0,,CNY
601985,XSHG,2026-09-29,9.0,9.050000190734863,8.970000267028809,9.020000457763672,9.020000457763672,RAW_CLOSE,77838674.0,,CNY
601988,XSHG,2026-09-29,6.619999885559082,6.690000057220459,6.570000171661377,6.650000095367432,6.650000095367432,RAW_CLOSE,231777977.0,,CNY
601990,XSHG,2026-09-29,6.480000019073486,6.579999923706055,6.480000019073486,6.539999961853027,6.539999961853027,RAW_CLOSE,12126802.0,,CNY
601995,XSHG,2026-09-29,30.420000076293945,30.639999389648438,30.350000381469727,30.610000610351562,30.610000610351562,RAW_CLOSE,14539294.0,,CNY
601998,XSHG,2026-09-29,9.069999694824219,9.149999618530273,8.960000038146973,9.020000457763672,9.020000457763672,RAW_CLOSE,51411397.0,,CNY
603019,XSHG,2026-09-29,80.0199966430664,80.73999786376953,79.87999725341797,80.4000015258789,80.4000015258789,RAW_CLOSE,10335208.0,,CNY
603087,XSHG,2026-09-29,73.97000122070312,75.5999984741211,73.0999984741211,74.8499984741211,74.8499984741211,RAW_CLOSE,9154542.0,,CNY
603160,XSHG,2026-09-29,53.349998474121094,54.349998474121094,53.279998779296875,54.060001373291016,54.060001373291016,RAW_CLOSE,2719152.0,,CNY
603195,XSHG,2026-09-29,37.529998779296875,38.150001525878906,37.5,38.08000183105469,38.08000183105469,RAW_CLOSE,2159894.0,,CNY
603233,XSHG,2026-09-29,17.799999237060547,17.920000076293945,17.600000381469727,17.829999923706055,17.829999923706055,RAW_CLOSE,4638565.0,,CNY
603259,XSHG,2026-09-29,161.80999755859375,166.67999267578125,159.47000122070312,160.66000366210938,160.66000366210938,RAW_CLOSE,30317949.0,,CNY
603288,XSHG,2026-09-29,32.91999816894531,33.0,32.40999984741211,32.90999984741211,32.90999984741211,RAW_CLOSE,11946677.0,,CNY
603338,XSHG,2026-09-29,52.029998779296875,52.58000183105469,51.0,52.560001373291016,52.560001373291016,RAW_CLOSE,3693006.0,,CNY
603369,XSHG,2026-09-29,26.700000762939453,27.1299991607666,26.5,27.1299991607666,27.1299991607666,RAW_CLOSE,7897937.0,,CNY
603392,XSHG,2026-09-29,26.440000534057617,27.049999237060547,26.360000610351562,26.479999542236328,26.479999542236328,RAW_CLOSE,3734904.0,,CNY
603501,XSHG,2026-09-29,80.5,81.38999938964844,79.8499984741211,80.36000061035156,80.36000061035156,RAW_CLOSE,7162591.0,,CNY
603517,XSHG,2026-09-29,11.039999961853027,11.34000015258789,11.020000457763672,11.300000190734863,11.300000190734863,RAW_CLOSE,3455601.0,,CNY
603658,XSHG,2026-09-29,34.470001220703125,34.47999954223633,33.459999084472656,33.61000061035156,33.61000061035156,RAW_CLOSE,2733230.0,,CNY
603659,XSHG,2026-09-29,20.81999969482422,21.530000686645508,20.81999969482422,21.270000457763672,21.270000457763672,RAW_CLOSE,18845089.0,,CNY
603799,XSHG,2026-09-29,34.45000076293945,34.4900016784668,34.02000045776367,34.029998779296875,34.029998779296875,RAW_CLOSE,26610515.0,,CNY
603806,XSHG,2026-09-29,13.630000114440918,13.850000381469727,13.619999885559082,13.760000228881836,13.760000228881836,RAW_CLOSE,12906603.0,,CNY
603833,XSHG,2026-09-29,29.600000381469727,30.530000686645508,29.479999542236328,30.260000228881836,30.260000228881836,RAW_CLOSE,3783049.0,,CNY
603882,XSHG,2026-09-29,29.059999465942383,29.489999771118164,28.059999465942383,28.25,28.25,RAW_CLOSE,11685334.0,,CNY
603899,XSHG,2026-09-29,21.860000610351562,21.989999771118164,21.5,21.8700008392334,21.8700008392334,RAW_CLOSE,2671600.0,,CNY
603939,XSHG,2026-09-29,22.459999084472656,23.040000915527344,22.15999984741211,23.010000228881836,22.71000099182129,RAW_CLOSE,9430778.0,,CNY
603986,XSHG,2026-09-29,358.55999755859375,369.0,358.0,367.57000732421875,367.57000732421875,RAW_CLOSE,20908175.0,,CNY
603993,XSHG,2026-09-29,16.709999084472656,16.8799991607666,16.56999969482422,16.75,16.75,RAW_CLOSE,98759700.0,,CNY
688008,XSHG,2026-09-29,205.0,215.5,204.6999969482422,212.60000610351562,212.60000610351562,RAW_CLOSE,28682211.0,,CNY
688009,XSHG,2026-09-29,4.639999866485596,4.670000076293945,4.630000114440918,4.639999866485596,4.639999866485596,RAW_CLOSE,15283181.0,,CNY
688012,XSHG,2026-09-29,329.8800048828125,330.54998779296875,322.010009765625,324.7799987792969,324.7799987792969,RAW_CLOSE,9188074.0,,CNY
688036,XSHG,2026-09-29,53.959999084472656,54.279998779296875,53.47999954223633,53.4900016784668,53.4900016784668,RAW_CLOSE,5518461.0,,CNY
688111,XSHG,2026-09-29,221.66000366210938,224.0,215.14999389648438,216.89999389648438,216.89999389648438,RAW_CLOSE,4142727.0,,CNY
688126,XSHG,2026-09-29,23.549999237060547,24.0,23.3799991607666,23.65999984741211,23.65999984741211,RAW_CLOSE,36847785.0,,CNY
688169,XSHG,2026-09-29,115.0,115.9800033569336,113.9800033569336,114.76000213623047,114.76000213623047,RAW_CLOSE,2983267.0,,CNY
688363,XSHG,2026-09-29,34.29999923706055,34.91999816894531,34.06999969482422,34.099998474121094,34.099998474121094,RAW_CLOSE,2645752.0,,CNY
688396,XSHG,2026-09-29,56.470001220703125,57.900001525878906,55.689998626708984,56.88999938964844,56.88999938964844,RAW_CLOSE,9482250.0,,CNY
000001,XSHE,2026-09-30,11.359999656677246,11.649999618530273,11.329999923706055,11.569999694824219,11.569999694824219,RAW_CLOSE,104535745.0,,CNY
000002,XSHE,2026-09-30,3.799999952316284,4.400000095367432,3.6700000762939453,4.260000228881836,4.260000228881836,RAW_CLOSE,1309443983.0,,CNY
000063,XSHE,2026-09-30,30.8799991607666,30.899999618530273,30.530000686645508,30.579999923706055,30.579999923706055,RAW_CLOSE,31066864.0,,CNY
000066,XSHE,2026-09-30,14.430000305175781,14.520000457763672,14.029999732971191,14.100000381469727,14.100000381469727,RAW_CLOSE,85862801.0,,CNY
000069,XSHE,2026-09-30,1.9199999570846558,2.0,1.7799999713897705,1.9700000286102295,1.9700000286102295,RAW_CLOSE,233993035.0,,CNY
000100,XSHE,2026-09-30,4.789999961853027,4.840000152587891,4.760000228881836,4.789999961853027,4.789999961853027,RAW_CLOSE,208331822.0,,CNY
000157,XSHE,2026-09-30,5.880000114440918,5.989999771118164,5.849999904632568,5.96999979019165,5.96999979019165,RAW_CLOSE,49746867.0,,CNY
000166,XSHE,2026-09-30,4.360000133514404,4.400000095367432,4.349999904632568,4.380000114440918,4.380000114440918,RAW_CLOSE,41456073.0,,CNY
000333,XSHE,2026-09-30,81.66000366210938,81.80000305175781,79.30999755859375,80.0999984741211,80.0999984741211,RAW_CLOSE,40171160.0,,CNY
000338,XSHE,2026-09-30,25.170000076293945,25.549999237060547,24.90999984741211,25.100000381469727,25.100000381469727,RAW_CLOSE,56426952.0,,CNY
000425,XSHE,2026-09-30,7.050000190734863,7.239999771118164,7.0,7.199999809265137,7.199999809265137,RAW_CLOSE,108267925.0,,CNY
000538,XSHE,2026-09-30,50.25,50.54999923706055,49.970001220703125,50.439998626708984,50.439998626708984,RAW_CLOSE,7152730.0,,CNY
000568,XSHE,2026-09-30,69.5,73.18000030517578,69.31999969482422,72.27999877929688,72.27999877929688,RAW_CLOSE,14157762.0,,CNY
000596,XSHE,2026-09-30,89.02999877929688,97.80000305175781,89.0,93.55000305175781,93.55000305175781,RAW_CLOSE,5208317.0,,CNY
000625,XSHE,2026-09-30,7.050000190734863,7.179999828338623,6.989999771118164,7.110000133514404,7.110000133514404,RAW_CLOSE,76496773.0,,CNY
000651,XSHE,2026-09-30,38.130001068115234,38.29999923706055,37.970001220703125,38.279998779296875,38.279998779296875,RAW_CLOSE,18515561.0,,CNY
000656,XSHE,2026-09-30,1.25,1.2799999713897705,1.2200000286102295,1.2799999713897705,1.2799999713897705,RAW_CLOSE,283444696.0,,CNY
000661,XSHE,2026-09-30,70.55999755859375,72.55999755859375,70.20999908447266,71.83000183105469,71.83000183105469,RAW_CLOSE,5187910.0,,CNY
000703,XSHE,2026-09-30,15.65999984741211,15.869999885559082,15.420000076293945,15.630000114440918,15.630000114440918,RAW_CLOSE,70277123.0,,CNY
000708,XSHE,2026-09-30,12.800000190734863,13.140000343322754,12.760000228881836,13.109999656677246,13.109999656677246,RAW_CLOSE,12943267.0,,CNY
000725,XSHE,2026-09-30,5.730000019073486,5.880000114440918,5.690000057220459,5.71999979019165,5.71999979019165,RAW_CLOSE,906270862.0,,CNY
000728,XSHE,2026-09-30,7.21999979019165,7.28000020980835,7.21999979019165,7.25,7.25,RAW_CLOSE,12400970.0,,CNY
000768,XSHE,2026-09-30,22.510000228881836,23.3799991607666,22.510000228881836,23.1200008392334,23.1200008392334,RAW_CLOSE,31835349.0,,CNY
000776,XSHE,2026-09-30,19.799999237060547,19.920000076293945,19.719999313354492,19.8799991607666,19.8799991607666,RAW_CLOSE,27349025.0,,CNY
000783,XSHE,2026-09-30,7.989999771118164,8.0,7.900000095367432,7.940000057220459,7.940000057220459,RAW_CLOSE,36072590.0,,CNY
000786,XSHE,2026-09-30,16.149999618530273,16.739999771118164,15.550000190734863,16.600000381469727,16.600000381469727,RAW_CLOSE,34831156.0,,CNY
000800,XSHE,2026-09-30,5.829999923706055,5.900000095367432,5.78000020980835,5.880000114440918,5.880000114440918,RAW_CLOSE,11364118.0,,CNY
000858,XSHE,2026-09-30,68.83999633789062,70.47000122070312,68.68000030517578,70.05999755859375,70.05999755859375,RAW_CLOSE,19488531.0,,CNY
000860,XSHE,2026-09-30,10.130000114440918,10.479999542236328,10.109999656677246,10.380000114440918,10.380000114440918,RAW_CLOSE,11083523.0,,CNY
000876,XSHE,2026-09-30,6.860000133514404,6.929999828338623,6.809999942779541,6.920000076293945,6.920000076293945,RAW_CLOSE,18994520.0,,CNY
000895,XSHE,2026-09-30,23.450000762939453,23.700000762939453,23.350000381469727,23.65999984741211,23.65999984741211,RAW_CLOSE,7144276.0,,CNY
000938,XSHE,2026-09-30,31.75,31.850000381469727,30.90999984741211,31.020000457763672,31.020000457763672,RAW_CLOSE,71956610.0,,CNY
000963,XSHE,2026-09-30,26.729999542236328,27.719999313354492,26.690000534057617,27.690000534057617,27.690000534057617,RAW_CLOSE,32837967.0,,CNY
000977,XSHE,2026-09-30,67.52999877929688,67.88999938964844,65.9000015258789,65.93000030517578,65.93000030517578,RAW_CLOSE,33177233.0,,CNY
001979,XSHE,2026-09-30,7.25,7.829999923706055,6.889999866485596,7.579999923706055,7.579999923706055,RAW_CLOSE,290984458.0,,CNY
002001,XSHE,2026-09-30,25.329999923706055,26.100000381469727,25.280000686645508,25.950000762939453,25.950000762939453,RAW_CLOSE,21310599.0,,CNY
002007,XSHE,2026-09-30,13.050000190734863,13.369999885559082,13.020000457763672,13.34000015258789,13.34000015258789,RAW_CLOSE,12423712.0,,CNY
002008,XSHE,2026-09-30,82.26000213623047,82.61000061035156,79.80000305175781,80.02999877929688,80.02999877929688,RAW_CLOSE,25309670.0,,CNY
002024,XSHE,2026-09-30,1.149999976158142,1.159999966621399,1.1399999856948853,1.159999966621399,1.159999966621399,RAW_CLOSE,16617018.0,,CNY
002027,XSHE,2026-09-30,4.650000095367432,4.739999771118164,4.630000114440918,4.730000019073486,4.730000019073486,RAW_CLOSE,124323869.0,,CNY
002032,XSHE,2026-09-30,39.560001373291016,40.09000015258789,39.310001373291016,39.95000076293945,39.95000076293945,RAW_CLOSE,1716500.0,,CNY
002044,XSHE,2026-09-30,4.480000019073486,4.559999942779541,4.460000038146973,4.539999961853027,4.539999961853027,RAW_CLOSE,47325922.0,,CNY
002049,XSHE,2026-09-30,58.59000015258789,58.900001525878906,57.880001068115234,57.880001068115234,57.880001068115234,RAW_CLOSE,8164981.0,,CNY
002050,XSHE,2026-09-30,35.599998474121094,36.45000076293945,35.290000915527344,35.709999084472656,35.709999084472656,RAW_CLOSE,40396326.0,,CNY
002120,XSHE,2026-09-30,6.800000190734863,6.849999904632568,6.769999980926514,6.820000171661377,6.820000171661377,RAW_CLOSE,15747041.0,,CNY
002129,XSHE,2026-09-30,9.180000305175781,9.329999923706055,9.09000015258789,9.199999809265137,9.199999809265137,RAW_CLOSE,65130706.0,,CNY
002142,XSHE,2026-09-30,34.79999923706055,35.65999984741211,34.599998474121094,35.43000030517578,35.43000030517578,RAW_CLOSE,28569099.0,,CNY
002153,XSHE,2026-09-30,7.409999847412109,7.449999809265137,7.300000190734863,7.369999885559082,7.369999885559082,RAW_CLOSE,9168542.0,,CNY
002157,XSHE,2026-09-30,2.930000066757202,2.940000057220459,2.9000000953674316,2.9200000762939453,2.9200000762939453,RAW_CLOSE,66477433.0,,CNY
002179,XSHE,2026-09-30,33.29999923706055,33.849998474121094,33.08000183105469,33.33000183105469,33.33000183105469,RAW_CLOSE,16691847.0,,CNY
002202,XSHE,2026-09-30,17.100000381469727,17.350000381469727,17.049999237060547,17.219999313354492,17.219999313354492,RAW_CLOSE,46006576.0,,CNY
002230,XSHE,2026-09-30,37.34000015258789,37.400001525878906,37.060001373291016,37.220001220703125,37.220001220703125,RAW_CLOSE,10727115.0,,CNY
002236,XSHE,2026-09-30,15.260000228881836,15.380000114440918,15.220000267028809,15.319999694824219,15.319999694824219,RAW_CLOSE,10879209.0,,CNY
002241,XSHE,2026-09-30,23.1299991607666,23.43000030517578,22.760000228881836,22.790000915527344,22.790000915527344,RAW_CLOSE,56551169.0,,CNY
002252,XSHE,2026-09-30,5.159999847412109,5.340000152587891,5.139999866485596,5.320000171661377,5.320000171661377,RAW_CLOSE,89895483.0,,CNY
002271,XSHE,2026-09-30,10.369999885559082,10.649999618530273,10.079999923706055,10.609999656677246,10.609999656677246,RAW_CLOSE,52385332.0,,CNY
002304,XSHE,2026-09-30,36.93000030517578,37.689998626708984,36.83000183105469,37.25,37.25,RAW_CLOSE,5832826.0,,CNY
002311,XSHE,2026-09-30,41.29999923706055,42.20000076293945,41.060001373291016,42.0,42.0,RAW_CLOSE,7602998.0,,CNY
002352,XSHE,2026-09-30,30.459999084472656,30.729999542236328,30.3700008392334,30.670000076293945,30.670000076293945,RAW_CLOSE,11606919.0,,CNY
002371,XSHE,2026-09-30,635.010009765625,641.6799926757812,614.260009765625,615.969970703125,615.969970703125,RAW_CLOSE,5607417.0,,CNY
002384,XSHE,2026-09-30,173.0,173.0,166.99000549316406,167.39999389648438,167.39999389648438,RAW_CLOSE,30752434.0,,CNY
002410,XSHE,2026-09-30,8.449999809265137,8.600000381469727,8.380000114440918,8.539999961853027,8.539999961853027,RAW_CLOSE,16855895.0,,CNY
002414,XSHE,2026-09-30,11.279999732971191,11.359999656677246,11.119999885559082,11.180000305175781,11.180000305175781,RAW_CLOSE,24712483.0,,CNY
002415,XSHE,2026-09-30,32.16999816894531,32.560001373291016,32.16999816894531,32.459999084472656,32.459999084472656,RAW_CLOSE,30872111.0,,CNY
002456,XSHE,2026-09-30,6.519999980926514,6.559999942779541,6.440000057220459,6.489999771118164,6.489999771118164,RAW_CLOSE,40279401.0,,CNY
002460,XSHE,2026-09-30,43.5099983215332,43.939998626708984,42.619998931884766,43.43000030517578,43.43000030517578,RAW_CLOSE,24639047.0,,CNY
002463,XSHE,2026-09-30,119.66000366210938,120.08000183105469,114.5,115.93000030517578,115.93000030517578,RAW_CLOSE,30382816.0,,CNY
002475,XSHE,2026-09-30,50.5,50.880001068115234,49.040000915527344,49.43000030517578,49.43000030517578,RAW_CLOSE,63620025.0,,CNY
002493,XSHE,2026-09-30,13.140000343322754,13.550000190734863,13.119999885559082,13.329999923706055,13.329999923706055,RAW_CLOSE,31957950.0,,CNY
002508,XSHE,2026-09-30,16.579999923706055,17.239999771118164,16.3700008392334,17.110000610351562,17.110000610351562,RAW_CLOSE,10209655.0,,CNY
002555,XSHE,2026-09-30,17.049999237060547,17.219999313354492,17.010000228881836,17.200000762939453,17.200000762939453,RAW_CLOSE,12541136.0,,CNY
002558,XSHE,2026-09-30,22.350000381469727,22.860000610351562,21.93000030517578,22.5,22.5,RAW_CLOSE,53016579.0,,CNY
002594,XSHE,2026-09-30,82.0999984741211,83.47000122070312,81.69999694824219,83.30999755859375,83.30999755859375,RAW_CLOSE,21667348.0,,CNY
002600,XSHE,2026-09-30,12.039999961853027,12.09000015258789,11.880000114440918,11.880000114440918,11.880000114440918,RAW_CLOSE,44719619.0,,CNY
002601,XSHE,2026-09-30,14.619999885559082,14.84000015258789,14.619999885559082,14.710000038146973,14.710000038146973,RAW_CLOSE,6946541.0,,CNY
002602,XSHE,2026-09-30,14.029999732971191,14.069999694824219,13.779999732971191,13.800000190734863,13.800000190734863,RAW_CLOSE,43368854.0,,CNY
002607,XSHE,2026-09-30,1.8600000143051147,1.8700000047683716,1.8200000524520874,1.850000023841858,1.850000023841858,RAW_CLOSE,110712648.0,,CNY
002624,XSHE,2026-09-30,9.609999656677246,9.760000228881836,9.59000015258789,9.710000038146973,9.710000038146973,RAW_CLOSE,31259644.0,,CNY
002673,XSHE,2026-09-30,6.610000133514404,6.630000114440918,6.559999942779541,6.590000152587891,6.590000152587891,RAW_CLOSE,13158058.0,,CNY
002714,XSHE,2026-09-30,42.20000076293945,42.779998779296875,42.029998779296875,42.45000076293945,42.45000076293945,RAW_CLOSE,23165200.0,,CNY
002736,XSHE,2026-09-30,9.720000267028809,9.800000190734863,9.699999809265137,9.800000190734863,9.800000190734863,RAW_CLOSE,10927623.0,,CNY
002739,XSHE,2026-09-30,8.289999961853027,8.380000114440918,8.15999984741211,8.220000267028809,8.220000267028809,RAW_CLOSE,33663332.0,,CNY
002773,XSHE,2026-09-30,21.700000762939453,22.59000015258789,21.5,21.799999237060547,21.799999237060547,RAW_CLOSE,20590611.0,,CNY
002812,XSHE,2026-09-30,45.40999984741211,46.20000076293945,45.029998779296875,45.5099983215332,45.5099983215332,RAW_CLOSE,10506700.0,,CNY
002821,XSHE,2026-09-30,177.80999755859375,192.0,175.67999267578125,188.6199951171875,188.6199951171875,RAW_CLOSE,10596386.0,,CNY
002841,XSHE,2026-09-30,44.9900016784668,45.650001525878906,44.20000076293945,45.18000030517578,45.18000030517578,RAW_CLOSE,4344326.0,,CNY
002916,XSHE,2026-09-30,378.0,379.9800109863281,367.70001220703125,373.010009765625,373.010009765625,RAW_CLOSE,5417523.0,,CNY
002938,XSHE,2026-09-30,81.0,83.0999984741211,79.44999694824219,79.55000305175781,79.55000305175781,RAW_CLOSE,15543554.0,,CNY
002939,XSHE,2026-09-30,7.710000038146973,7.75,7.679999828338623,7.71999979019165,7.71999979019165,RAW_CLOSE,8109771.0,,CNY
002945,XSHE,2026-09-30,14.1899995803833,14.220000267028809,13.930000305175781,13.979999542236328,13.979999542236328,RAW_CLOSE,5975961.0,,CNY
003816,XSHE,2026-09-30,4.21999979019165,4.28000020980835,4.21999979019165,4.230000019073486,4.230000019073486,RAW_CLOSE,71451534.0,,CNY
300003,XSHE,2026-09-30,11.390000343322754,11.680000305175781,11.369999885559082,11.65999984741211,11.65999984741211,RAW_CLOSE,17578601.0,,CNY
300014,XSHE,2026-09-30,48.38999938964844,49.9900016784668,48.20000076293945,49.810001373291016,49.810001373291016,RAW_CLOSE,30760279.0,,CNY
300015,XSHE,2026-09-30,7.869999885559082,8.020000457763672,7.849999904632568,7.980000019073486,7.980000019073486,RAW_CLOSE,48300260.0,,CNY
300033,XSHE,2026-09-30,199.89999389648438,200.5,196.3699951171875,197.05999755859375,197.05999755859375,RAW_CLOSE,5508873.0,,CNY
300059,XSHE,2026-09-30,17.850000381469727,17.8799991607666,17.709999084472656,17.790000915527344,17.790000915527344,RAW_CLOSE,103564352.0,,CNY
300122,XSHE,2026-09-30,13.050000190734863,14.199999809265137,12.979999542236328,13.979999542236328,13.979999542236328,RAW_CLOSE,71866501.0,,CNY
300124,XSHE,2026-09-30,52.2599983215332,52.54999923706055,51.31999969482422,51.900001525878906,51.900001525878906,RAW_CLOSE,19434305.0,,CNY
300136,XSHE,2026-09-30,53.060001373291016,53.290000915527344,51.0099983215332,51.22999954223633,51.22999954223633,RAW_CLOSE,25645807.0,,CNY
300142,XSHE,2026-09-30,13.5600004196167,14.5,13.5,14.229999542236328,14.229999542236328,RAW_CLOSE,153556240.0,,CNY
300144,XSHE,2026-09-30,5.590000152587891,5.639999866485596,5.559999942779541,5.619999885559082,5.619999885559082,RAW_CLOSE,18614327.0,,CNY
300274,XSHE,2026-09-30,82.41000366210938,83.0999984741211,81.51000213623047,82.48999786376953,82.48999786376953,RAW_CLOSE,27448018.0,,CNY
300347,XSHE,2026-09-30,56.529998779296875,59.65999984741211,56.20000076293945,58.400001525878906,58.400001525878906,RAW_CLOSE,14242334.0,,CNY
300408,XSHE,2026-09-30,119.48999786376953,120.98999786376953,117.0,117.33000183105469,117.33000183105469,RAW_CLOSE,21637967.0,,CNY
300413,XSHE,2026-09-30,19.700000762939453,21.450000762939453,19.610000610351562,21.0,21.0,RAW_CLOSE,110147916.0,,CNY
300433,XSHE,2026-09-30,31.579999923706055,32.459999084472656,31.549999237060547,32.310001373291016,32.310001373291016,RAW_CLOSE,56160362.0,,CNY
300450,XSHE,2026-09-30,33.15999984741211,35.369998931884766,32.70000076293945,34.939998626708984,34.939998626708984,RAW_CLOSE,119125379.0,,CNY
300498,XSHE,2026-09-30,15.0600004196167,15.229999542236328,14.970000267028809,15.119999885559082,15.119999885559082,RAW_CLOSE,21601021.0,,CNY
300529,XSHE,2026-09-30,14.930000305175781,15.319999694824219,14.930000305175781,15.270000457763672,15.270000457763672,RAW_CLOSE,4690512.0,,CNY
300558,XSHE,2026-09-30,49.0,51.2599983215332,48.5,50.47999954223633,50.47999954223633,RAW_CLOSE,18935150.0,,CNY
300595,XSHE,2026-09-30,10.0600004196167,10.210000038146973,9.979999542236328,10.15999984741211,10.15999984741211,RAW_CLOSE,5960140.0,,CNY
300601,XSHE,2026-09-30,12.859999656677246,13.699999809265137,12.75,13.579999923706055,13.579999923706055,RAW_CLOSE,35009646.0,,CNY
300628,XSHE,2026-09-30,40.29999923706055,40.439998626708984,39.45000076293945,39.4900016784668,39.4900016784668,RAW_CLOSE,4717357.0,,CNY
300677,XSHE,2026-09-30,49.2599983215332,51.20000076293945,49.0099983215332,50.959999084472656,50.959999084472656,RAW_CLOSE,8159346.0,,CNY
600000,XSHG,2026-09-30,9.220000267028809,9.489999771118164,9.15999984741211,9.479999542236328,9.479999542236328,RAW_CLOSE,147484820.0,,CNY
600009,XSHG,2026-09-30,22.389999389648438,22.610000610351562,22.299999237060547,22.579999923706055,22.579999923706055,RAW_CLOSE,5433017.0,,CNY
600010,XSHG,2026-09-30,2.0799999237060547,2.0999999046325684,2.069999933242798,2.0899999141693115,2.0899999141693115,RAW_CLOSE,217642784.0,,CNY
600011,XSHG,2026-09-30,6.949999809265137,7.059999942779541,6.940000057220459,7.039999961853027,7.039999961853027,RAW_CLOSE,82071903.0,,CNY
600015,XSHG,2026-09-30,6.21999979019165,6.269999980926514,6.210000038146973,6.269999980926514,6.269999980926514,RAW_CLOSE,62225039.0,,CNY
600016,XSHG,2026-09-30,3.4700000286102295,3.5299999713897705,3.4600000381469727,3.509999990463257,3.509999990463257,RAW_CLOSE,210716372.0,,CNY
600018,XSHG,2026-09-30,5.420000076293945,5.5,5.420000076293945,5.449999809265137,5.449999809265137,RAW_CLOSE,40657452.0,,CNY
600019,XSHG,2026-09-30,5.860000133514404,5.949999809265137,5.860000133514404,5.929999828338623,5.929999828338623,RAW_CLOSE,97170698.0,,CNY
600025,XSHG,2026-09-30,9.800000190734863,9.970000267028809,9.760000228881836,9.890000343322754,9.890000343322754,RAW_CLOSE,28035426.0,,CNY
600028,XSHG,2026-09-30,5.210000038146973,5.300000190734863,5.179999828338623,5.28000020980835,5.28000020980835,RAW_CLOSE,209968301.0,,CNY
600029,XSHG,2026-09-30,4.849999904632568,4.929999828338623,4.829999923706055,4.920000076293945,4.920000076293945,RAW_CLOSE,55053228.0,,CNY
600030,XSHG,2026-09-30,25.899999618530273,25.959999084472656,25.760000228881836,25.860000610351562,25.860000610351562,RAW_CLOSE,55148158.0,,CNY
600031,XSHG,2026-09-30,17.059999465942383,17.579999923706055,16.979999542236328,17.489999771118164,17.489999771118164,RAW_CLOSE,61429971.0,,CNY
600036,XSHG,2026-09-30,40.59000015258789,41.380001068115234,40.52000045776367,41.2599983215332,41.2599983215332,RAW_CLOSE,69987064.0,,CNY
600048,XSHG,2026-09-30,5.630000114440918,5.880000114440918,5.320000171661377,5.769999980926514,5.769999980926514,RAW_CLOSE,523140238.0,,CNY
600050,XSHG,2026-09-30,4.170000076293945,4.25,4.159999847412109,4.230000019073486,4.230000019073486,RAW_CLOSE,139136966.0,,CNY
600061,XSHG,2026-09-30,6.150000095367432,6.21999979019165,6.139999866485596,6.190000057220459,6.190000057220459,RAW_CLOSE,20342618.0,,CNY
600079,XSHG,2026-09-30,18.920000076293945,19.190000534057617,18.899999618530273,19.170000076293945,19.170000076293945,RAW_CLOSE,12094020.0,,CNY
600085,XSHG,2026-09-30,23.3799991607666,23.780000686645508,23.329999923706055,23.739999771118164,23.739999771118164,RAW_CLOSE,5497123.0,,CNY
600104,XSHG,2026-09-30,10.710000038146973,10.949999809265137,10.670000076293945,10.880000114440918,10.880000114440918,RAW_CLOSE,40668374.0,,CNY
600109,XSHG,2026-09-30,8.109999656677246,8.15999984741211,8.079999923706055,8.130000114440918,8.130000114440918,RAW_CLOSE,11068174.0,,CNY
600111,XSHG,2026-09-30,35.5,35.59000015258789,35.04999923706055,35.29999923706055,35.29999923706055,RAW_CLOSE,21705357.0,,CNY
600115,XSHG,2026-09-30,3.3499999046325684,3.4100000858306885,3.319999933242798,3.4000000953674316,3.4000000953674316,RAW_CLOSE,158602391.0,,CNY
600118,XSHG,2026-09-30,55.650001525878906,55.900001525878906,54.77000045776367,55.029998779296875,55.029998779296875,RAW_CLOSE,11343337.0,,CNY
600132,XSHG,2026-09-30,37.400001525878906,38.18000030517578,37.29999923706055,38.029998779296875,38.029998779296875,RAW_CLOSE,2399566.0,,CNY
600143,XSHG,2026-09-30,12.75,12.930000305175781,12.739999771118164,12.760000228881836,12.760000228881836,RAW_CLOSE,13254405.0,,CNY
600150,XSHG,2026-09-30,39.130001068115234,39.93000030517578,39.0099983215332,39.099998474121094,39.099998474121094,RAW_CLOSE,83341909.0,,CNY
600161,XSHG,2026-09-30,12.119999885559082,12.619999885559082,12.100000381469727,12.59000015258789,12.59000015258789,RAW_CLOSE,21523527.0,,CNY
600176,XSHG,2026-09-30,39.90999984741211,40.189998626708984,39.209999084472656,39.40999984741211,39.40999984741211,RAW_CLOSE,94954728.0,,CNY
600183,XSHG,2026-09-30,133.89999389648438,134.3300018310547,129.1300048828125,129.9600067138672,129.9600067138672,RAW_CLOSE,35375754.0,,CNY
600196,XSHG,2026-09-30,23.469999313354492,24.100000381469727,23.260000228881836,24.020000457763672,24.020000457763672,RAW_CLOSE,36991839.0,,CNY
600233,XSHG,2026-09-30,17.8799991607666,18.1299991607666,17.690000534057617,17.790000915527344,17.790000915527344,RAW_CLOSE,12237269.0,,CNY
600276,XSHG,2026-09-30,45.599998474121094,47.38999938964844,45.25,47.20000076293945,47.20000076293945,RAW_CLOSE,112164009.0,,CNY
600299,XSHG,2026-09-30,8.079999923706055,8.229999542236328,8.0600004196167,8.210000038146973,8.210000038146973,RAW_CLOSE,21117190.0,,CNY
600309,XSHG,2026-09-30,67.72000122070312,69.29000091552734,67.72000122070312,68.9000015258789,68.9000015258789,RAW_CLOSE,19876670.0,,CNY
600332,XSHG,2026-09-30,19.399999618530273,19.739999771118164,19.3700008392334,19.719999313354492,19.719999313354492,RAW_CLOSE,5685453.0,,CNY
600340,XSHG,2026-09-30,1.3300000429153442,1.3600000143051147,1.25,1.2999999523162842,1.2999999523162842,RAW_CLOSE,159926370.0,,CNY
600352,XSHG,2026-09-30,12.170000076293945,12.710000038146973,12.130000114440918,12.59000015258789,12.59000015258789,RAW_CLOSE,53845845.0,,CNY
600362,XSHG,2026-09-30,41.7400016784668,41.880001068115234,41.310001373291016,41.79999923706055,41.79999923706055,RAW_CLOSE,18649590.0,,CNY
600383,XSHG,2026-09-30,2.4700000286102295,2.809999942779541,2.299999952316284,2.740000009536743,2.740000009536743,RAW_CLOSE,491858330.0,,CNY
600406,XSHG,2026-09-30,22.25,22.690000534057617,22.229999542236328,22.520000457763672,22.520000457763672,RAW_CLOSE,43555465.0,,CNY
600426,XSHG,2026-09-30,19.110000610351562,19.479999542236328,19.040000915527344,19.43000030517578,19.43000030517578,RAW_CLOSE,23150578.0,,CNY
600436,XSHG,2026-09-30,115.26000213623047,118.98999786376953,115.25,118.0,118.0,RAW_CLOSE,2278032.0,,CNY
600438,XSHG,2026-09-30,11.09000015258789,11.770000457763672,11.039999961853027,11.520000457763672,11.520000457763672,RAW_CLOSE,55769412.0,,CNY
600482,XSHG,2026-09-30,33.88999938964844,34.97999954223633,33.40999984741211,33.5099983215332,33.5099983215332,RAW_CLOSE,10776435.0,,CNY
600489,XSHG,2026-09-30,21.59000015258789,22.020000457763672,21.399999618530273,21.899999618530273,21.899999618530273,RAW_CLOSE,48232244.0,,CNY
600519,XSHG,2026-09-30,1239.530029296875,1268.0,1236.050048828125,1258.6199951171875,1258.6199951171875,RAW_CLOSE,3833098.0,,CNY
600521,XSHG,2026-09-30,15.970000267028809,16.459999084472656,15.890000343322754,16.34000015258789,16.34000015258789,RAW_CLOSE,21244737.0,,CNY
600522,XSHG,2026-09-30,31.700000762939453,31.850000381469727,31.0,31.1299991607666,31.1299991607666,RAW_CLOSE,85013847.0,,CNY
600547,XSHG,2026-09-30,26.700000762939453,27.469999313354492,26.5,27.299999237060547,27.299999237060547,RAW_CLOSE,87199909.0,,CNY
600570,XSHG,2026-09-30,19.3799991607666,19.440000534057617,19.239999771118164,19.399999618530273,19.399999618530273,RAW_CLOSE,9985677.0,,CNY
600584,XSHG,2026-09-30,66.22000122070312,66.36000061035156,64.01000213623047,64.27999877929688,64.27999877929688,RAW_CLOSE,44722889.0,,CNY
600585,XSHG,2026-09-30,16.8799991607666,17.600000381469727,16.799999237060547,17.510000228881836,17.510000228881836,RAW_CLOSE,39791168.0,,CNY
600588,XSHG,2026-09-30,9.34000015258789,9.34000015258789,9.149999618530273,9.220000267028809,9.220000267028809,RAW_CLOSE,20910915.0,,CNY
600600,XSHG,2026-09-30,49.540000915527344,50.18000030517578,49.529998779296875,50.02000045776367,50.02000045776367,RAW_CLOSE,2537811.0,,CNY
600606,XSHG,2026-09-30,1.4800000190734863,1.559999942779541,1.3899999856948853,1.5399999618530273,1.5399999618530273,RAW_CLOSE,434201029.0,,CNY
600655,XSHG,2026-09-30,4.519999980926514,4.679999828338623,4.460000038146973,4.659999847412109,4.659999847412109,RAW_CLOSE,16282253.0,,CNY
600660,XSHG,2026-09-30,53.0,53.70000076293945,52.619998931884766,53.58000183105469,53.58000183105469,RAW_CLOSE,6305200.0,,CNY
600690,XSHG,2026-09-30,20.200000762939453,20.520000457763672,20.1299991607666,20.420000076293945,20.420000076293945,RAW_CLOSE,25219099.0,,CNY
600703,XSHG,2026-09-30,11.489999771118164,11.649999618530273,11.399999618530273,11.479999542236328,11.479999542236328,RAW_CLOSE,54897432.0,,CNY
600741,XSHG,2026-09-30,15.180000305175781,15.479999542236328,15.130000114440918,15.380000114440918,15.380000114440918,RAW_CLOSE,15873530.0,,CNY
600745,XSHG,2026-09-30,16.549999237060547,16.610000610351562,16.389999389648438,16.43000030517578,16.43000030517578,RAW_CLOSE,12970302.0,,CNY
600760,XSHG,2026-09-30,42.650001525878906,43.869998931884766,42.56999969482422,43.630001068115234,43.630001068115234,RAW_CLOSE,12023435.0,,CNY
600763,XSHG,2026-09-30,33.0,34.130001068115234,33.0,34.06999969482422,34.06999969482422,RAW_CLOSE,8398878.0,,CNY
600795,XSHG,2026-09-30,5.349999904632568,5.400000095367432,5.309999942779541,5.340000152587891,5.340000152587891,RAW_CLOSE,95284563.0,,CNY
600809,XSHG,2026-09-30,111.95999908447266,117.0,111.01000213623047,115.5999984741211,115.5999984741211,RAW_CLOSE,7440075.0,,CNY
600845,XSHG,2026-09-30,17.860000610351562,17.950000762939453,17.6200008392334,17.690000534057617,17.690000534057617,RAW_CLOSE,10000084.0,,CNY
600848,XSHG,2026-09-30,8.710000038146973,9.1899995803833,8.470000267028809,9.050000190734863,9.050000190734863,RAW_CLOSE,28785711.0,,CNY
600872,XSHG,2026-09-30,16.8799991607666,17.350000381469727,16.81999969482422,17.239999771118164,17.239999771118164,RAW_CLOSE,6901904.0,,CNY
600887,XSHG,2026-09-30,27.25,27.3799991607666,27.100000381469727,27.299999237060547,27.299999237060547,RAW_CLOSE,30378259.0,,CNY
600893,XSHG,2026-09-30,38.599998474121094,39.25,38.4900016784668,38.86000061035156,38.86000061035156,RAW_CLOSE,17256188.0,,CNY
600900,XSHG,2026-09-30,28.389999389648438,28.68000030517578,28.329999923706055,28.540000915527344,28.540000915527344,RAW_CLOSE,67933564.0,,CNY
600918,XSHG,2026-09-30,5.400000095367432,5.429999828338623,5.360000133514404,5.420000076293945,5.420000076293945,RAW_CLOSE,18197024.0,,CNY
600919,XSHG,2026-09-30,12.15999984741211,12.430000305175781,12.15999984741211,12.380000114440918,12.380000114440918,RAW_CLOSE,78508422.0,,CNY
600926,XSHG,2026-09-30,16.790000915527344,17.18000030517578,16.790000915527344,17.110000610351562,17.110000610351562,RAW_CLOSE,28769700.0,,CNY
600958,XSHG,2026-09-30,8.619999885559082,8.65999984741211,8.59000015258789,8.649999618530273,8.649999618530273,RAW_CLOSE,26944892.0,,CNY
600989,XSHG,2026-09-30,22.40999984741211,22.6200008392334,22.219999313354492,22.459999084472656,22.459999084472656,RAW_CLOSE,31110078.0,,CNY
600999,XSHG,2026-09-30,17.010000228881836,17.09000015258789,16.93000030517578,17.06999969482422,17.06999969482422,RAW_CLOSE,19410175.0,,CNY
601006,XSHG,2026-09-30,4.659999847412109,4.760000228881836,4.659999847412109,4.739999771118164,4.739999771118164,RAW_CLOSE,124089676.0,,CNY
601009,XSHG,2026-09-30,11.789999961853027,12.039999961853027,11.779999732971191,11.979999542236328,11.979999542236328,RAW_CLOSE,37806964.0,,CNY
601012,XSHG,2026-09-30,10.970000267028809,11.34000015258789,10.869999885559082,11.210000038146973,11.210000038146973,RAW_CLOSE,87787380.0,,CNY
601021,XSHG,2026-09-30,40.06999969482422,40.86000061035156,39.75,40.7599983215332,40.7599983215332,RAW_CLOSE,4607868.0,,CNY
601066,XSHG,2026-09-30,23.100000381469727,23.15999984741211,22.90999984741211,23.030000686645508,23.030000686645508,RAW_CLOSE,7203511.0,,CNY
601077,XSHG,2026-09-30,6.599999904632568,6.75,6.579999923706055,6.710000038146973,6.710000038146973,RAW_CLOSE,67551107.0,,CNY
601088,XSHG,2026-09-30,47.04999923706055,48.22999954223633,46.9900016784668,47.79999923706055,47.79999923706055,RAW_CLOSE,20701575.0,,CNY
601100,XSHG,2026-09-30,90.12000274658203,90.95999908447266,89.33000183105469,90.30999755859375,90.30999755859375,RAW_CLOSE,5103227.0,,CNY
601108,XSHG,2026-09-30,8.180000305175781,8.199999809265137,8.119999885559082,8.149999618530273,8.149999618530273,RAW_CLOSE,23808575.0,,CNY
601111,XSHG,2026-09-30,5.800000190734863,5.940000057220459,5.769999980926514,5.909999847412109,5.909999847412109,RAW_CLOSE,70448836.0,,CNY
601138,XSHG,2026-09-30,58.810001373291016,59.47999954223633,57.900001525878906,58.20000076293945,58.20000076293945,RAW_CLOSE,51810612.0,,CNY
601155,XSHG,2026-09-30,12.6899995803833,13.130000114440918,11.899999618530273,12.869999885559082,12.869999885559082,RAW_CLOSE,63245300.0,,CNY
601162,XSHG,2026-09-30,3.569999933242798,3.5799999237060547,3.5299999713897705,3.559999942779541,3.559999942779541,RAW_CLOSE,64808834.0,,CNY
601166,XSHG,2026-09-30,17.81999969482422,18.059999465942383,17.739999771118164,18.049999237060547,18.049999237060547,RAW_CLOSE,68513237.0,,CNY
601169,XSHG,2026-09-30,5.480000019073486,5.579999923706055,5.480000019073486,5.570000171661377,5.570000171661377,RAW_CLOSE,155031542.0,,CNY
601186,XSHG,2026-09-30,5.960000038146973,6.039999961853027,5.949999809265137,6.019999980926514,6.019999980926514,RAW_CLOSE,27616549.0,,CNY
601211,XSHG,2026-09-30,16.709999084472656,16.8799991607666,16.670000076293945,16.8700008392334,16.8700008392334,RAW_CLOSE,43450428.0,,CNY
601216,XSHG,2026-09-30,4.440000057220459,4.550000190734863,4.440000057220459,4.539999961853027,4.539999961853027,RAW_CLOSE,46027778.0,,CNY
601225,XSHG,2026-09-30,25.59000015258789,26.299999237060547,25.459999084472656,26.030000686645508,26.030000686645508,RAW_CLOSE,38356332.0,,CNY
601229,XSHG,2026-09-30,9.5600004196167,9.760000228881836,9.550000190734863,9.75,9.75,RAW_CLOSE,57756309.0,,CNY
601231,XSHG,2026-09-30,24.34000015258789,24.56999969482422,23.649999618530273,23.739999771118164,23.739999771118164,RAW_CLOSE,15234971.0,,CNY
601236,XSHG,2026-09-30,6.940000057220459,7.090000152587891,6.889999866485596,7.010000228881836,7.010000228881836,RAW_CLOSE,24060449.0,,CNY
601238,XSHG,2026-09-30,6.159999847412109,6.159999847412109,5.769999980926514,5.840000152587891,5.840000152587891,RAW_CLOSE,199466750.0,,CNY
601288,XSHG,2026-09-30,6.929999828338623,7.0,6.900000095367432,6.96999979019165,6.96999979019165,RAW_CLOSE,217472669.0,,CNY
601318,XSHG,2026-09-30,52.68000030517578,53.4900016784668,52.40999984741211,53.290000915527344,53.290000915527344,RAW_CLOSE,55884199.0,,CNY
601319,XSHG,2026-09-30,8.020000457763672,8.079999923706055,7.960000038146973,7.980000019073486,7.980000019073486,RAW_CLOSE,43851476.0,,CNY
601328,XSHG,2026-09-30,7.619999885559082,7.760000228881836,7.579999923706055,7.75,7.75,RAW_CLOSE,190557517.0,,CNY
601336,XSHG,2026-09-30,55.93000030517578,56.470001220703125,55.880001068115234,56.349998474121094,56.349998474121094,RAW_CLOSE,6361839.0,,CNY
601360,XSHG,2026-09-30,9.0600004196167,9.109999656677246,8.880000114440918,8.949999809265137,8.949999809265137,RAW_CLOSE,92657828.0,,CNY
601377,XSHG,2026-09-30,5.71999979019165,5.739999771118164,5.699999809265137,5.71999979019165,5.71999979019165,RAW_CLOSE,49489493.0,,CNY
601390,XSHG,2026-09-30,4.25,4.329999923706055,4.230000019073486,4.329999923706055,4.329999923706055,RAW_CLOSE,90703421.0,,CNY
601398,XSHG,2026-09-30,8.170000076293945,8.300000190734863,8.149999618530273,8.279999732971191,8.279999732971191,RAW_CLOSE,293171125.0,,CNY
601555,XSHG,2026-09-30,8.15999984741211,8.229999542236328,8.109999656677246,8.130000114440918,8.130000114440918,RAW_CLOSE,19882451.0,,CNY
601600,XSHG,2026-09-30,8.880000114440918,8.989999771118164,8.819999694824219,8.930000305175781,8.930000305175781,RAW_CLOSE,100423214.0,,CNY
601601,XSHG,2026-09-30,30.479999542236328,31.25,30.329999923706055,31.059999465942383,31.059999465942383,RAW_CLOSE,31751751.0,,CNY
601607,XSHG,2026-09-30,16.0,16.280000686645508,15.989999771118164,16.219999313354492,16.219999313354492,RAW_CLOSE,11424775.0,,CNY
601618,XSHG,2026-09-30,2.5,2.549999952316284,2.490000009536743,2.5399999618530273,2.5399999618530273,RAW_CLOSE,68898516.0,,CNY
601628,XSHG,2026-09-30,36.619998931884766,36.95000076293945,36.33000183105469,36.70000076293945,36.70000076293945,RAW_CLOSE,17219000.0,,CNY
601633,XSHG,2026-09-30,13.670000076293945,13.880000114440918,13.600000381469727,13.729999542236328,13.729999542236328,RAW_CLOSE,14344059.0,,CNY
601658,XSHG,2026-09-30,5.400000095367432,5.489999771118164,5.389999866485596,5.460000038146973,5.460000038146973,RAW_CLOSE,155278606.0,,CNY
601668,XSHG,2026-09-30,4.269999980926514,4.369999885559082,4.25,4.340000152587891,4.340000152587891,RAW_CLOSE,283969577.0,,CNY
601669,XSHG,2026-09-30,4.53000020980835,4.579999923706055,4.519999980926514,4.570000171661377,4.570000171661377,RAW_CLOSE,62347765.0,,CNY
601688,XSHG,2026-09-30,17.760000228881836,17.850000381469727,17.700000762939453,17.799999237060547,17.799999237060547,RAW_CLOSE,36401047.0,,CNY
601696,XSHG,2026-09-30,10.970000267028809,11.029999732971191,10.930000305175781,10.960000038146973,10.960000038146973,RAW_CLOSE,15140888.0,,CNY
601698,XSHG,2026-09-30,22.899999618530273,22.989999771118164,22.530000686645508,22.600000381469727,22.600000381469727,RAW_CLOSE,8569348.0,,CNY
601727,XSHG,2026-09-30,6.429999828338623,6.449999809265137,6.400000095367432,6.440000057220459,6.440000057220459,RAW_CLOSE,29591985.0,,CNY
601766,XSHG,2026-09-30,6.099999904632568,6.190000057220459,6.090000152587891,6.190000057220459,6.190000057220459,RAW_CLOSE,98953196.0,,CNY
601788,XSHG,2026-09-30,13.600000381469727,13.710000038146973,13.579999923706055,13.680000305175781,13.680000305175781,RAW_CLOSE,10338960.0,,CNY
601799,XSHG,2026-09-30,69.5999984741211,70.8499984741211,69.43000030517578,70.33000183105469,70.33000183105469,RAW_CLOSE,2341049.0,,CNY
601800,XSHG,2026-09-30,5.849999904632568,5.949999809265137,5.840000152587891,5.940000057220459,5.940000057220459,RAW_CLOSE,25623589.0,,CNY
601808,XSHG,2026-09-30,12.0600004196167,12.239999771118164,12.029999732971191,12.220000267028809,12.220000267028809,RAW_CLOSE,7019978.0,,CNY
601816,XSHG,2026-09-30,4.71999979019165,4.789999961853027,4.699999809265137,4.760000228881836,4.760000228881836,RAW_CLOSE,164169059.0,,CNY
601818,XSHG,2026-09-30,3.009999990463257,3.049999952316284,3.009999990463257,3.0399999618530273,3.0399999618530273,RAW_CLOSE,177940903.0,,CNY
601838,XSHG,2026-09-30,18.899999618530273,19.489999771118164,18.889999389648438,19.309999465942383,19.309999465942383,RAW_CLOSE,27935626.0,,CNY
601857,XSHG,2026-09-30,11.119999885559082,11.270000457763672,11.069999694824219,11.210000038146973,11.210000038146973,RAW_CLOSE,109173479.0,,CNY
601872,XSHG,2026-09-30,19.799999237060547,20.450000762939453,19.790000915527344,20.149999618530273,20.149999618530273,RAW_CLOSE,75321177.0,,CNY
601877,XSHG,2026-09-30,24.579999923706055,25.049999237060547,24.459999084472656,24.950000762939453,24.950000762939453,RAW_CLOSE,10049545.0,,CNY
601878,XSHG,2026-09-30,8.949999809265137,8.979999542236328,8.920000076293945,8.970000267028809,8.970000267028809,RAW_CLOSE,10821873.0,,CNY
601881,XSHG,2026-09-30,11.550000190734863,11.609999656677246,11.5,11.59000015258789,11.59000015258789,RAW_CLOSE,16652526.0,,CNY
601888,XSHG,2026-09-30,50.970001220703125,51.650001525878906,50.540000915527344,51.439998626708984,51.439998626708984,RAW_CLOSE,13634658.0,,CNY
601899,XSHG,2026-09-30,29.5,29.940000534057617,29.459999084472656,29.790000915527344,29.790000915527344,RAW_CLOSE,98219784.0,,CNY
601901,XSHG,2026-09-30,6.659999847412109,6.710000038146973,6.630000114440918,6.710000038146973,6.710000038146973,RAW_CLOSE,24637513.0,,CNY
601916,XSHG,2026-09-30,2.880000114440918,2.9000000953674316,2.869999885559082,2.880000114440918,2.880000114440918,RAW_CLOSE,105816471.0,,CNY
601919,XSHG,2026-09-30,16.299999237060547,16.510000228881836,16.260000228881836,16.3700008392334,16.3700008392334,RAW_CLOSE,52986110.0,,CNY
601933,XSHG,2026-09-30,2.9700000286102295,2.990000009536743,2.950000047683716,2.990000009536743,2.990000009536743,RAW_CLOSE,57071321.0,,CNY
601939,XSHG,2026-09-30,11.010000228881836,11.119999885559082,10.970000267028809,11.0600004196167,11.0600004196167,RAW_CLOSE,81212643.0,,CNY
601985,XSHG,2026-09-30,9.039999961853027,9.130000114440918,9.029999732971191,9.069999694824219,9.069999694824219,RAW_CLOSE,89894584.0,,CNY
601988,XSHG,2026-09-30,6.639999866485596,6.789999961853027,6.610000133514404,6.730000019073486,6.730000019073486,RAW_CLOSE,273081897.0,,CNY
601990,XSHG,2026-09-30,6.570000171661377,6.610000133514404,6.53000020980835,6.579999923706055,6.579999923706055,RAW_CLOSE,8337191.0,,CNY
601995,XSHG,2026-09-30,30.6200008392334,30.6299991607666,30.3799991607666,30.6299991607666,30.6299991607666,RAW_CLOSE,14040226.0,,CNY
601998,XSHG,2026-09-30,9.0,9.100000381469727,8.989999771118164,9.100000381469727,9.100000381469727,RAW_CLOSE,37771288.0,,CNY
603019,XSHG,2026-09-30,80.69999694824219,80.86000061035156,79.25,79.5199966430664,79.5199966430664,RAW_CLOSE,13254956.0,,CNY
603087,XSHG,2026-09-30,75.02999877929688,79.19999694824219,74.55999755859375,77.4000015258789,77.4000015258789,RAW_CLOSE,15405800.0,,CNY
603160,XSHG,2026-09-30,54.5,55.20000076293945,53.18000030517578,53.189998626708984,53.189998626708984,RAW_CLOSE,3353808.0,,CNY
603195,XSHG,2026-09-30,38.09000015258789,38.81999969482422,37.93000030517578,38.709999084472656,38.709999084472656,RAW_CLOSE,2701404.0,,CNY
603233,XSHG,2026-09-30,17.979999542236328,18.290000915527344,17.8799991607666,18.200000762939453,18.200000762939453,RAW_CLOSE,5921736.0,,CNY
603259,XSHG,2026-09-30,160.00999450683594,169.1999969482422,159.39999389648438,167.33999633789062,167.33999633789062,RAW_CLOSE,44950902.0,,CNY
603288,XSHG,2026-09-30,32.779998779296875,33.349998474121094,32.65999984741211,33.16999816894531,33.16999816894531,RAW_CLOSE,12207315.0,,CNY
603338,XSHG,2026-09-30,52.900001525878906,54.13999938964844,52.599998474121094,53.36000061035156,53.36000061035156,RAW_CLOSE,3214267.0,,CNY
603369,XSHG,2026-09-30,27.1200008392334,28.440000534057617,26.670000076293945,28.09000015258789,28.09000015258789,RAW_CLOSE,14090338.0,,CNY
603392,XSHG,2026-09-30,26.600000381469727,27.5,26.440000534057617,27.34000015258789,27.34000015258789,RAW_CLOSE,8986653.0,,CNY
603501,XSHG,2026-09-30,80.9000015258789,82.73999786376953,80.45999908447266,82.20999908447266,82.20999908447266,RAW_CLOSE,12892957.0,,CNY
603517,XSHG,2026-09-30,11.270000457763672,11.449999809265137,11.239999771118164,11.430000305175781,11.430000305175781,RAW_CLOSE,4418000.0,,CNY
603658,XSHG,2026-09-30,33.4900016784668,34.349998474121094,33.4900016784668,34.08000183105469,34.08000183105469,RAW_CLOSE,3547968.0,,CNY
603659,XSHG,2026-09-30,21.299999237060547,21.719999313354492,21.200000762939453,21.450000762939453,21.450000762939453,RAW_CLOSE,15639869.0,,CNY
603799,XSHG,2026-09-30,34.09000015258789,35.22999954223633,33.88999938964844,35.0,35.0,RAW_CLOSE,39230257.0,,CNY
603806,XSHG,2026-09-30,13.789999961853027,13.979999542236328,13.720000267028809,13.859999656677246,13.859999656677246,RAW_CLOSE,11242675.0,,CNY
603833,XSHG,2026-09-30,30.139999389648438,31.68000030517578,28.8700008392334,31.489999771118164,31.489999771118164,RAW_CLOSE,7325980.0,,CNY
603882,XSHG,2026-09-30,28.200000762939453,29.799999237060547,27.8799991607666,29.059999465942383,29.059999465942383,RAW_CLOSE,12054017.0,,CNY
603899,XSHG,2026-09-30,21.829999923706055,22.420000076293945,21.729999542236328,22.360000610351562,22.360000610351562,RAW_CLOSE,2372069.0,,CNY
603939,XSHG,2026-09-30,23.399999618530273,23.649999618530273,22.8799991607666,23.309999465942383,23.309999465942383,RAW_CLOSE,15116510.0,,CNY
603986,XSHG,2026-09-30,369.75,370.0,351.2799987792969,353.8999938964844,353.8999938964844,RAW_CLOSE,24237712.0,,CNY
603993,XSHG,2026-09-30,16.799999237060547,16.889999389648438,16.670000076293945,16.8799991607666,16.8799991607666,RAW_CLOSE,78078208.0,,CNY
688008,XSHG,2026-09-30,212.99000549316406,214.5,201.3000030517578,202.30999755859375,202.30999755859375,RAW_CLOSE,26524480.0,,CNY
688009,XSHG,2026-09-30,4.639999866485596,4.690000057220459,4.630000114440918,4.690000057220459,4.690000057220459,RAW_CLOSE,17304060.0,,CNY
688012,XSHG,2026-09-30,326.9800109863281,333.55999755859375,317.92999267578125,318.54998779296875,318.54998779296875,RAW_CLOSE,11917414.0,,CNY
688036,XSHG,2026-09-30,53.150001525878906,54.650001525878906,52.900001525878906,53.79999923706055,53.79999923706055,RAW_CLOSE,6038757.0,,CNY
688111,XSHG,2026-09-30,216.32000732421875,219.8800048828125,215.67999267578125,218.8000030517578,218.8000030517578,RAW_CLOSE,3922588.0,,CNY
688126,XSHG,2026-09-30,23.829999923706055,23.950000762939453,23.200000762939453,23.3799991607666,23.3799991607666,RAW_CLOSE,33356055.0,,CNY
688169,XSHG,2026-09-30,114.80000305175781,119.4000015258789,113.81999969482422,118.76000213623047,118.76000213623047,RAW_CLOSE,4912784.0,,CNY
688363,XSHG,2026-09-30,34.13999938964844,35.130001068115234,34.130001068115234,34.810001373291016,34.810001373291016,RAW_CLOSE,3696839.0,,CNY
688396,XSHG,2026-09-30,57.369998931884766,57.599998474121094,54.90999984741211,55.099998474121094,55.099998474121094,RAW_CLOSE,11503626.0,,CNY
