ticker,exchange,trade_date,open,high,low,close,adjusted_close,price_type,volume,turnover,currency
000001,XSHE,2026-09-16,11.800000190734863,11.84000015258789,11.569999694824219,11.699999809265137,11.4488525390625,RAW_CLOSE,94962632.0,,CNY
000002,XSHE,2026-09-16,3.0199999809265137,3.0299999713897705,2.9800000190734863,3.0299999713897705,3.0299999713897705,RAW_CLOSE,64977576.0,,CNY
000063,XSHE,2026-09-16,32.04999923706055,32.52000045776367,32.0,32.369998931884766,32.369998931884766,RAW_CLOSE,44293243.0,,CNY
000066,XSHE,2026-09-16,13.75,14.319999694824219,13.630000114440918,14.149999618530273,14.149999618530273,RAW_CLOSE,61196129.0,,CNY
000069,XSHE,2026-09-16,1.7400000095367432,1.7599999904632568,1.7100000381469727,1.75,1.75,RAW_CLOSE,24357422.0,,CNY
000100,XSHE,2026-09-16,4.71999979019165,4.78000020980835,4.679999828338623,4.760000228881836,4.760000228881836,RAW_CLOSE,256235691.0,,CNY
000157,XSHE,2026-09-16,6.429999828338623,6.449999809265137,6.130000114440918,6.21999979019165,6.21999979019165,RAW_CLOSE,95380471.0,,CNY
000166,XSHE,2026-09-16,4.400000095367432,4.429999828338623,4.340000152587891,4.400000095367432,4.400000095367432,RAW_CLOSE,58607195.0,,CNY
000333,XSHE,2026-09-16,87.0,87.41000366210938,84.51000213623047,85.0,85.0,RAW_CLOSE,29845489.0,,CNY
000338,XSHE,2026-09-16,26.049999237060547,26.100000381469727,24.780000686645508,25.520000457763672,25.520000457763672,RAW_CLOSE,86753202.0,,CNY
000425,XSHE,2026-09-16,7.78000020980835,7.820000171661377,7.210000038146973,7.579999923706055,7.579999923706055,RAW_CLOSE,251557350.0,,CNY
000538,XSHE,2026-09-16,50.689998626708984,50.939998626708984,50.209999084472656,50.84000015258789,49.8125114440918,RAW_CLOSE,7547021.0,,CNY
000568,XSHE,2026-09-16,72.1500015258789,72.41000366210938,71.51000213623047,72.3499984741211,72.3499984741211,RAW_CLOSE,5623743.0,,CNY
000596,XSHE,2026-09-16,92.66999816894531,93.5,91.0199966430664,93.20999908447266,93.20999908447266,RAW_CLOSE,2401247.0,,CNY
000625,XSHE,2026-09-16,7.090000152587891,7.110000133514404,7.019999980926514,7.079999923706055,7.079999923706055,RAW_CLOSE,37827822.0,,CNY
000651,XSHE,2026-09-16,38.310001373291016,38.4900016784668,37.9900016784668,38.099998474121094,38.099998474121094,RAW_CLOSE,33758186.0,,CNY
000656,XSHE,2026-09-16,1.1799999475479126,1.190000057220459,1.1699999570846558,1.1799999475479126,1.1799999475479126,RAW_CLOSE,97400914.0,,CNY
000661,XSHE,2026-09-16,71.30999755859375,71.58999633789062,70.36000061035156,71.36000061035156,71.36000061035156,RAW_CLOSE,3548235.0,,CNY
000703,XSHE,2026-09-16,17.049999237060547,17.600000381469727,16.700000762939453,17.479999542236328,16.592689514160156,RAW_CLOSE,87120354.0,,CNY
000708,XSHE,2026-09-16,13.460000038146973,13.529999732971191,13.079999923706055,13.25,13.25,RAW_CLOSE,12654746.0,,CNY
000725,XSHE,2026-09-16,5.28000020980835,5.449999809265137,5.230000019073486,5.449999809265137,5.449999809265137,RAW_CLOSE,1027247985.0,,CNY
000728,XSHE,2026-09-16,7.46999979019165,7.559999942779541,7.389999866485596,7.519999980926514,7.519999980926514,RAW_CLOSE,16716795.0,,CNY
000768,XSHE,2026-09-16,22.25,22.459999084472656,21.950000762939453,22.350000381469727,22.350000381469727,RAW_CLOSE,20767155.0,,CNY
000776,XSHE,2026-09-16,20.309999465942383,20.450000762939453,19.889999389648438,20.309999465942383,20.309999465942383,RAW_CLOSE,52689661.0,,CNY
000783,XSHE,2026-09-16,8.279999732971191,8.449999809265137,8.220000267028809,8.420000076293945,8.420000076293945,RAW_CLOSE,61100052.0,,CNY
000786,XSHE,2026-09-16,15.6899995803833,15.949999809265137,15.399999618530273,15.850000381469727,15.850000381469727,RAW_CLOSE,17852287.0,,CNY
000800,XSHE,2026-09-16,5.949999809265137,5.96999979019165,5.849999904632568,5.940000057220459,5.940000057220459,RAW_CLOSE,12623961.0,,CNY
000858,XSHE,2026-09-16,69.5999984741211,69.69000244140625,68.88999938964844,69.26000213623047,69.26000213623047,RAW_CLOSE,15412600.0,,CNY
000860,XSHE,2026-09-16,10.260000228881836,10.279999732971191,10.050000190734863,10.25,10.25,RAW_CLOSE,8186659.0,,CNY
000876,XSHE,2026-09-16,7.28000020980835,7.289999961853027,7.119999885559082,7.199999809265137,7.199999809265137,RAW_CLOSE,41497819.0,,CNY
000895,XSHE,2026-09-16,23.399999618530273,23.469999313354492,23.219999313354492,23.270000457763672,23.270000457763672,RAW_CLOSE,6706410.0,,CNY
000938,XSHE,2026-09-16,32.81999969482422,34.2599983215332,32.630001068115234,33.97999954223633,33.97999954223633,RAW_CLOSE,125490533.0,,CNY
000963,XSHE,2026-09-16,26.15999984741211,26.299999237060547,26.0,26.260000228881836,25.908527374267578,RAW_CLOSE,5492277.0,,CNY
000977,XSHE,2026-09-16,68.76000213623047,72.0,68.6500015258789,71.1500015258789,71.1500015258789,RAW_CLOSE,70013714.0,,CNY
001979,XSHE,2026-09-16,6.679999828338623,6.75,6.559999942779541,6.730000019073486,6.730000019073486,RAW_CLOSE,40585791.0,,CNY
002001,XSHE,2026-09-16,26.700000762939453,26.760000228881836,25.799999237060547,26.260000228881836,26.260000228881836,RAW_CLOSE,26980094.0,,CNY
002007,XSHE,2026-09-16,12.859999656677246,12.880000114440918,12.59000015258789,12.739999771118164,12.739999771118164,RAW_CLOSE,10243400.0,,CNY
002008,XSHE,2026-09-16,93.66000366210938,97.45999908447266,93.0,95.54000091552734,95.54000091552734,RAW_CLOSE,41428327.0,,CNY
002024,XSHE,2026-09-16,1.159999966621399,1.1699999570846558,1.1399999856948853,1.159999966621399,1.159999966621399,RAW_CLOSE,18703845.0,,CNY
002027,XSHE,2026-09-16,4.690000057220459,4.699999809265137,4.639999866485596,4.679999828338623,4.679999828338623,RAW_CLOSE,83389547.0,,CNY
002032,XSHE,2026-09-16,39.880001068115234,40.0,39.22999954223633,39.70000076293945,39.70000076293945,RAW_CLOSE,1487935.0,,CNY
002044,XSHE,2026-09-16,4.329999923706055,4.360000133514404,4.300000190734863,4.349999904632568,4.349999904632568,RAW_CLOSE,52804192.0,,CNY
002049,XSHE,2026-09-16,59.189998626708984,60.54999923706055,58.72999954223633,60.40999984741211,60.40999984741211,RAW_CLOSE,10735390.0,,CNY
002050,XSHE,2026-09-16,33.70000076293945,34.0,33.279998779296875,33.72999954223633,33.72999954223633,RAW_CLOSE,36760555.0,,CNY
002120,XSHE,2026-09-16,6.659999847412109,6.710000038146973,6.599999904632568,6.710000038146973,6.710000038146973,RAW_CLOSE,18677246.0,,CNY
002129,XSHE,2026-09-16,8.619999885559082,8.899999618530273,8.539999961853027,8.859999656677246,8.859999656677246,RAW_CLOSE,63644519.0,,CNY
002142,XSHE,2026-09-16,35.15999984741211,35.459999084472656,34.06999969482422,34.310001373291016,34.310001373291016,RAW_CLOSE,36994713.0,,CNY
002153,XSHE,2026-09-16,7.510000228881836,7.570000171661377,7.420000076293945,7.510000228881836,7.510000228881836,RAW_CLOSE,11475035.0,,CNY
002157,XSHE,2026-09-16,3.140000104904175,3.1500000953674316,3.0299999713897705,3.0399999618530273,3.0399999618530273,RAW_CLOSE,185096134.0,,CNY
002179,XSHE,2026-09-16,34.68000030517578,35.08000183105469,34.349998474121094,34.84000015258789,34.84000015258789,RAW_CLOSE,16672293.0,,CNY
002202,XSHE,2026-09-16,18.75,19.049999237060547,18.15999984741211,18.229999542236328,18.229999542236328,RAW_CLOSE,138817713.0,,CNY
002230,XSHE,2026-09-16,38.880001068115234,39.08000183105469,38.560001373291016,38.900001525878906,38.900001525878906,RAW_CLOSE,15602895.0,,CNY
002236,XSHE,2026-09-16,15.8100004196167,15.819999694824219,15.579999923706055,15.720000267028809,15.720000267028809,RAW_CLOSE,21311260.0,,CNY
002241,XSHE,2026-09-16,21.3700008392334,21.780000686645508,21.139999389648438,21.530000686645508,21.530000686645508,RAW_CLOSE,38913375.0,,CNY
002252,XSHE,2026-09-16,4.889999866485596,4.900000095367432,4.800000190734863,4.849999904632568,4.849999904632568,RAW_CLOSE,31492538.0,,CNY
002271,XSHE,2026-09-16,10.15999984741211,10.210000038146973,9.9399995803833,10.1899995803833,10.1899995803833,RAW_CLOSE,38645026.0,,CNY
002304,XSHE,2026-09-16,37.88999938964844,37.970001220703125,37.540000915527344,37.90999984741211,37.90999984741211,RAW_CLOSE,2499068.0,,CNY
002311,XSHE,2026-09-16,42.41999816894531,42.97999954223633,41.97999954223633,42.310001373291016,42.15999984741211,RAW_CLOSE,7667781.0,,CNY
002352,XSHE,2026-09-16,30.979999542236328,30.989999771118164,30.450000762939453,30.75,30.260000228881836,RAW_CLOSE,22078839.0,,CNY
002371,XSHE,2026-09-16,638.2000122070312,673.3300170898438,635.010009765625,662.8900146484375,662.8900146484375,RAW_CLOSE,9836425.0,,CNY
002384,XSHE,2026-09-16,183.00999450683594,195.25999450683594,182.5,192.0,192.0,RAW_CLOSE,61496074.0,,CNY
002410,XSHE,2026-09-16,8.369999885559082,8.420000076293945,8.25,8.399999618530273,8.399999618530273,RAW_CLOSE,15149506.0,,CNY
002414,XSHE,2026-09-16,12.100000381469727,12.260000228881836,12.039999961853027,12.239999771118164,12.141130447387695,RAW_CLOSE,33938804.0,,CNY
002415,XSHE,2026-09-16,32.709999084472656,32.790000915527344,32.209999084472656,32.61000061035156,32.61000061035156,RAW_CLOSE,41928876.0,,CNY
002456,XSHE,2026-09-16,6.849999904632568,6.989999771118164,6.800000190734863,6.949999809265137,6.949999809265137,RAW_CLOSE,52310104.0,,CNY
002460,XSHE,2026-09-16,45.369998931884766,46.09000015258789,44.099998474121094,45.70000076293945,45.70000076293945,RAW_CLOSE,31347492.0,,CNY
002463,XSHE,2026-09-16,126.48999786376953,129.89999389648438,124.05999755859375,127.80000305175781,127.80000305175781,RAW_CLOSE,43541332.0,,CNY
002475,XSHE,2026-09-16,51.599998474121094,53.18000030517578,51.0,52.88999938964844,52.88999938964844,RAW_CLOSE,81201524.0,,CNY
002493,XSHE,2026-09-16,13.050000190734863,13.140000343322754,12.739999771118164,13.029999732971191,13.029999732971191,RAW_CLOSE,45113568.0,,CNY
002508,XSHE,2026-09-16,16.450000762939453,16.8799991607666,16.010000228881836,16.56999969482422,16.56999969482422,RAW_CLOSE,10630115.0,,CNY
002555,XSHE,2026-09-16,17.3799991607666,17.479999542236328,17.15999984741211,17.459999084472656,17.459999084472656,RAW_CLOSE,15128855.0,,CNY
002558,XSHE,2026-09-16,25.100000381469727,25.149999618530273,24.670000076293945,24.84000015258789,24.03838539123535,RAW_CLOSE,38855231.0,,CNY
002594,XSHE,2026-09-16,84.11000061035156,84.55000305175781,83.44999694824219,83.95999908447266,83.95999908447266,RAW_CLOSE,17642347.0,,CNY
002600,XSHE,2026-09-16,12.510000228881836,12.649999618530273,12.279999732971191,12.510000228881836,12.510000228881836,RAW_CLOSE,97244297.0,,CNY
002601,XSHE,2026-09-16,15.0,15.0600004196167,14.569999694824219,14.770000457763672,14.770000457763672,RAW_CLOSE,18995341.0,,CNY
002602,XSHE,2026-09-16,14.920000076293945,14.960000038146973,14.5600004196167,14.630000114440918,14.548381805419922,RAW_CLOSE,85278635.0,,CNY
002607,XSHE,2026-09-16,1.8899999856948853,1.909999966621399,1.8700000047683716,1.899999976158142,1.899999976158142,RAW_CLOSE,96746500.0,,CNY
002624,XSHE,2026-09-16,9.8100004196167,9.90999984741211,9.649999618530273,9.890000343322754,9.890000343322754,RAW_CLOSE,38659993.0,,CNY
002673,XSHE,2026-09-16,6.659999847412109,6.78000020980835,6.599999904632568,6.730000019073486,6.730000019073486,RAW_CLOSE,23467364.0,,CNY
002714,XSHE,2026-09-16,41.9900016784668,42.349998474121094,40.84000015258789,41.08000183105469,41.08000183105469,RAW_CLOSE,48955865.0,,CNY
002736,XSHE,2026-09-16,9.850000381469727,9.920000076293945,9.729999542236328,9.869999885559082,9.869999885559082,RAW_CLOSE,25768062.0,,CNY
002739,XSHE,2026-09-16,8.430000305175781,8.520000457763672,8.369999885559082,8.489999771118164,8.489999771118164,RAW_CLOSE,29628778.0,,CNY
002773,XSHE,2026-09-16,19.1200008392334,19.18000030517578,18.899999618530273,19.100000381469727,19.100000381469727,RAW_CLOSE,2256163.0,,CNY
002812,XSHE,2026-09-16,47.86000061035156,48.2400016784668,45.720001220703125,47.90999984741211,47.90999984741211,RAW_CLOSE,19922755.0,,CNY
002821,XSHE,2026-09-16,177.55999755859375,186.3800048828125,174.44000244140625,182.47999572753906,182.47999572753906,RAW_CLOSE,10997010.0,,CNY
002841,XSHE,2026-09-16,45.83000183105469,47.880001068115234,45.72999954223633,47.540000915527344,47.540000915527344,RAW_CLOSE,6271876.0,,CNY
002916,XSHE,2026-09-16,391.8399963378906,400.510009765625,384.57000732421875,392.5,392.5,RAW_CLOSE,7472317.0,,CNY
002938,XSHE,2026-09-16,88.88999938964844,91.0999984741211,87.69000244140625,89.80000305175781,89.80000305175781,RAW_CLOSE,17294927.0,,CNY
002939,XSHE,2026-09-16,7.820000171661377,7.880000114440918,7.760000228881836,7.860000133514404,7.860000133514404,RAW_CLOSE,12178352.0,,CNY
002945,XSHE,2026-09-16,13.75,14.079999923706055,13.640000343322754,14.020000457763672,14.020000457763672,RAW_CLOSE,10737871.0,,CNY
003816,XSHE,2026-09-16,4.300000190734863,4.329999923706055,4.239999771118164,4.289999961853027,4.289999961853027,RAW_CLOSE,98119191.0,,CNY
300003,XSHE,2026-09-16,11.3100004196167,11.390000343322754,11.199999809265137,11.369999885559082,11.369999885559082,RAW_CLOSE,11120162.0,,CNY
300014,XSHE,2026-09-16,47.900001525878906,49.099998474121094,47.0,48.65999984741211,48.43000030517578,RAW_CLOSE,35597393.0,,CNY
300015,XSHE,2026-09-16,7.980000019073486,8.010000228881836,7.909999847412109,8.0,8.0,RAW_CLOSE,31162496.0,,CNY
300033,XSHE,2026-09-16,203.3000030517578,208.89999389648438,201.5,207.64999389648438,207.45257568359375,RAW_CLOSE,9330379.0,,CNY
300059,XSHE,2026-09-16,18.170000076293945,18.479999542236328,18.059999465942383,18.389999389648438,18.389999389648438,RAW_CLOSE,135285637.0,,CNY
300122,XSHE,2026-09-16,12.319999694824219,12.399999618530273,12.210000038146973,12.329999923706055,12.329999923706055,RAW_CLOSE,15288721.0,,CNY
300124,XSHE,2026-09-16,51.29999923706055,51.599998474121094,49.95000076293945,51.439998626708984,51.439998626708984,RAW_CLOSE,44584313.0,,CNY
300136,XSHE,2026-09-16,56.34000015258789,58.95000076293945,56.130001068115234,58.47999954223633,58.47999954223633,RAW_CLOSE,34316521.0,,CNY
300142,XSHE,2026-09-16,12.899999618530273,13.0600004196167,12.829999923706055,12.970000267028809,12.970000267028809,RAW_CLOSE,42498292.0,,CNY
300144,XSHE,2026-09-16,5.699999809265137,5.739999771118164,5.639999866485596,5.71999979019165,5.71999979019165,RAW_CLOSE,20733854.0,,CNY
300274,XSHE,2026-09-16,85.18000030517578,85.37999725341797,83.12999725341797,85.18000030517578,84.55973052978516,RAW_CLOSE,41758563.0,,CNY
300347,XSHE,2026-09-16,55.61000061035156,57.16999816894531,55.0,56.79999923706055,56.79999923706055,RAW_CLOSE,14939956.0,,CNY
300408,XSHE,2026-09-16,126.25,131.0,126.25,129.8800048828125,129.8800048828125,RAW_CLOSE,47059675.0,,CNY
300413,XSHE,2026-09-16,16.6200008392334,17.059999465942383,16.399999618530273,17.020000457763672,17.020000457763672,RAW_CLOSE,56885247.0,,CNY
300433,XSHE,2026-09-16,32.7400016784668,33.58000183105469,32.599998474121094,33.310001373291016,33.310001373291016,RAW_CLOSE,46291676.0,,CNY
300450,XSHE,2026-09-16,31.84000015258789,32.47999954223633,30.549999237060547,31.700000762939453,31.700000762939453,RAW_CLOSE,53060587.0,,CNY
300498,XSHE,2026-09-16,14.970000267028809,15.0,14.640000343322754,14.65999984741211,14.65999984741211,RAW_CLOSE,38229061.0,,CNY
300529,XSHE,2026-09-16,14.850000381469727,14.960000038146973,14.729999542236328,14.899999618530273,14.899999618530273,RAW_CLOSE,3276855.0,,CNY
300558,XSHE,2026-09-16,46.16999816894531,47.38999938964844,45.900001525878906,47.22999954223633,47.22999954223633,RAW_CLOSE,7575867.0,,CNY
300595,XSHE,2026-09-16,9.930000305175781,9.979999542236328,9.779999732971191,9.9399995803833,9.9399995803833,RAW_CLOSE,5150140.0,,CNY
300601,XSHE,2026-09-16,11.609999656677246,11.75,11.470000267028809,11.670000076293945,11.670000076293945,RAW_CLOSE,8272126.0,,CNY
300628,XSHE,2026-09-16,40.900001525878906,41.97999954223633,40.86000061035156,41.56999969482422,41.06867218017578,RAW_CLOSE,6950033.0,,CNY
300677,XSHE,2026-09-16,53.7599983215332,53.7599983215332,50.40999984741211,51.150001525878906,51.150001525878906,RAW_CLOSE,15053181.0,,CNY
600000,XSHG,2026-09-16,9.170000076293945,9.199999809265137,9.0,9.100000381469727,9.100000381469727,RAW_CLOSE,72340449.0,,CNY
600009,XSHG,2026-09-16,23.040000915527344,23.059999465942383,22.700000762939453,22.850000381469727,22.579999923706055,RAW_CLOSE,7762660.0,,CNY
600010,XSHG,2026-09-16,2.109999895095825,2.1500000953674316,2.0799999237060547,2.140000104904175,2.140000104904175,RAW_CLOSE,348059516.0,,CNY
600011,XSHG,2026-09-16,6.920000076293945,6.989999771118164,6.840000152587891,6.860000133514404,6.860000133514404,RAW_CLOSE,62844410.0,,CNY
600015,XSHG,2026-09-16,6.300000190734863,6.340000152587891,6.25,6.320000171661377,6.320000171661377,RAW_CLOSE,71946223.0,,CNY
600016,XSHG,2026-09-16,3.5799999237060547,3.5999999046325684,3.5299999713897705,3.5799999237060547,3.5799999237060547,RAW_CLOSE,242781077.0,,CNY
600018,XSHG,2026-09-16,5.460000038146973,5.489999771118164,5.409999847412109,5.460000038146973,5.460000038146973,RAW_CLOSE,47133311.0,,CNY
600019,XSHG,2026-09-16,5.78000020980835,5.789999961853027,5.670000076293945,5.769999980926514,5.769999980926514,RAW_CLOSE,93933247.0,,CNY
600025,XSHG,2026-09-16,9.779999732971191,9.880000114440918,9.75,9.8100004196167,9.8100004196167,RAW_CLOSE,20674600.0,,CNY
600028,XSHG,2026-09-16,5.289999961853027,5.309999942779541,5.159999847412109,5.210000038146973,5.210000038146973,RAW_CLOSE,196404426.0,,CNY
600029,XSHG,2026-09-16,4.860000133514404,4.869999885559082,4.800000190734863,4.840000152587891,4.840000152587891,RAW_CLOSE,53275499.0,,CNY
600030,XSHG,2026-09-16,26.34000015258789,26.56999969482422,26.079999923706055,26.450000762939453,26.450000762939453,RAW_CLOSE,81043967.0,,CNY
600031,XSHG,2026-09-16,19.479999542236328,19.479999542236328,17.549999237060547,18.18000030517578,18.18000030517578,RAW_CLOSE,247939503.0,,CNY
600036,XSHG,2026-09-16,41.150001525878906,41.40999984741211,40.52000045776367,40.91999816894531,40.91999816894531,RAW_CLOSE,53801915.0,,CNY
600048,XSHG,2026-09-16,5.010000228881836,5.039999961853027,4.909999847412109,5.010000228881836,5.010000228881836,RAW_CLOSE,90911809.0,,CNY
600050,XSHG,2026-09-16,4.170000076293945,4.190000057220459,4.130000114440918,4.170000076293945,4.170000076293945,RAW_CLOSE,96495967.0,,CNY
600061,XSHG,2026-09-16,6.210000038146973,6.260000228881836,6.119999885559082,6.230000019073486,6.230000019073486,RAW_CLOSE,35033552.0,,CNY
600079,XSHG,2026-09-16,18.450000762939453,18.579999923706055,18.31999969482422,18.389999389648438,18.389999389648438,RAW_CLOSE,6058604.0,,CNY
600085,XSHG,2026-09-16,23.280000686645508,23.350000381469727,23.010000228881836,23.15999984741211,23.15999984741211,RAW_CLOSE,2691454.0,,CNY
600104,XSHG,2026-09-16,11.300000190734863,11.369999885559082,11.0600004196167,11.300000190734863,11.300000190734863,RAW_CLOSE,69305522.0,,CNY
600109,XSHG,2026-09-16,8.25,8.34000015258789,8.170000076293945,8.289999961853027,8.289999961853027,RAW_CLOSE,16677600.0,,CNY
600111,XSHG,2026-09-16,37.150001525878906,37.75,36.41999816894531,37.4900016784668,37.4900016784668,RAW_CLOSE,38606102.0,,CNY
600115,XSHG,2026-09-16,3.3399999141693115,3.359999895095825,3.2899999618530273,3.3299999237060547,3.3299999237060547,RAW_CLOSE,164536944.0,,CNY
600118,XSHG,2026-09-16,57.5099983215332,58.77000045776367,57.380001068115234,58.2400016784668,58.2400016784668,RAW_CLOSE,21832193.0,,CNY
600132,XSHG,2026-09-16,38.66999816894531,38.77000045776367,37.959999084472656,38.220001220703125,38.220001220703125,RAW_CLOSE,2888300.0,,CNY
600143,XSHG,2026-09-16,12.899999618530273,13.130000114440918,12.739999771118164,13.0,12.903417587280273,RAW_CLOSE,24264979.0,,CNY
600150,XSHG,2026-09-16,38.25,38.380001068115234,37.40999984741211,37.790000915527344,37.790000915527344,RAW_CLOSE,89926373.0,,CNY
600161,XSHG,2026-09-16,12.180000305175781,12.199999809265137,11.920000076293945,12.029999732971191,11.933450698852539,RAW_CLOSE,11751173.0,,CNY
600176,XSHG,2026-09-16,47.09000015258789,48.06999969482422,45.599998474121094,47.38999938964844,47.38999938964844,RAW_CLOSE,273028812.0,,CNY
600183,XSHG,2026-09-16,151.0,157.5,147.3300018310547,154.47999572753906,154.47999572753906,RAW_CLOSE,64550860.0,,CNY
600196,XSHG,2026-09-16,21.780000686645508,21.81999969482422,21.6200008392334,21.760000228881836,21.760000228881836,RAW_CLOSE,8248030.0,,CNY
600233,XSHG,2026-09-16,17.059999465942383,17.25,16.709999084472656,16.940000534057617,16.940000534057617,RAW_CLOSE,14780751.0,,CNY
600276,XSHG,2026-09-16,43.08000183105469,43.599998474121094,42.95000076293945,43.52000045776367,43.52000045776367,RAW_CLOSE,41619539.0,,CNY
600299,XSHG,2026-09-16,8.239999771118164,8.380000114440918,8.119999885559082,8.329999923706055,8.329999923706055,RAW_CLOSE,29692687.0,,CNY
600309,XSHG,2026-09-16,73.0,73.20999908447266,69.0999984741211,70.77999877929688,70.77999877929688,RAW_CLOSE,50675875.0,,CNY
600332,XSHG,2026-09-16,19.549999237060547,19.549999237060547,19.309999465942383,19.450000762939453,19.450000762939453,RAW_CLOSE,6668000.0,,CNY
600340,XSHG,2026-09-16,1.059999942779541,1.0800000429153442,1.0499999523162842,1.0700000524520874,1.0700000524520874,RAW_CLOSE,38814104.0,,CNY
600352,XSHG,2026-09-16,11.8100004196167,11.829999923706055,11.40999984741211,11.579999923706055,11.579999923706055,RAW_CLOSE,47621983.0,,CNY
600362,XSHG,2026-09-16,43.18000030517578,44.27000045776367,42.650001525878906,44.099998474121094,44.099998474121094,RAW_CLOSE,42195601.0,,CNY
600383,XSHG,2026-09-16,2.140000104904175,2.1600000858306885,2.109999895095825,2.1500000953674316,2.1500000953674316,RAW_CLOSE,52969055.0,,CNY
600406,XSHG,2026-09-16,22.079999923706055,22.229999542236328,21.799999237060547,22.020000457763672,21.87118911743164,RAW_CLOSE,22952380.0,,CNY
600426,XSHG,2026-09-16,19.8799991607666,19.969999313354492,19.40999984741211,19.729999542236328,19.729999542236328,RAW_CLOSE,25764518.0,,CNY
600436,XSHG,2026-09-16,116.80000305175781,117.19999694824219,116.05999755859375,116.5999984741211,116.5999984741211,RAW_CLOSE,1607813.0,,CNY
600438,XSHG,2026-09-16,11.140000343322754,11.289999961853027,10.970000267028809,11.210000038146973,11.210000038146973,RAW_CLOSE,18642885.0,,CNY
600482,XSHG,2026-09-16,33.869998931884766,34.130001068115234,31.5,32.060001373291016,32.060001373291016,RAW_CLOSE,37263771.0,,CNY
600489,XSHG,2026-09-16,24.5,25.31999969482422,24.360000610351562,25.219999313354492,25.219999313354492,RAW_CLOSE,55709328.0,,CNY
600519,XSHG,2026-09-16,1273.9300537109375,1274.97998046875,1254.0999755859375,1258.0,1258.0,RAW_CLOSE,2623524.0,,CNY
600521,XSHG,2026-09-16,15.630000114440918,16.420000076293945,15.449999809265137,16.209999084472656,16.209999084472656,RAW_CLOSE,36491509.0,,CNY
600522,XSHG,2026-09-16,34.5,35.65999984741211,34.279998779296875,35.189998626708984,35.189998626708984,RAW_CLOSE,255445122.0,,CNY
600547,XSHG,2026-09-16,34.13999938964844,35.15999984741211,33.599998474121094,35.130001068115234,35.130001068115234,RAW_CLOSE,60638740.0,,CNY
600570,XSHG,2026-09-16,20.09000015258789,20.219999313354492,19.719999313354492,20.190000534057617,20.190000534057617,RAW_CLOSE,17051096.0,,CNY
600584,XSHG,2026-09-16,66.91000366210938,69.80000305175781,66.66000366210938,69.55000305175781,69.5015869140625,RAW_CLOSE,82562763.0,,CNY
600585,XSHG,2026-09-16,17.299999237060547,17.34000015258789,16.850000381469727,16.940000534057617,16.940000534057617,RAW_CLOSE,27655684.0,,CNY
600588,XSHG,2026-09-16,9.3100004196167,9.420000076293945,9.210000038146973,9.369999885559082,9.369999885559082,RAW_CLOSE,30273349.0,,CNY
600600,XSHG,2026-09-16,50.70000076293945,50.75,50.130001068115234,50.400001525878906,50.400001525878906,RAW_CLOSE,2549020.0,,CNY
600606,XSHG,2026-09-16,1.2699999809265137,1.2799999713897705,1.25,1.2799999713897705,1.2799999713897705,RAW_CLOSE,79500239.0,,CNY
600655,XSHG,2026-09-16,4.53000020980835,4.579999923706055,4.460000038146973,4.559999942779541,4.559999942779541,RAW_CLOSE,11625879.0,,CNY
600660,XSHG,2026-09-16,55.029998779296875,55.36000061035156,54.20000076293945,54.209999084472656,53.20237731933594,RAW_CLOSE,9144176.0,,CNY
600690,XSHG,2026-09-16,21.200000762939453,21.229999542236328,20.6200008392334,20.760000228881836,20.760000228881836,RAW_CLOSE,27778549.0,,CNY
600703,XSHG,2026-09-16,12.4399995803833,12.829999923706055,12.380000114440918,12.789999961853027,12.789999961853027,RAW_CLOSE,88514597.0,,CNY
600741,XSHG,2026-09-16,15.229999542236328,15.279999732971191,14.869999885559082,15.0,15.0,RAW_CLOSE,21460093.0,,CNY
600745,XSHG,2026-09-16,16.649999618530273,17.190000534057617,16.649999618530273,17.049999237060547,17.049999237060547,RAW_CLOSE,22127009.0,,CNY
600760,XSHG,2026-09-16,44.709999084472656,44.9900016784668,43.83000183105469,44.369998931884766,44.369998931884766,RAW_CLOSE,15307820.0,,CNY
600763,XSHG,2026-09-16,32.25,32.540000915527344,32.06999969482422,32.43000030517578,32.43000030517578,RAW_CLOSE,4402606.0,,CNY
600795,XSHG,2026-09-16,5.309999942779541,5.369999885559082,5.269999980926514,5.320000171661377,5.320000171661377,RAW_CLOSE,100771826.0,,CNY
600809,XSHG,2026-09-16,112.0,112.7699966430664,111.0199966430664,112.54000091552734,112.54000091552734,RAW_CLOSE,3208740.0,,CNY
600845,XSHG,2026-09-16,16.829999923706055,16.8799991607666,16.610000610351562,16.850000381469727,16.850000381469727,RAW_CLOSE,6442194.0,,CNY
600848,XSHG,2026-09-16,8.420000076293945,8.470000267028809,8.260000228881836,8.34000015258789,8.34000015258789,RAW_CLOSE,7806140.0,,CNY
600872,XSHG,2026-09-16,17.799999237060547,17.799999237060547,17.489999771118164,17.549999237060547,17.549999237060547,RAW_CLOSE,12359010.0,,CNY
600887,XSHG,2026-09-16,26.260000228881836,26.299999237060547,25.860000610351562,26.100000381469727,26.100000381469727,RAW_CLOSE,41230397.0,,CNY
600893,XSHG,2026-09-16,39.560001373291016,39.959999084472656,39.189998626708984,39.70000076293945,39.70000076293945,RAW_CLOSE,24547535.0,,CNY
600900,XSHG,2026-09-16,28.459999084472656,28.579999923706055,28.25,28.459999084472656,28.459999084472656,RAW_CLOSE,57665574.0,,CNY
600918,XSHG,2026-09-16,5.420000076293945,5.480000019073486,5.340000152587891,5.460000038146973,5.460000038146973,RAW_CLOSE,22240287.0,,CNY
600919,XSHG,2026-09-16,12.350000381469727,12.449999809265137,12.069999694824219,12.15999984741211,12.15999984741211,RAW_CLOSE,122670039.0,,CNY
600926,XSHG,2026-09-16,17.329999923706055,17.450000762939453,17.049999237060547,17.209999084472656,16.750532150268555,RAW_CLOSE,41360391.0,,CNY
600958,XSHG,2026-09-16,8.800000190734863,8.859999656677246,8.710000038146973,8.819999694824219,8.819999694824219,RAW_CLOSE,42045818.0,,CNY
600989,XSHG,2026-09-16,24.59000015258789,24.690000534057617,23.809999465942383,24.059999465942383,24.059999465942383,RAW_CLOSE,57031704.0,,CNY
600999,XSHG,2026-09-16,17.200000762939453,17.389999389648438,17.020000457763672,17.31999969482422,17.31999969482422,RAW_CLOSE,32431578.0,,CNY
601006,XSHG,2026-09-16,4.769999980926514,4.769999980926514,4.699999809265137,4.71999979019165,4.71999979019165,RAW_CLOSE,104214863.0,,CNY
601009,XSHG,2026-09-16,12.15999984741211,12.1899995803833,11.84000015258789,11.9399995803833,11.9399995803833,RAW_CLOSE,53986052.0,,CNY
601012,XSHG,2026-09-16,11.010000228881836,11.069999694824219,10.880000114440918,11.0,11.0,RAW_CLOSE,73360788.0,,CNY
601021,XSHG,2026-09-16,42.349998474121094,42.439998626708984,41.630001068115234,41.75,41.42149353027344,RAW_CLOSE,3675375.0,,CNY
601066,XSHG,2026-09-16,23.420000076293945,23.639999389648438,23.139999389648438,23.559999465942383,23.559999465942383,RAW_CLOSE,11422000.0,,CNY
601077,XSHG,2026-09-16,6.650000095367432,6.679999828338623,6.53000020980835,6.579999923706055,6.579999923706055,RAW_CLOSE,59930040.0,,CNY
601088,XSHG,2026-09-16,46.93000030517578,47.18000030517578,46.25,47.099998474121094,47.099998474121094,RAW_CLOSE,19917107.0,,CNY
601100,XSHG,2026-09-16,97.87000274658203,98.01000213623047,90.19999694824219,92.5999984741211,92.5999984741211,RAW_CLOSE,28573499.0,,CNY
601108,XSHG,2026-09-16,8.149999618530273,8.470000267028809,8.0600004196167,8.399999618530273,8.399999618530273,RAW_CLOSE,68592869.0,,CNY
601111,XSHG,2026-09-16,5.769999980926514,5.78000020980835,5.679999828338623,5.739999771118164,5.739999771118164,RAW_CLOSE,48007628.0,,CNY
601138,XSHG,2026-09-16,60.790000915527344,62.97999954223633,60.400001525878906,62.33000183105469,62.33000183105469,RAW_CLOSE,69668519.0,,CNY
601155,XSHG,2026-09-16,11.279999732971191,11.300000190734863,10.90999984741211,11.210000038146973,11.210000038146973,RAW_CLOSE,16580416.0,,CNY
601162,XSHG,2026-09-16,3.549999952316284,3.630000114440918,3.509999990463257,3.609999895095825,3.609999895095825,RAW_CLOSE,111830182.0,,CNY
601166,XSHG,2026-09-16,17.93000030517578,17.969999313354492,17.719999313354492,17.799999237060547,17.799999237060547,RAW_CLOSE,62935637.0,,CNY
601169,XSHG,2026-09-16,5.639999866485596,5.670000076293945,5.559999942779541,5.599999904632568,5.599999904632568,RAW_CLOSE,154194457.0,,CNY
601186,XSHG,2026-09-16,6.0,6.019999980926514,5.940000057220459,6.0,6.0,RAW_CLOSE,32555580.0,,CNY
601211,XSHG,2026-09-16,17.520000457763672,17.59000015258789,17.309999465942383,17.5,17.5,RAW_CLOSE,40981499.0,,CNY
601216,XSHG,2026-09-16,4.699999809265137,4.71999979019165,4.659999847412109,4.699999809265137,4.699999809265137,RAW_CLOSE,40279700.0,,CNY
601225,XSHG,2026-09-16,25.84000015258789,26.059999465942383,25.399999618530273,25.690000534057617,25.690000534057617,RAW_CLOSE,24770920.0,,CNY
601229,XSHG,2026-09-16,9.670000076293945,9.720000267028809,9.550000190734863,9.609999656677246,9.609999656677246,RAW_CLOSE,38091536.0,,CNY
601231,XSHG,2026-09-16,24.81999969482422,26.559999465942383,24.65999984741211,26.190000534057617,26.190000534057617,RAW_CLOSE,50267797.0,,CNY
601236,XSHG,2026-09-16,6.739999771118164,6.800000190734863,6.670000076293945,6.760000228881836,6.710000038146973,RAW_CLOSE,9236340.0,,CNY
601238,XSHG,2026-09-16,5.090000152587891,5.090000152587891,5.090000152587891,5.090000152587891,5.090000152587891,RAW_CLOSE,0.0,,CNY
601288,XSHG,2026-09-16,6.880000114440918,6.929999828338623,6.829999923706055,6.880000114440918,6.880000114440918,RAW_CLOSE,208287793.0,,CNY
601318,XSHG,2026-09-16,53.88999938964844,54.15999984741211,53.099998474121094,53.5099983215332,53.5099983215332,RAW_CLOSE,56030812.0,,CNY
601319,XSHG,2026-09-16,7.71999979019165,7.789999961853027,7.619999885559082,7.71999979019165,7.71999979019165,RAW_CLOSE,62196126.0,,CNY
601328,XSHG,2026-09-16,7.559999942779541,7.610000133514404,7.5,7.579999923706055,7.579999923706055,RAW_CLOSE,142087650.0,,CNY
601336,XSHG,2026-09-16,57.630001068115234,57.7400016784668,56.77000045776367,57.459999084472656,57.459999084472656,RAW_CLOSE,10930172.0,,CNY
601360,XSHG,2026-09-16,8.949999809265137,8.989999771118164,8.729999542236328,8.779999732971191,8.73138427734375,RAW_CLOSE,116965116.0,,CNY
601377,XSHG,2026-09-16,5.789999961853027,5.920000076293945,5.75,5.909999847412109,5.909999847412109,RAW_CLOSE,84079927.0,,CNY
601390,XSHG,2026-09-16,4.320000171661377,4.329999923706055,4.239999771118164,4.28000020980835,4.28000020980835,RAW_CLOSE,77228444.0,,CNY
601398,XSHG,2026-09-16,8.119999885559082,8.15999984741211,8.039999961853027,8.109999656677246,8.109999656677246,RAW_CLOSE,227092480.0,,CNY
601555,XSHG,2026-09-16,8.380000114440918,8.420000076293945,8.289999961853027,8.390000343322754,8.390000343322754,RAW_CLOSE,26307351.0,,CNY
601600,XSHG,2026-09-16,9.1899995803833,9.329999923706055,8.949999809265137,9.3100004196167,9.3100004196167,RAW_CLOSE,172093392.0,,CNY
601601,XSHG,2026-09-16,32.54999923706055,32.70000076293945,31.8700008392334,32.02000045776367,32.02000045776367,RAW_CLOSE,27711921.0,,CNY
601607,XSHG,2026-09-16,16.209999084472656,16.219999313354492,16.020000457763672,16.15999984741211,16.059999465942383,RAW_CLOSE,8385960.0,,CNY
601618,XSHG,2026-09-16,2.559999942779541,2.569999933242798,2.4800000190734863,2.509999990463257,2.509999990463257,RAW_CLOSE,120438737.0,,CNY
601628,XSHG,2026-09-16,37.56999969482422,37.650001525878906,37.08000183105469,37.25,37.25,RAW_CLOSE,17510983.0,,CNY
601633,XSHG,2026-09-16,14.550000190734863,14.550000190734863,14.140000343322754,14.229999542236328,14.229999542236328,RAW_CLOSE,19012900.0,,CNY
601658,XSHG,2026-09-16,5.369999885559082,5.400000095367432,5.329999923706055,5.389999866485596,5.389999866485596,RAW_CLOSE,140934352.0,,CNY
601668,XSHG,2026-09-16,4.28000020980835,4.289999961853027,4.21999979019165,4.239999771118164,4.239999771118164,RAW_CLOSE,204044939.0,,CNY
601669,XSHG,2026-09-16,4.539999961853027,4.539999961853027,4.5,4.53000020980835,4.53000020980835,RAW_CLOSE,53554047.0,,CNY
601688,XSHG,2026-09-16,18.540000915527344,18.600000381469727,18.270000457763672,18.479999542236328,18.479999542236328,RAW_CLOSE,41851600.0,,CNY
601696,XSHG,2026-09-16,11.140000343322754,11.34000015258789,11.039999961853027,11.270000457763672,11.270000457763672,RAW_CLOSE,22364731.0,,CNY
601698,XSHG,2026-09-16,23.600000381469727,24.040000915527344,23.520000457763672,23.950000762939453,23.950000762939453,RAW_CLOSE,15443827.0,,CNY
601727,XSHG,2026-09-16,6.449999809265137,6.449999809265137,6.369999885559082,6.429999828338623,6.429999828338623,RAW_CLOSE,38971875.0,,CNY
601766,XSHG,2026-09-16,6.03000020980835,6.039999961853027,5.909999847412109,5.960000038146973,5.960000038146973,RAW_CLOSE,136973851.0,,CNY
601788,XSHG,2026-09-16,13.800000190734863,13.970000267028809,13.670000076293945,13.920000076293945,13.920000076293945,RAW_CLOSE,12441530.0,,CNY
601799,XSHG,2026-09-16,72.23999786376953,72.23999786376953,70.80000305175781,70.98999786376953,70.98999786376953,RAW_CLOSE,4737723.0,,CNY
601800,XSHG,2026-09-16,5.829999923706055,5.849999904632568,5.75,5.800000190734863,5.800000190734863,RAW_CLOSE,26737900.0,,CNY
601808,XSHG,2026-09-16,12.319999694824219,12.489999771118164,12.210000038146973,12.40999984741211,12.40999984741211,RAW_CLOSE,12656225.0,,CNY
601816,XSHG,2026-09-16,4.800000190734863,4.800000190734863,4.730000019073486,4.739999771118164,4.739999771118164,RAW_CLOSE,108858900.0,,CNY
601818,XSHG,2026-09-16,3.0299999713897705,3.059999942779541,3.009999990463257,3.049999952316284,3.049999952316284,RAW_CLOSE,207083478.0,,CNY
601838,XSHG,2026-09-16,20.030000686645508,20.149999618530273,19.729999542236328,19.8700008392334,19.37976837158203,RAW_CLOSE,19173402.0,,CNY
601857,XSHG,2026-09-16,10.920000076293945,10.960000038146973,10.720000267028809,10.8100004196167,10.8100004196167,RAW_CLOSE,113251304.0,,CNY
601872,XSHG,2026-09-16,20.799999237060547,21.100000381469727,19.450000762939453,19.860000610351562,19.860000610351562,RAW_CLOSE,147408655.0,,CNY
601877,XSHG,2026-09-16,24.829999923706055,24.989999771118164,24.479999542236328,24.729999542236328,24.729999542236328,RAW_CLOSE,11799750.0,,CNY
601878,XSHG,2026-09-16,8.989999771118164,9.079999923706055,8.9399995803833,9.039999961853027,9.039999961853027,RAW_CLOSE,15856510.0,,CNY
601881,XSHG,2026-09-16,12.100000381469727,12.170000076293945,11.970000267028809,12.130000114440918,12.130000114440918,RAW_CLOSE,21290702.0,,CNY
601888,XSHG,2026-09-16,50.959999084472656,51.2599983215332,50.61000061035156,51.20000076293945,51.20000076293945,RAW_CLOSE,12198991.0,,CNY
601899,XSHG,2026-09-16,31.770000457763672,32.470001220703125,31.15999984741211,32.16999816894531,32.16999816894531,RAW_CLOSE,189636832.0,,CNY
601901,XSHG,2026-09-16,6.789999961853027,6.869999885559082,6.760000228881836,6.829999923706055,6.829999923706055,RAW_CLOSE,39862036.0,,CNY
601916,XSHG,2026-09-16,2.940000057220459,2.950000047683716,2.9100000858306885,2.930000066757202,2.930000066757202,RAW_CLOSE,120869370.0,,CNY
601919,XSHG,2026-09-16,16.309999465942383,16.43000030517578,16.219999313354492,16.3799991607666,16.3799991607666,RAW_CLOSE,95065342.0,,CNY
601933,XSHG,2026-09-16,2.9800000190734863,3.0,2.940000057220459,2.990000009536743,2.990000009536743,RAW_CLOSE,79744441.0,,CNY
601939,XSHG,2026-09-16,10.899999618530273,10.960000038146973,10.760000228881836,10.850000381469727,10.850000381469727,RAW_CLOSE,79870288.0,,CNY
601985,XSHG,2026-09-16,9.020000457763672,9.15999984741211,8.989999771118164,9.100000381469727,9.100000381469727,RAW_CLOSE,105532098.0,,CNY
601988,XSHG,2026-09-16,6.559999942779541,6.599999904632568,6.480000019073486,6.559999942779541,6.559999942779541,RAW_CLOSE,179649196.0,,CNY
601990,XSHG,2026-09-16,6.630000114440918,6.690000057220459,6.570000171661377,6.670000076293945,6.670000076293945,RAW_CLOSE,13322090.0,,CNY
601995,XSHG,2026-09-16,31.799999237060547,31.799999237060547,31.799999237060547,31.799999237060547,31.799999237060547,RAW_CLOSE,0.0,,CNY
601998,XSHG,2026-09-16,9.0,9.039999961853027,8.800000190734863,8.869999885559082,8.869999885559082,RAW_CLOSE,51475197.0,,CNY
603019,XSHG,2026-09-16,81.94999694824219,83.31999969482422,81.58000183105469,83.30000305175781,83.30000305175781,RAW_CLOSE,20994083.0,,CNY
603087,XSHG,2026-09-16,68.87999725341797,69.66000366210938,68.4000015258789,68.94999694824219,68.94999694824219,RAW_CLOSE,4001893.0,,CNY
603160,XSHG,2026-09-16,51.849998474121094,53.72999954223633,51.38999938964844,53.70000076293945,53.70000076293945,RAW_CLOSE,5375244.0,,CNY
603195,XSHG,2026-09-16,38.29999923706055,38.36000061035156,37.599998474121094,38.08000183105469,38.08000183105469,RAW_CLOSE,3611085.0,,CNY
603233,XSHG,2026-09-16,18.31999969482422,18.440000534057617,18.040000915527344,18.219999313354492,18.219999313354492,RAW_CLOSE,5514199.0,,CNY
603259,XSHG,2026-09-16,156.1300048828125,160.99000549316406,155.10000610351562,157.7100067138672,157.7100067138672,RAW_CLOSE,31047040.0,,CNY
603288,XSHG,2026-09-16,34.08000183105469,34.09000015258789,33.56999969482422,33.93000030517578,33.93000030517578,RAW_CLOSE,9671474.0,,CNY
603338,XSHG,2026-09-16,56.33000183105469,56.93000030517578,53.91999816894531,54.90999984741211,54.90999984741211,RAW_CLOSE,4865359.0,,CNY
603369,XSHG,2026-09-16,28.43000030517578,28.65999984741211,27.520000457763672,27.780000686645508,27.780000686645508,RAW_CLOSE,11205288.0,,CNY
603392,XSHG,2026-09-16,25.399999618530273,25.43000030517578,24.700000762939453,25.1200008392334,25.1200008392334,RAW_CLOSE,5852591.0,,CNY
603501,XSHG,2026-09-16,77.43000030517578,78.6500015258789,76.81999969482422,78.4000015258789,78.4000015258789,RAW_CLOSE,9384137.0,,CNY
603517,XSHG,2026-09-16,11.460000038146973,11.529999732971191,11.180000305175781,11.430000305175781,11.430000305175781,RAW_CLOSE,6720600.0,,CNY
603658,XSHG,2026-09-16,31.719999313354492,32.29999923706055,31.360000610351562,31.90999984741211,31.90999984741211,RAW_CLOSE,1967252.0,,CNY
603659,XSHG,2026-09-16,22.3700008392334,22.670000076293945,21.81999969482422,22.399999618530273,22.399999618530273,RAW_CLOSE,23408013.0,,CNY
603799,XSHG,2026-09-16,35.040000915527344,35.540000915527344,34.45000076293945,35.369998931884766,35.369998931884766,RAW_CLOSE,40893743.0,,CNY
603806,XSHG,2026-09-16,14.289999961853027,14.390000343322754,14.020000457763672,14.319999694824219,14.319999694824219,RAW_CLOSE,16964368.0,,CNY
603833,XSHG,2026-09-16,29.200000762939453,29.3799991607666,28.549999237060547,28.81999969482422,28.81999969482422,RAW_CLOSE,2605962.0,,CNY
603882,XSHG,2026-09-16,26.950000762939453,27.31999969482422,26.68000030517578,27.15999984741211,27.15999984741211,RAW_CLOSE,4776800.0,,CNY
603899,XSHG,2026-09-16,22.18000030517578,22.18000030517578,21.65999984741211,21.760000228881836,21.760000228881836,RAW_CLOSE,3373463.0,,CNY
603939,XSHG,2026-09-16,22.68000030517578,22.690000534057617,22.31999969482422,22.610000610351562,22.610000610351562,RAW_CLOSE,5242924.0,,CNY
603986,XSHG,2026-09-16,366.1099853515625,374.3800048828125,360.9599914550781,373.1400146484375,373.1400146484375,RAW_CLOSE,26870695.0,,CNY
603993,XSHG,2026-09-16,17.65999984741211,17.959999084472656,17.399999618530273,17.84000015258789,17.84000015258789,RAW_CLOSE,128116329.0,,CNY
688008,XSHG,2026-09-16,188.3000030517578,200.4600067138672,187.3800048828125,199.88999938964844,199.88999938964844,RAW_CLOSE,35064294.0,,CNY
688009,XSHG,2026-09-16,4.630000114440918,4.659999847412109,4.559999942779541,4.630000114440918,4.630000114440918,RAW_CLOSE,26779343.0,,CNY
688012,XSHG,2026-09-16,334.19000244140625,358.3399963378906,329.1000061035156,352.6000061035156,352.6000061035156,RAW_CLOSE,21621295.0,,CNY
688036,XSHG,2026-09-16,51.63999938964844,52.45000076293945,51.060001373291016,52.40999984741211,52.40999984741211,RAW_CLOSE,7061354.0,,CNY
688111,XSHG,2026-09-16,224.0800018310547,224.77999877929688,220.0500030517578,222.80999755859375,222.80999755859375,RAW_CLOSE,4482345.0,,CNY
688126,XSHG,2026-09-16,21.8700008392334,23.959999084472656,21.84000015258789,23.809999465942383,23.809999465942383,RAW_CLOSE,91617642.0,,CNY
688169,XSHG,2026-09-16,123.33000183105469,123.66999816894531,118.58999633789062,120.0199966430664,120.0199966430664,RAW_CLOSE,4972827.0,,CNY
688363,XSHG,2026-09-16,33.93000030517578,34.279998779296875,33.54999923706055,34.15999984741211,34.15999984741211,RAW_CLOSE,1317201.0,,CNY
688396,XSHG,2026-09-16,55.34000015258789,58.349998474121094,55.0,57.86000061035156,57.86000061035156,RAW_CLOSE,16545802.0,,CNY
000001,XSHE,2026-09-17,11.680000305175781,11.739999771118164,11.569999694824219,11.609999656677246,11.360784530639648,RAW_CLOSE,69192535.0,,CNY
000002,XSHE,2026-09-17,3.009999990463257,3.0299999713897705,3.0,3.0199999809265137,3.0199999809265137,RAW_CLOSE,55328976.0,,CNY
000063,XSHE,2026-09-17,32.11000061035156,32.25,31.809999465942383,31.8700008392334,31.8700008392334,RAW_CLOSE,51128262.0,,CNY
000066,XSHE,2026-09-17,13.970000267028809,14.119999885559082,13.859999656677246,13.869999885559082,13.869999885559082,RAW_CLOSE,48262810.0,,CNY
000069,XSHE,2026-09-17,1.7400000095367432,1.7699999809265137,1.7300000190734863,1.7699999809265137,1.7699999809265137,RAW_CLOSE,28675180.0,,CNY
000100,XSHE,2026-09-17,4.730000019073486,4.900000095367432,4.730000019073486,4.829999923706055,4.829999923706055,RAW_CLOSE,585666466.0,,CNY
000157,XSHE,2026-09-17,6.190000057220459,6.230000019073486,6.119999885559082,6.159999847412109,6.159999847412109,RAW_CLOSE,37800231.0,,CNY
000166,XSHE,2026-09-17,4.380000114440918,4.409999847412109,4.360000133514404,4.369999885559082,4.369999885559082,RAW_CLOSE,42779905.0,,CNY
000333,XSHE,2026-09-17,85.25,85.27999877929688,84.16000366210938,85.04000091552734,85.04000091552734,RAW_CLOSE,18013445.0,,CNY
000338,XSHE,2026-09-17,26.790000915527344,27.170000076293945,26.3700008392334,26.649999618530273,26.649999618530273,RAW_CLOSE,131599016.0,,CNY
000425,XSHE,2026-09-17,7.53000020980835,7.679999828338623,7.449999809265137,7.539999961853027,7.539999961853027,RAW_CLOSE,108044892.0,,CNY
000538,XSHE,2026-09-17,50.75,51.619998931884766,50.70000076293945,51.38999938964844,50.35139465332031,RAW_CLOSE,9620768.0,,CNY
000568,XSHE,2026-09-17,72.06999969482422,72.5999984741211,71.29000091552734,71.6500015258789,71.6500015258789,RAW_CLOSE,5504592.0,,CNY
000596,XSHE,2026-09-17,92.5,92.73999786376953,91.51000213623047,92.5,92.5,RAW_CLOSE,1821597.0,,CNY
000625,XSHE,2026-09-17,7.090000152587891,7.199999809265137,7.050000190734863,7.150000095367432,7.150000095367432,RAW_CLOSE,44555593.0,,CNY
000651,XSHE,2026-09-17,38.0,38.2599983215332,37.93000030517578,37.97999954223633,37.97999954223633,RAW_CLOSE,27048315.0,,CNY
000656,XSHE,2026-09-17,1.1799999475479126,1.2300000190734863,1.1699999570846558,1.2200000286102295,1.2200000286102295,RAW_CLOSE,210345954.0,,CNY
000661,XSHE,2026-09-17,70.69999694824219,73.63999938964844,70.69999694824219,72.33000183105469,72.33000183105469,RAW_CLOSE,4273014.0,,CNY
000703,XSHE,2026-09-17,17.1299991607666,17.920000076293945,17.049999237060547,17.729999542236328,16.829999923706055,RAW_CLOSE,66969296.0,,CNY
000708,XSHE,2026-09-17,13.180000305175781,13.329999923706055,13.029999732971191,13.100000381469727,13.100000381469727,RAW_CLOSE,9230256.0,,CNY
000725,XSHE,2026-09-17,5.420000076293945,5.809999942779541,5.420000076293945,5.75,5.75,RAW_CLOSE,2321829628.0,,CNY
000728,XSHE,2026-09-17,7.5,7.539999961853027,7.429999828338623,7.440000057220459,7.440000057220459,RAW_CLOSE,14450693.0,,CNY
000768,XSHE,2026-09-17,22.350000381469727,22.68000030517578,22.190000534057617,22.219999313354492,22.219999313354492,RAW_CLOSE,15057887.0,,CNY
000776,XSHE,2026-09-17,20.100000381469727,20.360000610351562,19.950000762939453,20.020000457763672,20.020000457763672,RAW_CLOSE,36259798.0,,CNY
000783,XSHE,2026-09-17,8.329999923706055,8.4399995803833,8.279999732971191,8.289999961853027,8.289999961853027,RAW_CLOSE,49674259.0,,CNY
000786,XSHE,2026-09-17,15.739999771118164,15.819999694824219,15.609999656677246,15.710000038146973,15.710000038146973,RAW_CLOSE,11873882.0,,CNY
000800,XSHE,2026-09-17,5.909999847412109,5.989999771118164,5.900000095367432,5.96999979019165,5.96999979019165,RAW_CLOSE,10107984.0,,CNY
000858,XSHE,2026-09-17,69.01000213623047,69.2699966430664,68.87000274658203,69.12999725341797,69.12999725341797,RAW_CLOSE,11786561.0,,CNY
000860,XSHE,2026-09-17,10.239999771118164,10.25,10.119999885559082,10.149999618530273,10.149999618530273,RAW_CLOSE,5482996.0,,CNY
000876,XSHE,2026-09-17,7.159999847412109,7.25,7.119999885559082,7.210000038146973,7.210000038146973,RAW_CLOSE,34288730.0,,CNY
000895,XSHE,2026-09-17,23.209999084472656,23.3700008392334,23.170000076293945,23.31999969482422,23.31999969482422,RAW_CLOSE,4987950.0,,CNY
000938,XSHE,2026-09-17,33.599998474121094,33.97999954223633,32.70000076293945,32.79999923706055,32.79999923706055,RAW_CLOSE,136892358.0,,CNY
000963,XSHE,2026-09-17,26.200000762939453,26.40999984741211,26.110000610351562,26.149999618530273,25.799999237060547,RAW_CLOSE,7310770.0,,CNY
000977,XSHE,2026-09-17,70.45999908447266,71.25,69.5199966430664,69.80999755859375,69.80999755859375,RAW_CLOSE,50430743.0,,CNY
001979,XSHE,2026-09-17,6.690000057220459,6.730000019073486,6.599999904632568,6.670000076293945,6.670000076293945,RAW_CLOSE,60870717.0,,CNY
002001,XSHE,2026-09-17,26.1299991607666,26.479999542236328,26.059999465942383,26.40999984741211,26.40999984741211,RAW_CLOSE,13708052.0,,CNY
002007,XSHE,2026-09-17,12.710000038146973,12.84000015258789,12.680000305175781,12.75,12.75,RAW_CLOSE,6137400.0,,CNY
002008,XSHE,2026-09-17,95.61000061035156,98.4000015258789,94.4000015258789,94.80999755859375,94.80999755859375,RAW_CLOSE,37979089.0,,CNY
002024,XSHE,2026-09-17,1.159999966621399,1.159999966621399,1.149999976158142,1.149999976158142,1.149999976158142,RAW_CLOSE,10532251.0,,CNY
002027,XSHE,2026-09-17,4.670000076293945,4.679999828338623,4.639999866485596,4.659999847412109,4.659999847412109,RAW_CLOSE,77151358.0,,CNY
002032,XSHE,2026-09-17,39.45000076293945,40.04999923706055,39.45000076293945,39.9900016784668,39.9900016784668,RAW_CLOSE,1300981.0,,CNY
002044,XSHE,2026-09-17,4.309999942779541,4.400000095367432,4.300000190734863,4.329999923706055,4.329999923706055,RAW_CLOSE,53501024.0,,CNY
002049,XSHE,2026-09-17,60.02000045776367,60.54999923706055,59.66999816894531,59.75,59.75,RAW_CLOSE,7934302.0,,CNY
002050,XSHE,2026-09-17,33.5,34.849998474121094,33.45000076293945,34.63999938964844,34.63999938964844,RAW_CLOSE,55969068.0,,CNY
002120,XSHE,2026-09-17,6.670000076293945,6.849999904632568,6.650000095367432,6.840000152587891,6.840000152587891,RAW_CLOSE,29760060.0,,CNY
002129,XSHE,2026-09-17,8.779999732971191,8.859999656677246,8.619999885559082,8.619999885559082,8.619999885559082,RAW_CLOSE,64999040.0,,CNY
002142,XSHE,2026-09-17,34.27000045776367,34.70000076293945,33.869998931884766,34.59000015258789,34.59000015258789,RAW_CLOSE,34306102.0,,CNY
002153,XSHE,2026-09-17,7.460000038146973,7.599999904632568,7.460000038146973,7.53000020980835,7.53000020980835,RAW_CLOSE,8071436.0,,CNY
002157,XSHE,2026-09-17,3.0299999713897705,3.049999952316284,2.9700000286102295,3.0199999809265137,3.0199999809265137,RAW_CLOSE,161872547.0,,CNY
002179,XSHE,2026-09-17,34.689998626708984,35.439998626708984,34.599998474121094,34.779998779296875,34.779998779296875,RAW_CLOSE,14775148.0,,CNY
002202,XSHE,2026-09-17,17.969999313354492,18.549999237060547,17.709999084472656,18.219999313354492,18.219999313354492,RAW_CLOSE,136168516.0,,CNY
002230,XSHE,2026-09-17,38.77000045776367,38.9900016784668,38.31999969482422,38.34000015258789,38.34000015258789,RAW_CLOSE,16881347.0,,CNY
002236,XSHE,2026-09-17,15.609999656677246,15.720000267028809,15.609999656677246,15.6899995803833,15.6899995803833,RAW_CLOSE,10235802.0,,CNY
002241,XSHE,2026-09-17,21.309999465942383,22.350000381469727,21.309999465942383,22.280000686645508,22.280000686645508,RAW_CLOSE,60182965.0,,CNY
002252,XSHE,2026-09-17,4.860000133514404,4.940000057220459,4.840000152587891,4.900000095367432,4.900000095367432,RAW_CLOSE,34146741.0,,CNY
002271,XSHE,2026-09-17,10.079999923706055,10.239999771118164,10.020000457763672,10.109999656677246,10.109999656677246,RAW_CLOSE,22024318.0,,CNY
002304,XSHE,2026-09-17,37.779998779296875,38.11000061035156,37.68000030517578,37.95000076293945,37.95000076293945,RAW_CLOSE,2083800.0,,CNY
002311,XSHE,2026-09-17,42.29999923706055,42.349998474121094,41.880001068115234,42.150001525878906,42.150001525878906,RAW_CLOSE,6359615.0,,CNY
002352,XSHE,2026-09-17,30.260000228881836,30.809999465942383,30.06999969482422,30.75,30.75,RAW_CLOSE,17085063.0,,CNY
002371,XSHE,2026-09-17,662.0,677.7000122070312,656.0,665.5,665.5,RAW_CLOSE,7363781.0,,CNY
002384,XSHE,2026-09-17,192.0,199.3699951171875,190.00999450683594,193.52999877929688,193.52999877929688,RAW_CLOSE,59336126.0,,CNY
002410,XSHE,2026-09-17,8.350000381469727,8.479999542236328,8.329999923706055,8.430000305175781,8.430000305175781,RAW_CLOSE,15522481.0,,CNY
002414,XSHE,2026-09-17,12.15999984741211,12.279999732971191,12.109999656677246,12.15999984741211,12.061777114868164,RAW_CLOSE,27583274.0,,CNY
002415,XSHE,2026-09-17,32.560001373291016,32.66999816894531,32.29999923706055,32.45000076293945,32.45000076293945,RAW_CLOSE,33120097.0,,CNY
002456,XSHE,2026-09-17,6.929999828338623,7.090000152587891,6.900000095367432,7.0,7.0,RAW_CLOSE,56961988.0,,CNY
002460,XSHE,2026-09-17,45.70000076293945,46.15999984741211,45.18000030517578,45.90999984741211,45.90999984741211,RAW_CLOSE,24395160.0,,CNY
002463,XSHE,2026-09-17,127.80000305175781,129.36000061035156,123.29000091552734,123.4800033569336,123.4800033569336,RAW_CLOSE,44446488.0,,CNY
002475,XSHE,2026-09-17,52.38999938964844,53.060001373291016,52.0099983215332,52.130001068115234,52.130001068115234,RAW_CLOSE,59050579.0,,CNY
002493,XSHE,2026-09-17,12.930000305175781,13.119999885559082,12.649999618530273,12.930000305175781,12.930000305175781,RAW_CLOSE,47098572.0,,CNY
002508,XSHE,2026-09-17,16.440000534057617,16.649999618530273,15.970000267028809,16.110000610351562,16.110000610351562,RAW_CLOSE,9476859.0,,CNY
002555,XSHE,2026-09-17,17.350000381469727,17.459999084472656,17.299999237060547,17.40999984741211,17.40999984741211,RAW_CLOSE,11256508.0,,CNY
002558,XSHE,2026-09-17,24.68000030517578,24.979999542236328,24.559999465942383,24.809999465942383,24.009353637695312,RAW_CLOSE,30709995.0,,CNY
002594,XSHE,2026-09-17,83.80000305175781,85.55999755859375,83.11000061035156,84.97000122070312,84.97000122070312,RAW_CLOSE,26147894.0,,CNY
002600,XSHE,2026-09-17,12.430000305175781,12.640000343322754,12.430000305175781,12.470000267028809,12.470000267028809,RAW_CLOSE,71579459.0,,CNY
002601,XSHE,2026-09-17,14.680000305175781,15.109999656677246,14.640000343322754,15.039999961853027,15.039999961853027,RAW_CLOSE,13826023.0,,CNY
002602,XSHE,2026-09-17,14.539999961853027,14.779999732971191,14.420000076293945,14.539999961853027,14.458884239196777,RAW_CLOSE,54426747.0,,CNY
002607,XSHE,2026-09-17,1.8799999952316284,1.909999966621399,1.8799999952316284,1.909999966621399,1.909999966621399,RAW_CLOSE,83073900.0,,CNY
002624,XSHE,2026-09-17,9.800000190734863,9.960000038146973,9.770000457763672,9.890000343322754,9.890000343322754,RAW_CLOSE,32390321.0,,CNY
002673,XSHE,2026-09-17,6.699999809265137,6.75,6.670000076293945,6.730000019073486,6.730000019073486,RAW_CLOSE,19267265.0,,CNY
002714,XSHE,2026-09-17,41.0,41.540000915527344,40.63999938964844,41.279998779296875,41.279998779296875,RAW_CLOSE,30625727.0,,CNY
002736,XSHE,2026-09-17,9.829999923706055,9.880000114440918,9.75,9.75,9.75,RAW_CLOSE,15591244.0,,CNY
002739,XSHE,2026-09-17,8.460000038146973,8.5600004196167,8.380000114440918,8.470000267028809,8.470000267028809,RAW_CLOSE,33394400.0,,CNY
002773,XSHE,2026-09-17,19.15999984741211,19.329999923706055,19.100000381469727,19.260000228881836,19.260000228881836,RAW_CLOSE,2946265.0,,CNY
002812,XSHE,2026-09-17,47.36000061035156,48.349998474121094,47.36000061035156,47.900001525878906,47.900001525878906,RAW_CLOSE,11056700.0,,CNY
002821,XSHE,2026-09-17,185.0,190.3000030517578,181.17999267578125,186.22999572753906,186.22999572753906,RAW_CLOSE,11972144.0,,CNY
002841,XSHE,2026-09-17,47.38999938964844,47.93000030517578,46.79999923706055,46.95000076293945,46.95000076293945,RAW_CLOSE,4658928.0,,CNY
002916,XSHE,2026-09-17,394.4599914550781,397.2699890136719,382.260009765625,383.67999267578125,383.67999267578125,RAW_CLOSE,7245190.0,,CNY
002938,XSHE,2026-09-17,89.5,92.94999694824219,89.19999694824219,90.70999908447266,90.70999908447266,RAW_CLOSE,24776777.0,,CNY
002939,XSHE,2026-09-17,7.829999923706055,7.860000133514404,7.789999961853027,7.789999961853027,7.789999961853027,RAW_CLOSE,9020306.0,,CNY
002945,XSHE,2026-09-17,13.90999984741211,14.029999732971191,13.8100004196167,13.850000381469727,13.850000381469727,RAW_CLOSE,7446927.0,,CNY
003816,XSHE,2026-09-17,4.28000020980835,4.289999961853027,4.21999979019165,4.25,4.25,RAW_CLOSE,88459136.0,,CNY
300003,XSHE,2026-09-17,11.300000190734863,11.420000076293945,11.260000228881836,11.279999732971191,11.279999732971191,RAW_CLOSE,10180200.0,,CNY
300014,XSHE,2026-09-17,48.0099983215332,48.599998474121094,48.0099983215332,48.22999954223633,48.22999954223633,RAW_CLOSE,18186992.0,,CNY
300015,XSHE,2026-09-17,7.989999771118164,8.020000457763672,7.940000057220459,7.949999809265137,7.949999809265137,RAW_CLOSE,30193341.0,,CNY
300033,XSHE,2026-09-17,205.0,206.5,200.88999938964844,201.0399932861328,200.84886169433594,RAW_CLOSE,9895789.0,,CNY
300059,XSHE,2026-09-17,18.270000457763672,18.3799991607666,18.06999969482422,18.09000015258789,18.09000015258789,RAW_CLOSE,131570774.0,,CNY
300122,XSHE,2026-09-17,12.270000457763672,12.579999923706055,12.229999542236328,12.350000381469727,12.350000381469727,RAW_CLOSE,20251821.0,,CNY
300124,XSHE,2026-09-17,51.0,51.68000030517578,50.619998931884766,51.59000015258789,51.59000015258789,RAW_CLOSE,29975119.0,,CNY
300136,XSHE,2026-09-17,57.900001525878906,59.20000076293945,57.220001220703125,57.619998931884766,57.619998931884766,RAW_CLOSE,28150887.0,,CNY
300142,XSHE,2026-09-17,12.850000381469727,13.289999961853027,12.829999923706055,13.069999694824219,13.069999694824219,RAW_CLOSE,53226135.0,,CNY
300144,XSHE,2026-09-17,5.699999809265137,5.769999980926514,5.690000057220459,5.730000019073486,5.730000019073486,RAW_CLOSE,19468900.0,,CNY
300274,XSHE,2026-09-17,84.55999755859375,85.95999908447266,84.05999755859375,84.66999816894531,84.0534439086914,RAW_CLOSE,31131054.0,,CNY
300347,XSHE,2026-09-17,56.81999969482422,58.130001068115234,56.0,57.0099983215332,57.0099983215332,RAW_CLOSE,13814937.0,,CNY
300408,XSHE,2026-09-17,128.8800048828125,130.3699951171875,126.25,128.00999450683594,128.00999450683594,RAW_CLOSE,38823263.0,,CNY
300413,XSHE,2026-09-17,17.649999618530273,18.479999542236328,17.31999969482422,18.139999389648438,18.139999389648438,RAW_CLOSE,141255798.0,,CNY
300433,XSHE,2026-09-17,33.02000045776367,34.5,33.02000045776367,33.439998626708984,33.439998626708984,RAW_CLOSE,67011581.0,,CNY
300450,XSHE,2026-09-17,31.5,32.189998626708984,31.299999237060547,31.8700008392334,31.8700008392334,RAW_CLOSE,35481543.0,,CNY
300498,XSHE,2026-09-17,14.619999885559082,14.699999809265137,14.460000038146973,14.630000114440918,14.630000114440918,RAW_CLOSE,26796224.0,,CNY
300529,XSHE,2026-09-17,14.899999618530273,15.079999923706055,14.850000381469727,15.029999732971191,15.029999732971191,RAW_CLOSE,2886686.0,,CNY
300558,XSHE,2026-09-17,46.93000030517578,47.5,46.25,46.529998779296875,46.529998779296875,RAW_CLOSE,7535200.0,,CNY
300595,XSHE,2026-09-17,9.949999809265137,10.010000228881836,9.90999984741211,9.979999542236328,9.979999542236328,RAW_CLOSE,4456057.0,,CNY
300601,XSHE,2026-09-17,11.600000381469727,11.859999656677246,11.579999923706055,11.770000457763672,11.770000457763672,RAW_CLOSE,9096954.0,,CNY
300628,XSHE,2026-09-17,41.4900016784668,42.2599983215332,41.310001373291016,41.4900016784668,40.98963928222656,RAW_CLOSE,7642108.0,,CNY
300677,XSHE,2026-09-17,50.79999923706055,51.93000030517578,50.349998474121094,51.400001525878906,51.400001525878906,RAW_CLOSE,8652343.0,,CNY
600000,XSHG,2026-09-17,9.100000381469727,9.140000343322754,9.029999732971191,9.0600004196167,9.0600004196167,RAW_CLOSE,45671103.0,,CNY
600009,XSHG,2026-09-17,22.600000381469727,22.65999984741211,22.360000610351562,22.469999313354492,22.469999313354492,RAW_CLOSE,10542799.0,,CNY
600010,XSHG,2026-09-17,2.130000114440918,2.1500000953674316,2.0999999046325684,2.109999895095825,2.109999895095825,RAW_CLOSE,241976050.0,,CNY
600011,XSHG,2026-09-17,6.840000152587891,6.849999904632568,6.730000019073486,6.769999980926514,6.769999980926514,RAW_CLOSE,61980100.0,,CNY
600015,XSHG,2026-09-17,6.309999942779541,6.340000152587891,6.260000228881836,6.269999980926514,6.269999980926514,RAW_CLOSE,49613430.0,,CNY
600016,XSHG,2026-09-17,3.5799999237060547,3.5899999141693115,3.5399999618530273,3.549999952316284,3.549999952316284,RAW_CLOSE,190974104.0,,CNY
600018,XSHG,2026-09-17,5.440000057220459,5.46999979019165,5.380000114440918,5.429999828338623,5.429999828338623,RAW_CLOSE,45667550.0,,CNY
600019,XSHG,2026-09-17,5.75,5.760000228881836,5.679999828338623,5.71999979019165,5.71999979019165,RAW_CLOSE,63251464.0,,CNY
600025,XSHG,2026-09-17,9.800000190734863,9.829999923706055,9.699999809265137,9.729999542236328,9.729999542236328,RAW_CLOSE,17867500.0,,CNY
600028,XSHG,2026-09-17,5.159999847412109,5.199999809265137,5.090000152587891,5.139999866485596,5.139999866485596,RAW_CLOSE,186379316.0,,CNY
600029,XSHG,2026-09-17,4.829999923706055,4.860000133514404,4.820000171661377,4.860000133514404,4.860000133514404,RAW_CLOSE,34209536.0,,CNY
600030,XSHG,2026-09-17,26.280000686645508,26.450000762939453,26.110000610351562,26.15999984741211,26.15999984741211,RAW_CLOSE,74702896.0,,CNY
600031,XSHG,2026-09-17,18.18000030517578,18.479999542236328,17.93000030517578,18.06999969482422,18.06999969482422,RAW_CLOSE,105252608.0,,CNY
600036,XSHG,2026-09-17,40.900001525878906,40.95000076293945,40.45000076293945,40.599998474121094,40.599998474121094,RAW_CLOSE,55479839.0,,CNY
600048,XSHG,2026-09-17,4.96999979019165,5.059999942779541,4.929999828338623,5.039999961853027,5.039999961853027,RAW_CLOSE,107770874.0,,CNY
600050,XSHG,2026-09-17,4.170000076293945,4.21999979019165,4.159999847412109,4.199999809265137,4.199999809265137,RAW_CLOSE,90781802.0,,CNY
600061,XSHG,2026-09-17,6.199999809265137,6.230000019073486,6.179999828338623,6.190000057220459,6.190000057220459,RAW_CLOSE,20270275.0,,CNY
600079,XSHG,2026-09-17,18.31999969482422,18.459999084472656,18.31999969482422,18.420000076293945,18.420000076293945,RAW_CLOSE,2853853.0,,CNY
600085,XSHG,2026-09-17,23.15999984741211,23.299999237060547,23.110000610351562,23.219999313354492,23.219999313354492,RAW_CLOSE,2296201.0,,CNY
600104,XSHG,2026-09-17,11.25,11.350000381469727,11.149999618530273,11.1899995803833,11.1899995803833,RAW_CLOSE,46926717.0,,CNY
600109,XSHG,2026-09-17,8.25,8.289999961853027,8.15999984741211,8.170000076293945,8.170000076293945,RAW_CLOSE,16150686.0,,CNY
600111,XSHG,2026-09-17,37.04999923706055,37.45000076293945,36.70000076293945,36.72999954223633,36.72999954223633,RAW_CLOSE,30976321.0,,CNY
600115,XSHG,2026-09-17,3.3399999141693115,3.3499999046325684,3.309999942779541,3.3499999046325684,3.3499999046325684,RAW_CLOSE,138298035.0,,CNY
600118,XSHG,2026-09-17,57.83000183105469,58.7599983215332,57.209999084472656,57.38999938964844,57.38999938964844,RAW_CLOSE,16320909.0,,CNY
600132,XSHG,2026-09-17,38.0099983215332,38.119998931884766,37.65999984741211,37.779998779296875,37.779998779296875,RAW_CLOSE,2767399.0,,CNY
600143,XSHG,2026-09-17,12.949999809265137,13.199999809265137,12.869999885559082,13.100000381469727,13.00267505645752,RAW_CLOSE,23631102.0,,CNY
600150,XSHG,2026-09-17,37.75,39.31999969482422,37.459999084472656,38.959999084472656,38.959999084472656,RAW_CLOSE,118928247.0,,CNY
600161,XSHG,2026-09-17,12.010000228881836,12.15999984741211,11.970000267028809,12.100000381469727,12.002889633178711,RAW_CLOSE,6613946.0,,CNY
600176,XSHG,2026-09-17,47.79999923706055,51.68000030517578,47.08000183105469,47.150001525878906,47.150001525878906,RAW_CLOSE,363062656.0,,CNY
600183,XSHG,2026-09-17,153.0,157.27000427246094,145.0,146.02999877929688,146.02999877929688,RAW_CLOSE,85045600.0,,CNY
600196,XSHG,2026-09-17,21.600000381469727,21.8700008392334,21.600000381469727,21.780000686645508,21.780000686645508,RAW_CLOSE,8902897.0,,CNY
600233,XSHG,2026-09-17,16.889999389648438,17.690000534057617,16.670000076293945,17.56999969482422,17.56999969482422,RAW_CLOSE,23704180.0,,CNY
600276,XSHG,2026-09-17,43.33000183105469,43.68000030517578,43.099998474121094,43.22999954223633,43.22999954223633,RAW_CLOSE,35252364.0,,CNY
600299,XSHG,2026-09-17,8.289999961853027,8.329999923706055,8.180000305175781,8.229999542236328,8.229999542236328,RAW_CLOSE,21282039.0,,CNY
600309,XSHG,2026-09-17,70.0,71.08999633789062,69.87999725341797,70.33000183105469,70.33000183105469,RAW_CLOSE,19787322.0,,CNY
600332,XSHG,2026-09-17,19.389999389648438,19.510000228881836,19.360000610351562,19.399999618530273,19.399999618530273,RAW_CLOSE,4037680.0,,CNY
600340,XSHG,2026-09-17,1.0700000524520874,1.0800000429153442,1.059999942779541,1.0700000524520874,1.0700000524520874,RAW_CLOSE,27092740.0,,CNY
600352,XSHG,2026-09-17,11.5,11.760000228881836,11.5,11.539999961853027,11.539999961853027,RAW_CLOSE,24176051.0,,CNY
600362,XSHG,2026-09-17,43.560001373291016,44.25,42.630001068115234,43.2599983215332,43.2599983215332,RAW_CLOSE,46531212.0,,CNY
600383,XSHG,2026-09-17,2.130000114440918,2.1600000858306885,2.119999885559082,2.1500000953674316,2.1500000953674316,RAW_CLOSE,53738449.0,,CNY
600406,XSHG,2026-09-17,22.0,22.049999237060547,21.899999618530273,21.950000762939453,21.80166244506836,RAW_CLOSE,18535468.0,,CNY
600426,XSHG,2026-09-17,19.549999237060547,19.729999542236328,19.15999984741211,19.420000076293945,19.420000076293945,RAW_CLOSE,33007738.0,,CNY
600436,XSHG,2026-09-17,116.05999755859375,118.41999816894531,116.05999755859375,117.83999633789062,117.83999633789062,RAW_CLOSE,1945813.0,,CNY
600438,XSHG,2026-09-17,11.140000343322754,11.210000038146973,11.050000190734863,11.09000015258789,11.09000015258789,RAW_CLOSE,18445948.0,,CNY
600482,XSHG,2026-09-17,31.81999969482422,32.79999923706055,31.81999969482422,32.599998474121094,32.599998474121094,RAW_CLOSE,16665469.0,,CNY
600489,XSHG,2026-09-17,25.15999984741211,25.200000762939453,23.34000015258789,23.899999618530273,23.899999618530273,RAW_CLOSE,122467813.0,,CNY
600519,XSHG,2026-09-17,1257.97998046875,1267.5999755859375,1254.0,1266.97998046875,1266.97998046875,RAW_CLOSE,1755380.0,,CNY
600521,XSHG,2026-09-17,16.100000381469727,16.600000381469727,16.09000015258789,16.350000381469727,16.350000381469727,RAW_CLOSE,22398747.0,,CNY
600522,XSHG,2026-09-17,34.900001525878906,36.470001220703125,34.900001525878906,36.38999938964844,36.38999938964844,RAW_CLOSE,309807918.0,,CNY
600547,XSHG,2026-09-17,34.33000183105469,34.599998474121094,32.349998474121094,32.86000061035156,32.86000061035156,RAW_CLOSE,112853285.0,,CNY
600570,XSHG,2026-09-17,20.049999237060547,20.190000534057617,19.920000076293945,19.969999313354492,19.969999313354492,RAW_CLOSE,11297711.0,,CNY
600584,XSHG,2026-09-17,69.0,70.30999755859375,67.6500015258789,67.75,67.70283508300781,RAW_CLOSE,71875022.0,,CNY
600585,XSHG,2026-09-17,16.899999618530273,16.979999542236328,16.780000686645508,16.940000534057617,16.940000534057617,RAW_CLOSE,18025014.0,,CNY
600588,XSHG,2026-09-17,9.34000015258789,9.460000038146973,9.300000190734863,9.350000381469727,9.350000381469727,RAW_CLOSE,24434842.0,,CNY
600600,XSHG,2026-09-17,50.31999969482422,50.36000061035156,50.08000183105469,50.11000061035156,50.11000061035156,RAW_CLOSE,2190318.0,,CNY
600606,XSHG,2026-09-17,1.2699999809265137,1.3300000429153442,1.2599999904632568,1.3200000524520874,1.3200000524520874,RAW_CLOSE,156214322.0,,CNY
600655,XSHG,2026-09-17,4.559999942779541,4.590000152587891,4.489999771118164,4.579999923706055,4.579999923706055,RAW_CLOSE,12987021.0,,CNY
600660,XSHG,2026-09-17,54.22999954223633,54.75,53.95000076293945,54.08000183105469,53.074798583984375,RAW_CLOSE,7175220.0,,CNY
600690,XSHG,2026-09-17,20.700000762939453,20.84000015258789,20.579999923706055,20.700000762939453,20.700000762939453,RAW_CLOSE,22605397.0,,CNY
600703,XSHG,2026-09-17,12.699999809265137,13.079999923706055,12.649999618530273,12.84000015258789,12.84000015258789,RAW_CLOSE,99260589.0,,CNY
600741,XSHG,2026-09-17,14.920000076293945,15.239999771118164,14.90999984741211,15.180000305175781,15.180000305175781,RAW_CLOSE,13948103.0,,CNY
600745,XSHG,2026-09-17,16.719999313354492,16.8700008392334,16.5,16.5,16.5,RAW_CLOSE,30209803.0,,CNY
600760,XSHG,2026-09-17,44.34000015258789,44.65999984741211,43.77000045776367,44.0,44.0,RAW_CLOSE,9574616.0,,CNY
600763,XSHG,2026-09-17,32.290000915527344,32.75,32.22999954223633,32.599998474121094,32.599998474121094,RAW_CLOSE,3707981.0,,CNY
600795,XSHG,2026-09-17,5.300000190734863,5.320000171661377,5.239999771118164,5.260000228881836,5.260000228881836,RAW_CLOSE,93886625.0,,CNY
600809,XSHG,2026-09-17,112.0,113.16999816894531,111.02999877929688,113.08000183105469,113.08000183105469,RAW_CLOSE,3791490.0,,CNY
600845,XSHG,2026-09-17,16.75,16.8799991607666,16.700000762939453,16.799999237060547,16.799999237060547,RAW_CLOSE,5236901.0,,CNY
600848,XSHG,2026-09-17,8.3100004196167,8.449999809265137,8.279999732971191,8.420000076293945,8.420000076293945,RAW_CLOSE,4571920.0,,CNY
600872,XSHG,2026-09-17,17.530000686645508,17.549999237060547,17.09000015258789,17.170000076293945,17.170000076293945,RAW_CLOSE,12897018.0,,CNY
600887,XSHG,2026-09-17,26.100000381469727,26.579999923706055,26.0,26.559999465942383,26.559999465942383,RAW_CLOSE,38583210.0,,CNY
600893,XSHG,2026-09-17,39.5,40.18000030517578,39.20000076293945,39.369998931884766,39.369998931884766,RAW_CLOSE,19922226.0,,CNY
600900,XSHG,2026-09-17,28.440000534057617,28.559999465942383,28.110000610351562,28.459999084472656,28.459999084472656,RAW_CLOSE,62337410.0,,CNY
600918,XSHG,2026-09-17,5.429999828338623,5.460000038146973,5.389999866485596,5.400000095367432,5.400000095367432,RAW_CLOSE,18068569.0,,CNY
600919,XSHG,2026-09-17,12.15999984741211,12.220000267028809,11.979999542236328,12.039999961853027,12.039999961853027,RAW_CLOSE,93247836.0,,CNY
600926,XSHG,2026-09-17,17.170000076293945,17.450000762939453,17.030000686645508,17.1299991607666,16.67266845703125,RAW_CLOSE,32566162.0,,CNY
600958,XSHG,2026-09-17,8.770000457763672,8.819999694824219,8.720000267028809,8.739999771118164,8.739999771118164,RAW_CLOSE,31220837.0,,CNY
600989,XSHG,2026-09-17,23.639999389648438,23.860000610351562,23.200000762939453,23.229999542236328,23.229999542236328,RAW_CLOSE,63636522.0,,CNY
600999,XSHG,2026-09-17,17.229999542236328,17.3700008392334,17.18000030517578,17.260000228881836,17.260000228881836,RAW_CLOSE,34259479.0,,CNY
601006,XSHG,2026-09-17,4.71999979019165,4.75,4.690000057220459,4.710000038146973,4.710000038146973,RAW_CLOSE,83072680.0,,CNY
601009,XSHG,2026-09-17,11.90999984741211,12.010000228881836,11.710000038146973,11.770000457763672,11.770000457763672,RAW_CLOSE,47410721.0,,CNY
601012,XSHG,2026-09-17,10.930000305175781,11.029999732971191,10.890000343322754,10.989999771118164,10.989999771118164,RAW_CLOSE,52170530.0,,CNY
601021,XSHG,2026-09-17,41.75,42.09000015258789,41.52000045776367,41.810001373291016,41.481021881103516,RAW_CLOSE,3323621.0,,CNY
601066,XSHG,2026-09-17,23.3700008392334,23.579999923706055,23.15999984741211,23.190000534057617,23.190000534057617,RAW_CLOSE,11497206.0,,CNY
601077,XSHG,2026-09-17,6.570000171661377,6.659999847412109,6.539999961853027,6.550000190734863,6.550000190734863,RAW_CLOSE,71708460.0,,CNY
601088,XSHG,2026-09-17,47.0,47.09000015258789,46.11000061035156,46.47999954223633,46.47999954223633,RAW_CLOSE,17774670.0,,CNY
601100,XSHG,2026-09-17,94.47000122070312,95.5,91.9000015258789,93.48999786376953,93.48999786376953,RAW_CLOSE,14207886.0,,CNY
601108,XSHG,2026-09-17,8.329999923706055,8.40999984741211,8.270000457763672,8.380000114440918,8.380000114440918,RAW_CLOSE,38011470.0,,CNY
601111,XSHG,2026-09-17,5.730000019073486,5.78000020980835,5.71999979019165,5.769999980926514,5.769999980926514,RAW_CLOSE,41251318.0,,CNY
601138,XSHG,2026-09-17,61.900001525878906,62.779998779296875,61.099998474121094,61.27000045776367,61.27000045776367,RAW_CLOSE,58256515.0,,CNY
601155,XSHG,2026-09-17,11.220000267028809,11.260000228881836,11.0600004196167,11.140000343322754,11.140000343322754,RAW_CLOSE,8738030.0,,CNY
601162,XSHG,2026-09-17,3.5899999141693115,3.5999999046325684,3.549999952316284,3.559999942779541,3.559999942779541,RAW_CLOSE,83954500.0,,CNY
601166,XSHG,2026-09-17,17.829999923706055,17.8799991607666,17.68000030517578,17.75,17.75,RAW_CLOSE,65230614.0,,CNY
601169,XSHG,2026-09-17,5.610000133514404,5.619999885559082,5.53000020980835,5.539999961853027,5.539999961853027,RAW_CLOSE,150926954.0,,CNY
601186,XSHG,2026-09-17,5.989999771118164,6.039999961853027,5.980000019073486,6.03000020980835,6.03000020980835,RAW_CLOSE,21574681.0,,CNY
601211,XSHG,2026-09-17,17.399999618530273,17.549999237060547,17.280000686645508,17.31999969482422,17.31999969482422,RAW_CLOSE,60662645.0,,CNY
601216,XSHG,2026-09-17,4.690000057220459,4.699999809265137,4.599999904632568,4.630000114440918,4.630000114440918,RAW_CLOSE,46660986.0,,CNY
601225,XSHG,2026-09-17,25.690000534057617,25.690000534057617,25.209999084472656,25.420000076293945,25.420000076293945,RAW_CLOSE,23324082.0,,CNY
601229,XSHG,2026-09-17,9.579999923706055,9.720000267028809,9.529999732971191,9.59000015258789,9.59000015258789,RAW_CLOSE,40170575.0,,CNY
601231,XSHG,2026-09-17,26.299999237060547,27.190000534057617,26.020000457763672,26.420000076293945,26.420000076293945,RAW_CLOSE,39672268.0,,CNY
601236,XSHG,2026-09-17,6.670000076293945,6.730000019073486,6.659999847412109,6.679999828338623,6.679999828338623,RAW_CLOSE,6299510.0,,CNY
601238,XSHG,2026-09-17,5.090000152587891,5.090000152587891,5.090000152587891,5.090000152587891,5.090000152587891,RAW_CLOSE,0.0,,CNY
601288,XSHG,2026-09-17,6.869999885559082,6.940000057220459,6.809999942779541,6.889999866485596,6.889999866485596,RAW_CLOSE,233403998.0,,CNY
601318,XSHG,2026-09-17,53.400001525878906,53.70000076293945,53.15999984741211,53.349998474121094,53.349998474121094,RAW_CLOSE,39356372.0,,CNY
601319,XSHG,2026-09-17,7.679999828338623,7.789999961853027,7.630000114440918,7.690000057220459,7.690000057220459,RAW_CLOSE,51402024.0,,CNY
601328,XSHG,2026-09-17,7.510000228881836,7.659999847412109,7.489999771118164,7.579999923706055,7.579999923706055,RAW_CLOSE,181658309.0,,CNY
601336,XSHG,2026-09-17,57.27000045776367,57.56999969482422,56.88999938964844,57.43000030517578,57.43000030517578,RAW_CLOSE,9990348.0,,CNY
601360,XSHG,2026-09-17,8.710000038146973,8.789999961853027,8.640000343322754,8.649999618530273,8.602104187011719,RAW_CLOSE,77307403.0,,CNY
601377,XSHG,2026-09-17,5.880000114440918,5.909999847412109,5.829999923706055,5.849999904632568,5.849999904632568,RAW_CLOSE,48798617.0,,CNY
601390,XSHG,2026-09-17,4.269999980926514,4.300000190734863,4.260000228881836,4.28000020980835,4.28000020980835,RAW_CLOSE,62793702.0,,CNY
601398,XSHG,2026-09-17,8.100000381469727,8.199999809265137,8.050000190734863,8.140000343322754,8.140000343322754,RAW_CLOSE,239674121.0,,CNY
601555,XSHG,2026-09-17,8.350000381469727,8.399999618530273,8.260000228881836,8.279999732971191,8.279999732971191,RAW_CLOSE,26598150.0,,CNY
601600,XSHG,2026-09-17,9.15999984741211,9.3100004196167,9.039999961853027,9.15999984741211,9.15999984741211,RAW_CLOSE,128184713.0,,CNY
601601,XSHG,2026-09-17,31.899999618530273,32.040000915527344,31.6200008392334,31.8799991607666,31.8799991607666,RAW_CLOSE,19584696.0,,CNY
601607,XSHG,2026-09-17,16.09000015258789,16.260000228881836,16.079999923706055,16.15999984741211,16.059999465942383,RAW_CLOSE,8080697.0,,CNY
601618,XSHG,2026-09-17,2.5,2.5299999713897705,2.490000009536743,2.509999990463257,2.509999990463257,RAW_CLOSE,69011743.0,,CNY
601628,XSHG,2026-09-17,37.20000076293945,37.369998931884766,36.900001525878906,37.150001525878906,37.150001525878906,RAW_CLOSE,15114399.0,,CNY
601633,XSHG,2026-09-17,14.15999984741211,14.270000457763672,14.039999961853027,14.199999809265137,14.199999809265137,RAW_CLOSE,11759827.0,,CNY
601658,XSHG,2026-09-17,5.380000114440918,5.420000076293945,5.329999923706055,5.380000114440918,5.380000114440918,RAW_CLOSE,140623502.0,,CNY
601668,XSHG,2026-09-17,4.230000019073486,4.269999980926514,4.21999979019165,4.269999980926514,4.269999980926514,RAW_CLOSE,172737173.0,,CNY
601669,XSHG,2026-09-17,4.519999980926514,4.690000057220459,4.5,4.630000114440918,4.630000114440918,RAW_CLOSE,164762698.0,,CNY
601688,XSHG,2026-09-17,18.3799991607666,18.489999771118164,18.100000381469727,18.1299991607666,18.1299991607666,RAW_CLOSE,56184960.0,,CNY
601696,XSHG,2026-09-17,11.210000038146973,11.289999961853027,11.15999984741211,11.170000076293945,11.170000076293945,RAW_CLOSE,16858000.0,,CNY
601698,XSHG,2026-09-17,23.799999237060547,24.1200008392334,23.520000457763672,23.530000686645508,23.530000686645508,RAW_CLOSE,14824593.0,,CNY
601727,XSHG,2026-09-17,6.409999847412109,6.429999828338623,6.329999923706055,6.349999904632568,6.349999904632568,RAW_CLOSE,59282390.0,,CNY
601766,XSHG,2026-09-17,5.949999809265137,6.010000228881836,5.920000076293945,5.949999809265137,5.949999809265137,RAW_CLOSE,84640712.0,,CNY
601788,XSHG,2026-09-17,13.850000381469727,13.920000076293945,13.819999694824219,13.829999923706055,13.829999923706055,RAW_CLOSE,8390340.0,,CNY
601799,XSHG,2026-09-17,70.98999786376953,72.26000213623047,70.6500015258789,71.33000183105469,71.33000183105469,RAW_CLOSE,3722960.0,,CNY
601800,XSHG,2026-09-17,5.789999961853027,5.849999904632568,5.760000228881836,5.809999942779541,5.809999942779541,RAW_CLOSE,20321923.0,,CNY
601808,XSHG,2026-09-17,12.270000457763672,12.300000190734863,12.029999732971191,12.069999694824219,12.069999694824219,RAW_CLOSE,12069900.0,,CNY
601816,XSHG,2026-09-17,4.730000019073486,4.78000020980835,4.699999809265137,4.760000228881836,4.760000228881836,RAW_CLOSE,109061880.0,,CNY
601818,XSHG,2026-09-17,3.049999952316284,3.069999933242798,3.0299999713897705,3.049999952316284,3.049999952316284,RAW_CLOSE,160989119.0,,CNY
601838,XSHG,2026-09-17,19.899999618530273,19.989999771118164,19.600000381469727,19.81999969482422,19.33099937438965,RAW_CLOSE,19226864.0,,CNY
601857,XSHG,2026-09-17,10.699999809265137,10.760000228881836,10.529999732971191,10.619999885559082,10.619999885559082,RAW_CLOSE,115331502.0,,CNY
601872,XSHG,2026-09-17,20.100000381469727,21.850000381469727,19.899999618530273,21.850000381469727,21.850000381469727,RAW_CLOSE,167991525.0,,CNY
601877,XSHG,2026-09-17,24.610000610351562,24.790000915527344,24.3799991607666,24.670000076293945,24.670000076293945,RAW_CLOSE,12012580.0,,CNY
601878,XSHG,2026-09-17,9.010000228881836,9.050000190734863,8.970000267028809,8.979999542236328,8.979999542236328,RAW_CLOSE,10872927.0,,CNY
601881,XSHG,2026-09-17,12.079999923706055,12.119999885559082,11.9399995803833,11.949999809265137,11.949999809265137,RAW_CLOSE,20328011.0,,CNY
601888,XSHG,2026-09-17,50.900001525878906,51.33000183105469,50.81999969482422,51.150001525878906,51.150001525878906,RAW_CLOSE,10469159.0,,CNY
601899,XSHG,2026-09-17,31.799999237060547,32.0,30.510000228881836,30.899999618530273,30.899999618530273,RAW_CLOSE,307590534.0,,CNY
601901,XSHG,2026-09-17,6.78000020980835,6.829999923706055,6.75,6.75,6.75,RAW_CLOSE,25747034.0,,CNY
601916,XSHG,2026-09-17,2.930000066757202,2.950000047683716,2.9100000858306885,2.9200000762939453,2.9200000762939453,RAW_CLOSE,90467904.0,,CNY
601919,XSHG,2026-09-17,16.420000076293945,16.420000076293945,15.899999618530273,16.270000457763672,16.270000457763672,RAW_CLOSE,89095286.0,,CNY
601933,XSHG,2026-09-17,2.9700000286102295,3.0,2.9600000381469727,2.990000009536743,2.990000009536743,RAW_CLOSE,73104494.0,,CNY
601939,XSHG,2026-09-17,10.8100004196167,10.979999542236328,10.760000228881836,10.90999984741211,10.90999984741211,RAW_CLOSE,82381373.0,,CNY
601985,XSHG,2026-09-17,9.079999923706055,9.079999923706055,9.0,9.010000228881836,9.010000228881836,RAW_CLOSE,54089177.0,,CNY
601988,XSHG,2026-09-17,6.559999942779541,6.619999885559082,6.510000228881836,6.579999923706055,6.579999923706055,RAW_CLOSE,177314678.0,,CNY
601990,XSHG,2026-09-17,6.639999866485596,6.670000076293945,6.599999904632568,6.619999885559082,6.619999885559082,RAW_CLOSE,9453587.0,,CNY
601995,XSHG,2026-09-17,31.799999237060547,31.799999237060547,31.799999237060547,31.799999237060547,31.799999237060547,RAW_CLOSE,0.0,,CNY
601998,XSHG,2026-09-17,8.859999656677246,9.029999732971191,8.819999694824219,8.9399995803833,8.9399995803833,RAW_CLOSE,42701224.0,,CNY
603019,XSHG,2026-09-17,82.5199966430664,83.37999725341797,82.26000213623047,82.68000030517578,82.68000030517578,RAW_CLOSE,16960247.0,,CNY
603087,XSHG,2026-09-17,68.94999694824219,71.0,68.69999694824219,69.13999938964844,69.13999938964844,RAW_CLOSE,6063901.0,,CNY
603160,XSHG,2026-09-17,53.349998474121094,54.0,52.72999954223633,52.72999954223633,52.72999954223633,RAW_CLOSE,3368976.0,,CNY
603195,XSHG,2026-09-17,37.79999923706055,38.08000183105469,37.7599983215332,37.95000076293945,37.95000076293945,RAW_CLOSE,1387910.0,,CNY
603233,XSHG,2026-09-17,18.200000762939453,18.3799991607666,17.850000381469727,18.309999465942383,18.309999465942383,RAW_CLOSE,6259981.0,,CNY
603259,XSHG,2026-09-17,157.0,162.4600067138672,156.7899932861328,160.49000549316406,160.49000549316406,RAW_CLOSE,37631323.0,,CNY
603288,XSHG,2026-09-17,33.77000045776367,34.040000915527344,33.70000076293945,33.88999938964844,33.88999938964844,RAW_CLOSE,6226625.0,,CNY
603338,XSHG,2026-09-17,54.59000015258789,55.66999816894531,53.70000076293945,53.869998931884766,53.869998931884766,RAW_CLOSE,2708862.0,,CNY
603369,XSHG,2026-09-17,27.530000686645508,27.81999969482422,27.030000686645508,27.309999465942383,27.309999465942383,RAW_CLOSE,9329416.0,,CNY
603392,XSHG,2026-09-17,24.920000076293945,25.25,24.799999237060547,24.969999313354492,24.969999313354492,RAW_CLOSE,4122541.0,,CNY
603501,XSHG,2026-09-17,77.9000015258789,79.1500015258789,77.83999633789062,78.62000274658203,78.62000274658203,RAW_CLOSE,9081125.0,,CNY
603517,XSHG,2026-09-17,11.399999618530273,11.579999923706055,11.329999923706055,11.5600004196167,11.5600004196167,RAW_CLOSE,4507871.0,,CNY
603658,XSHG,2026-09-17,31.979999542236328,32.58000183105469,31.850000381469727,32.15999984741211,32.15999984741211,RAW_CLOSE,1825190.0,,CNY
603659,XSHG,2026-09-17,22.329999923706055,22.600000381469727,22.09000015258789,22.139999389648438,22.139999389648438,RAW_CLOSE,15545911.0,,CNY
603799,XSHG,2026-09-17,35.0,35.63999938964844,34.88999938964844,35.18000030517578,35.18000030517578,RAW_CLOSE,29794547.0,,CNY
603806,XSHG,2026-09-17,14.199999809265137,14.350000381469727,14.020000457763672,14.020000457763672,14.020000457763672,RAW_CLOSE,14548931.0,,CNY
603833,XSHG,2026-09-17,28.690000534057617,28.81999969482422,28.260000228881836,28.350000381469727,28.350000381469727,RAW_CLOSE,2503087.0,,CNY
603882,XSHG,2026-09-17,27.049999237060547,27.489999771118164,26.850000381469727,27.15999984741211,27.15999984741211,RAW_CLOSE,4576500.0,,CNY
603899,XSHG,2026-09-17,21.75,22.100000381469727,21.600000381469727,21.920000076293945,21.920000076293945,RAW_CLOSE,2002221.0,,CNY
603939,XSHG,2026-09-17,22.56999969482422,22.770000457763672,22.3700008392334,22.75,22.75,RAW_CLOSE,3898066.0,,CNY
603986,XSHG,2026-09-17,370.05999755859375,377.2300109863281,365.3399963378906,369.8800048828125,369.8800048828125,RAW_CLOSE,23486632.0,,CNY
603993,XSHG,2026-09-17,17.600000381469727,17.770000457763672,17.260000228881836,17.350000381469727,17.350000381469727,RAW_CLOSE,188321403.0,,CNY
688008,XSHG,2026-09-17,197.94000244140625,201.0,193.3000030517578,194.3300018310547,194.3300018310547,RAW_CLOSE,26959283.0,,CNY
688009,XSHG,2026-09-17,4.610000133514404,4.639999866485596,4.579999923706055,4.619999885559082,4.619999885559082,RAW_CLOSE,21376952.0,,CNY
688012,XSHG,2026-09-17,351.0,356.5,347.8599853515625,351.2300109863281,351.2300109863281,RAW_CLOSE,12650374.0,,CNY
688036,XSHG,2026-09-17,52.150001525878906,52.90999984741211,51.810001373291016,52.310001373291016,52.310001373291016,RAW_CLOSE,6472125.0,,CNY
688111,XSHG,2026-09-17,221.16000366210938,225.25999450683594,220.0,223.0500030517578,223.0500030517578,RAW_CLOSE,4421096.0,,CNY
688126,XSHG,2026-09-17,23.790000915527344,24.280000686645508,23.450000762939453,23.68000030517578,23.68000030517578,RAW_CLOSE,68414699.0,,CNY
688169,XSHG,2026-09-17,119.58999633789062,121.8499984741211,119.08000183105469,120.55000305175781,120.55000305175781,RAW_CLOSE,2668448.0,,CNY
688363,XSHG,2026-09-17,34.15999984741211,34.470001220703125,33.90999984741211,34.13999938964844,34.13999938964844,RAW_CLOSE,1149550.0,,CNY
688396,XSHG,2026-09-17,57.5,59.2599983215332,57.20000076293945,58.33000183105469,58.33000183105469,RAW_CLOSE,15733924.0,,CNY
000001,XSHE,2026-09-18,11.59000015258789,11.819999694824219,11.5600004196167,11.699999809265137,11.4488525390625,RAW_CLOSE,85303779.0,,CNY
000002,XSHE,2026-09-18,3.0299999713897705,3.319999933242798,3.009999990463257,3.319999933242798,3.319999933242798,RAW_CLOSE,440825270.0,,CNY
000063,XSHE,2026-09-18,32.040000915527344,32.65999984741211,32.0099983215332,32.439998626708984,32.439998626708984,RAW_CLOSE,65302502.0,,CNY
000066,XSHE,2026-09-18,14.029999732971191,14.199999809265137,13.989999771118164,14.119999885559082,14.119999885559082,RAW_CLOSE,60372814.0,,CNY
000069,XSHE,2026-09-18,1.7699999809265137,1.840000033378601,1.75,1.8300000429153442,1.8300000429153442,RAW_CLOSE,80254383.0,,CNY
000100,XSHE,2026-09-18,4.889999866485596,5.019999980926514,4.849999904632568,4.989999771118164,4.989999771118164,RAW_CLOSE,717695070.0,,CNY
000157,XSHE,2026-09-18,6.150000095367432,6.210000038146973,6.139999866485596,6.199999809265137,6.199999809265137,RAW_CLOSE,25588524.0,,CNY
000166,XSHE,2026-09-18,4.389999866485596,4.420000076293945,4.380000114440918,4.400000095367432,4.400000095367432,RAW_CLOSE,49897580.0,,CNY
000333,XSHE,2026-09-18,84.9000015258789,85.04000091552734,83.87999725341797,84.4000015258789,84.4000015258789,RAW_CLOSE,26087254.0,,CNY
000338,XSHE,2026-09-18,27.200000762939453,27.5,26.030000686645508,27.229999542236328,27.229999542236328,RAW_CLOSE,107113143.0,,CNY
000425,XSHE,2026-09-18,7.559999942779541,7.590000152587891,7.409999847412109,7.449999809265137,7.449999809265137,RAW_CLOSE,118505645.0,,CNY
000538,XSHE,2026-09-18,51.29999923706055,51.400001525878906,50.849998474121094,51.04999923706055,50.01826477050781,RAW_CLOSE,8399540.0,,CNY
000568,XSHE,2026-09-18,71.6500015258789,72.25,71.62999725341797,71.91999816894531,71.91999816894531,RAW_CLOSE,5452325.0,,CNY
000596,XSHE,2026-09-18,92.0,94.44999694824219,91.25,93.77999877929688,93.77999877929688,RAW_CLOSE,2787488.0,,CNY
000625,XSHE,2026-09-18,7.150000095367432,7.150000095367432,7.099999904632568,7.119999885559082,7.119999885559082,RAW_CLOSE,35754608.0,,CNY
000651,XSHE,2026-09-18,38.029998779296875,38.58000183105469,37.970001220703125,38.560001373291016,38.560001373291016,RAW_CLOSE,29874210.0,,CNY
000656,XSHE,2026-09-18,1.2200000286102295,1.25,1.2000000476837158,1.25,1.25,RAW_CLOSE,207312963.0,,CNY
000661,XSHE,2026-09-18,72.51000213623047,73.3499984741211,71.4000015258789,71.5,71.5,RAW_CLOSE,6111410.0,,CNY
000703,XSHE,2026-09-18,16.799999237060547,17.25,16.610000610351562,16.950000762939453,16.950000762939453,RAW_CLOSE,65072534.0,,CNY
000708,XSHE,2026-09-18,13.039999961853027,13.130000114440918,12.970000267028809,13.0,13.0,RAW_CLOSE,11310647.0,,CNY
000725,XSHE,2026-09-18,5.78000020980835,5.949999809265137,5.75,5.920000076293945,5.920000076293945,RAW_CLOSE,2110814890.0,,CNY
000728,XSHE,2026-09-18,7.46999979019165,7.510000228881836,7.420000076293945,7.46999979019165,7.46999979019165,RAW_CLOSE,17653436.0,,CNY
000768,XSHE,2026-09-18,22.309999465942383,22.729999542236328,22.200000762939453,22.350000381469727,22.350000381469727,RAW_CLOSE,17347436.0,,CNY
000776,XSHE,2026-09-18,20.149999618530273,20.799999237060547,20.149999618530273,20.790000915527344,20.790000915527344,RAW_CLOSE,58526708.0,,CNY
000783,XSHE,2026-09-18,8.350000381469727,8.449999809265137,8.319999694824219,8.449999809265137,8.449999809265137,RAW_CLOSE,66372537.0,,CNY
000786,XSHE,2026-09-18,15.789999961853027,15.970000267028809,15.739999771118164,15.930000305175781,15.930000305175781,RAW_CLOSE,12537631.0,,CNY
000800,XSHE,2026-09-18,5.96999979019165,5.96999979019165,5.909999847412109,5.909999847412109,5.909999847412109,RAW_CLOSE,9481600.0,,CNY
000858,XSHE,2026-09-18,69.11000061035156,70.08999633789062,68.9800033569336,70.0,70.0,RAW_CLOSE,17855459.0,,CNY
000860,XSHE,2026-09-18,10.229999542236328,10.300000190734863,10.130000114440918,10.1899995803833,10.1899995803833,RAW_CLOSE,7043801.0,,CNY
000876,XSHE,2026-09-18,7.150000095367432,7.230000019073486,7.130000114440918,7.159999847412109,7.159999847412109,RAW_CLOSE,44920552.0,,CNY
000895,XSHE,2026-09-18,23.350000381469727,23.479999542236328,23.270000457763672,23.290000915527344,23.290000915527344,RAW_CLOSE,7323478.0,,CNY
000938,XSHE,2026-09-18,33.349998474121094,34.290000915527344,32.86000061035156,33.95000076293945,33.95000076293945,RAW_CLOSE,150394266.0,,CNY
000963,XSHE,2026-09-18,26.0,26.260000228881836,25.90999984741211,26.100000381469727,26.100000381469727,RAW_CLOSE,9973986.0,,CNY
000977,XSHE,2026-09-18,71.0,72.19000244140625,69.93000030517578,71.87999725341797,71.87999725341797,RAW_CLOSE,68203860.0,,CNY
001979,XSHE,2026-09-18,6.670000076293945,7.099999904632568,6.630000114440918,7.070000171661377,7.070000171661377,RAW_CLOSE,119826816.0,,CNY
002001,XSHE,2026-09-18,26.40999984741211,26.65999984741211,26.299999237060547,26.31999969482422,26.31999969482422,RAW_CLOSE,13974859.0,,CNY
002007,XSHE,2026-09-18,12.779999732971191,12.989999771118164,12.770000457763672,12.930000305175781,12.930000305175781,RAW_CLOSE,7932361.0,,CNY
002008,XSHE,2026-09-18,97.02999877929688,100.88999938964844,93.5999984741211,99.5999984741211,99.5999984741211,RAW_CLOSE,59650250.0,,CNY
002024,XSHE,2026-09-18,1.149999976158142,1.1699999570846558,1.149999976158142,1.159999966621399,1.159999966621399,RAW_CLOSE,18864650.0,,CNY
002027,XSHE,2026-09-18,4.659999847412109,4.679999828338623,4.630000114440918,4.659999847412109,4.659999847412109,RAW_CLOSE,94522400.0,,CNY
002032,XSHE,2026-09-18,39.95000076293945,40.189998626708984,39.790000915527344,40.130001068115234,40.130001068115234,RAW_CLOSE,1517090.0,,CNY
002044,XSHE,2026-09-18,4.369999885559082,4.460000038146973,4.349999904632568,4.420000076293945,4.420000076293945,RAW_CLOSE,88689540.0,,CNY
002049,XSHE,2026-09-18,60.34000015258789,61.38999938964844,60.34000015258789,61.279998779296875,61.279998779296875,RAW_CLOSE,13782435.0,,CNY
002050,XSHE,2026-09-18,35.33000183105469,36.130001068115234,34.900001525878906,35.310001373291016,35.310001373291016,RAW_CLOSE,52546796.0,,CNY
002120,XSHE,2026-09-18,6.860000133514404,7.019999980926514,6.739999771118164,6.96999979019165,6.96999979019165,RAW_CLOSE,51547748.0,,CNY
002129,XSHE,2026-09-18,8.729999542236328,8.8100004196167,8.619999885559082,8.770000457763672,8.770000457763672,RAW_CLOSE,55447627.0,,CNY
002142,XSHE,2026-09-18,34.29999923706055,34.95000076293945,34.20000076293945,34.650001525878906,34.650001525878906,RAW_CLOSE,21770738.0,,CNY
002153,XSHE,2026-09-18,7.559999942779541,7.630000114440918,7.53000020980835,7.570000171661377,7.570000171661377,RAW_CLOSE,10394022.0,,CNY
002157,XSHE,2026-09-18,3.0,3.0399999618530273,2.9800000190734863,3.0299999713897705,3.0299999713897705,RAW_CLOSE,125846767.0,,CNY
002179,XSHE,2026-09-18,35.0,35.59000015258789,34.9900016784668,35.52000045776367,35.52000045776367,RAW_CLOSE,28497442.0,,CNY
002202,XSHE,2026-09-18,18.030000686645508,18.3799991607666,18.020000457763672,18.200000762939453,18.200000762939453,RAW_CLOSE,81364974.0,,CNY
002230,XSHE,2026-09-18,38.4900016784668,38.68000030517578,38.439998626708984,38.47999954223633,38.47999954223633,RAW_CLOSE,16630982.0,,CNY
002236,XSHE,2026-09-18,15.75,15.819999694824219,15.710000038146973,15.739999771118164,15.739999771118164,RAW_CLOSE,15086753.0,,CNY
002241,XSHE,2026-09-18,22.690000534057617,23.600000381469727,22.649999618530273,23.329999923706055,23.329999923706055,RAW_CLOSE,131091579.0,,CNY
002252,XSHE,2026-09-18,4.900000095367432,4.989999771118164,4.889999866485596,4.929999828338623,4.929999828338623,RAW_CLOSE,36895973.0,,CNY
002271,XSHE,2026-09-18,10.119999885559082,10.359999656677246,10.109999656677246,10.34000015258789,10.34000015258789,RAW_CLOSE,31446215.0,,CNY
002304,XSHE,2026-09-18,37.959999084472656,38.279998779296875,37.93000030517578,38.060001373291016,38.060001373291016,RAW_CLOSE,2765745.0,,CNY
002311,XSHE,2026-09-18,42.20000076293945,42.619998931884766,41.91999816894531,41.97999954223633,41.97999954223633,RAW_CLOSE,5653366.0,,CNY
002352,XSHE,2026-09-18,30.770000457763672,30.969999313354492,30.600000381469727,30.780000686645508,30.780000686645508,RAW_CLOSE,13731111.0,,CNY
002371,XSHE,2026-09-18,674.0,694.4000244140625,665.2899780273438,686.510009765625,686.510009765625,RAW_CLOSE,9737477.0,,CNY
002384,XSHE,2026-09-18,197.0,201.75999450683594,191.0,196.14999389648438,196.14999389648438,RAW_CLOSE,70755117.0,,CNY
002410,XSHE,2026-09-18,8.470000267028809,8.539999961853027,8.390000343322754,8.399999618530273,8.399999618530273,RAW_CLOSE,17475788.0,,CNY
002414,XSHE,2026-09-18,12.239999771118164,12.4399995803833,12.210000038146973,12.430000305175781,12.329596519470215,RAW_CLOSE,51103512.0,,CNY
002415,XSHE,2026-09-18,32.65999984741211,33.040000915527344,32.56999969482422,32.939998626708984,32.939998626708984,RAW_CLOSE,44965162.0,,CNY
002456,XSHE,2026-09-18,7.050000190734863,7.079999923706055,6.96999979019165,7.019999980926514,7.019999980926514,RAW_CLOSE,57011912.0,,CNY
002460,XSHE,2026-09-18,46.5099983215332,46.599998474121094,45.70000076293945,46.20000076293945,46.20000076293945,RAW_CLOSE,22464225.0,,CNY
002463,XSHE,2026-09-18,126.19999694824219,126.66000366210938,119.30000305175781,123.5,123.5,RAW_CLOSE,58958166.0,,CNY
002475,XSHE,2026-09-18,52.9900016784668,54.70000076293945,52.560001373291016,54.099998474121094,54.099998474121094,RAW_CLOSE,125030631.0,,CNY
002493,XSHE,2026-09-18,12.9399995803833,13.15999984741211,12.729999542236328,12.850000381469727,12.850000381469727,RAW_CLOSE,42333307.0,,CNY
002508,XSHE,2026-09-18,16.149999618530273,16.43000030517578,16.059999465942383,16.389999389648438,16.389999389648438,RAW_CLOSE,6551922.0,,CNY
002555,XSHE,2026-09-18,17.459999084472656,17.59000015258789,17.399999618530273,17.59000015258789,17.59000015258789,RAW_CLOSE,18663851.0,,CNY
002558,XSHE,2026-09-18,24.899999618530273,25.170000076293945,24.6200008392334,24.969999313354492,24.1641902923584,RAW_CLOSE,47741719.0,,CNY
002594,XSHE,2026-09-18,84.0,84.66999816894531,83.2699966430664,84.30000305175781,84.30000305175781,RAW_CLOSE,29992469.0,,CNY
002600,XSHE,2026-09-18,12.59000015258789,12.649999618530273,12.449999809265137,12.579999923706055,12.579999923706055,RAW_CLOSE,76840235.0,,CNY
002601,XSHE,2026-09-18,15.149999618530273,15.449999809265137,14.989999771118164,15.289999961853027,15.289999961853027,RAW_CLOSE,17821338.0,,CNY
002602,XSHE,2026-09-18,14.579999923706055,14.869999885559082,14.399999618530273,14.6899995803833,14.608046531677246,RAW_CLOSE,126473857.0,,CNY
002607,XSHE,2026-09-18,1.909999966621399,1.9299999475479126,1.8899999856948853,1.899999976158142,1.899999976158142,RAW_CLOSE,128708231.0,,CNY
002624,XSHE,2026-09-18,9.9399995803833,9.979999542236328,9.859999656677246,9.970000267028809,9.970000267028809,RAW_CLOSE,33735005.0,,CNY
002673,XSHE,2026-09-18,6.739999771118164,6.78000020980835,6.699999809265137,6.75,6.75,RAW_CLOSE,25716494.0,,CNY
002714,XSHE,2026-09-18,40.97999954223633,41.65999984741211,40.95000076293945,41.349998474121094,41.349998474121094,RAW_CLOSE,40527536.0,,CNY
002736,XSHE,2026-09-18,9.800000190734863,9.850000381469727,9.760000228881836,9.819999694824219,9.819999694824219,RAW_CLOSE,17606818.0,,CNY
002739,XSHE,2026-09-18,8.470000267028809,8.630000114440918,8.420000076293945,8.619999885559082,8.619999885559082,RAW_CLOSE,40101053.0,,CNY
002773,XSHE,2026-09-18,19.239999771118164,19.65999984741211,19.239999771118164,19.549999237060547,19.549999237060547,RAW_CLOSE,5680781.0,,CNY
002812,XSHE,2026-09-18,48.5099983215332,48.849998474121094,48.0,48.58000183105469,48.58000183105469,RAW_CLOSE,10795772.0,,CNY
002821,XSHE,2026-09-18,184.10000610351562,193.89999389648438,181.16000366210938,185.1999969482422,185.1999969482422,RAW_CLOSE,10486598.0,,CNY
002841,XSHE,2026-09-18,47.31999969482422,47.70000076293945,46.529998779296875,47.25,47.25,RAW_CLOSE,6562792.0,,CNY
002916,XSHE,2026-09-18,389.010009765625,391.8999938964844,368.5,384.5,384.5,RAW_CLOSE,9762475.0,,CNY
002938,XSHE,2026-09-18,92.77999877929688,93.55000305175781,87.44999694824219,89.87999725341797,89.87999725341797,RAW_CLOSE,23834918.0,,CNY
002939,XSHE,2026-09-18,7.809999942779541,7.880000114440918,7.809999942779541,7.849999904632568,7.849999904632568,RAW_CLOSE,12099456.0,,CNY
002945,XSHE,2026-09-18,13.890000343322754,14.399999618530273,13.859999656677246,14.25,14.25,RAW_CLOSE,15050757.0,,CNY
003816,XSHE,2026-09-18,4.239999771118164,4.269999980926514,4.199999809265137,4.239999771118164,4.239999771118164,RAW_CLOSE,95586359.0,,CNY
300003,XSHE,2026-09-18,11.3100004196167,11.510000228881836,11.289999961853027,11.449999809265137,11.449999809265137,RAW_CLOSE,12344050.0,,CNY
300014,XSHE,2026-09-18,51.279998779296875,52.060001373291016,50.18000030517578,51.560001373291016,51.560001373291016,RAW_CLOSE,71602618.0,,CNY
300015,XSHE,2026-09-18,7.980000019073486,8.039999961853027,7.960000038146973,8.039999961853027,8.039999961853027,RAW_CLOSE,31264438.0,,CNY
300033,XSHE,2026-09-18,203.49000549316406,207.66000366210938,203.0,207.1999969482422,207.0030059814453,RAW_CLOSE,10050223.0,,CNY
300059,XSHE,2026-09-18,18.209999084472656,18.420000076293945,18.190000534057617,18.3700008392334,18.3700008392334,RAW_CLOSE,151561175.0,,CNY
300122,XSHE,2026-09-18,12.449999809265137,12.850000381469727,12.430000305175781,12.75,12.75,RAW_CLOSE,28980140.0,,CNY
300124,XSHE,2026-09-18,52.0,52.52000045776367,51.81999969482422,52.45000076293945,52.45000076293945,RAW_CLOSE,37423276.0,,CNY
300136,XSHE,2026-09-18,58.79999923706055,59.880001068115234,57.81999969482422,59.5099983215332,59.5099983215332,RAW_CLOSE,36623359.0,,CNY
300142,XSHE,2026-09-18,13.199999809265137,13.5,13.149999618530273,13.3100004196167,13.3100004196167,RAW_CLOSE,72241488.0,,CNY
300144,XSHE,2026-09-18,5.71999979019165,5.800000190734863,5.710000038146973,5.75,5.75,RAW_CLOSE,24622170.0,,CNY
300274,XSHE,2026-09-18,85.5,88.19000244140625,85.01000213623047,87.88999938964844,87.25,RAW_CLOSE,58224763.0,,CNY
300347,XSHE,2026-09-18,57.0099983215332,59.38999938964844,56.65999984741211,57.38999938964844,57.38999938964844,RAW_CLOSE,15984092.0,,CNY
300408,XSHE,2026-09-18,130.99000549316406,131.57000732421875,126.69000244140625,130.9600067138672,130.9600067138672,RAW_CLOSE,44428025.0,,CNY
300413,XSHE,2026-09-18,17.700000762939453,18.360000610351562,17.40999984741211,18.079999923706055,18.079999923706055,RAW_CLOSE,99777178.0,,CNY
300433,XSHE,2026-09-18,33.720001220703125,33.900001525878906,32.880001068115234,33.47999954223633,33.47999954223633,RAW_CLOSE,83429852.0,,CNY
300450,XSHE,2026-09-18,32.099998474121094,32.599998474121094,32.02000045776367,32.529998779296875,32.529998779296875,RAW_CLOSE,35237816.0,,CNY
300498,XSHE,2026-09-18,14.579999923706055,14.84000015258789,14.470000267028809,14.789999961853027,14.789999961853027,RAW_CLOSE,35126135.0,,CNY
300529,XSHE,2026-09-18,15.029999732971191,15.1899995803833,15.0,15.010000228881836,15.010000228881836,RAW_CLOSE,3836300.0,,CNY
300558,XSHE,2026-09-18,47.0,48.40999984741211,46.880001068115234,47.220001220703125,47.220001220703125,RAW_CLOSE,10493035.0,,CNY
300595,XSHE,2026-09-18,10.020000457763672,10.109999656677246,10.0,10.039999961853027,10.039999961853027,RAW_CLOSE,6438591.0,,CNY
300601,XSHE,2026-09-18,11.859999656677246,12.539999961853027,11.859999656677246,12.149999618530273,12.149999618530273,RAW_CLOSE,18811149.0,,CNY
300628,XSHE,2026-09-18,41.79999923706055,41.959999084472656,41.060001373291016,41.459999084472656,40.959999084472656,RAW_CLOSE,8019889.0,,CNY
300677,XSHE,2026-09-18,51.209999084472656,52.18000030517578,50.810001373291016,51.79999923706055,51.79999923706055,RAW_CLOSE,6870268.0,,CNY
600000,XSHG,2026-09-18,9.050000190734863,9.149999618530273,9.0,9.069999694824219,9.069999694824219,RAW_CLOSE,51759299.0,,CNY
600009,XSHG,2026-09-18,22.520000457763672,22.780000686645508,22.5,22.68000030517578,22.68000030517578,RAW_CLOSE,5614602.0,,CNY
600010,XSHG,2026-09-18,2.119999885559082,2.130000114440918,2.109999895095825,2.119999885559082,2.119999885559082,RAW_CLOSE,211241096.0,,CNY
600011,XSHG,2026-09-18,6.769999980926514,6.860000133514404,6.75,6.800000190734863,6.800000190734863,RAW_CLOSE,45540504.0,,CNY
600015,XSHG,2026-09-18,6.260000228881836,6.289999961853027,6.230000019073486,6.230000019073486,6.230000019073486,RAW_CLOSE,70726065.0,,CNY
600016,XSHG,2026-09-18,3.5399999618530273,3.549999952316284,3.450000047683716,3.4600000381469727,3.4600000381469727,RAW_CLOSE,372173331.0,,CNY
600018,XSHG,2026-09-18,5.429999828338623,5.449999809265137,5.360000133514404,5.360000133514404,5.360000133514404,RAW_CLOSE,44975696.0,,CNY
600019,XSHG,2026-09-18,5.71999979019165,5.789999961853027,5.699999809265137,5.760000228881836,5.760000228881836,RAW_CLOSE,70218902.0,,CNY
600025,XSHG,2026-09-18,9.720000267028809,9.789999961853027,9.670000076293945,9.680000305175781,9.680000305175781,RAW_CLOSE,20469503.0,,CNY
600028,XSHG,2026-09-18,5.130000114440918,5.170000076293945,5.099999904632568,5.159999847412109,5.159999847412109,RAW_CLOSE,182346512.0,,CNY
600029,XSHG,2026-09-18,4.869999885559082,4.949999809265137,4.860000133514404,4.929999828338623,4.929999828338623,RAW_CLOSE,48900274.0,,CNY
600030,XSHG,2026-09-18,26.280000686645508,26.6200008392334,26.280000686645508,26.540000915527344,26.540000915527344,RAW_CLOSE,84759831.0,,CNY
600031,XSHG,2026-09-18,18.06999969482422,18.1200008392334,17.850000381469727,17.889999389648438,17.889999389648438,RAW_CLOSE,82172977.0,,CNY
600036,XSHG,2026-09-18,40.529998779296875,40.91999816894531,40.43000030517578,40.59000015258789,40.59000015258789,RAW_CLOSE,48520408.0,,CNY
600048,XSHG,2026-09-18,5.03000020980835,5.349999904632568,5.010000228881836,5.320000171661377,5.320000171661377,RAW_CLOSE,295726369.0,,CNY
600050,XSHG,2026-09-18,4.199999809265137,4.289999961853027,4.190000057220459,4.21999979019165,4.21999979019165,RAW_CLOSE,143360779.0,,CNY
600061,XSHG,2026-09-18,6.210000038146973,6.260000228881836,6.199999809265137,6.230000019073486,6.230000019073486,RAW_CLOSE,27173643.0,,CNY
600079,XSHG,2026-09-18,18.420000076293945,18.559999465942383,18.399999618530273,18.459999084472656,18.459999084472656,RAW_CLOSE,4163702.0,,CNY
600085,XSHG,2026-09-18,23.200000762939453,23.440000534057617,23.190000534057617,23.219999313354492,23.219999313354492,RAW_CLOSE,2879226.0,,CNY
600104,XSHG,2026-09-18,11.15999984741211,11.220000267028809,11.039999961853027,11.100000381469727,11.100000381469727,RAW_CLOSE,46968331.0,,CNY
600109,XSHG,2026-09-18,8.1899995803833,8.289999961853027,8.1899995803833,8.25,8.25,RAW_CLOSE,18219900.0,,CNY
600111,XSHG,2026-09-18,36.959999084472656,37.20000076293945,36.709999084472656,36.86000061035156,36.86000061035156,RAW_CLOSE,36538118.0,,CNY
600115,XSHG,2026-09-18,3.3499999046325684,3.430000066757202,3.3499999046325684,3.4100000858306885,3.4100000858306885,RAW_CLOSE,207286237.0,,CNY
600118,XSHG,2026-09-18,57.77000045776367,59.61000061035156,57.720001220703125,59.599998474121094,59.599998474121094,RAW_CLOSE,32319271.0,,CNY
600132,XSHG,2026-09-18,37.810001373291016,38.150001525878906,37.77000045776367,37.77000045776367,37.77000045776367,RAW_CLOSE,2710898.0,,CNY
600143,XSHG,2026-09-18,13.199999809265137,13.350000381469727,13.09000015258789,13.170000076293945,13.072154998779297,RAW_CLOSE,21384197.0,,CNY
600150,XSHG,2026-09-18,38.599998474121094,39.970001220703125,38.279998779296875,39.470001220703125,39.470001220703125,RAW_CLOSE,113748706.0,,CNY
600161,XSHG,2026-09-18,12.149999618530273,12.270000457763672,12.109999656677246,12.170000076293945,12.072327613830566,RAW_CLOSE,7368389.0,,CNY
600176,XSHG,2026-09-18,48.0,48.47999954223633,43.880001068115234,45.02000045776367,45.02000045776367,RAW_CLOSE,392777994.0,,CNY
600183,XSHG,2026-09-18,149.0,149.60000610351562,139.39999389648438,143.92999267578125,143.92999267578125,RAW_CLOSE,87513863.0,,CNY
600196,XSHG,2026-09-18,21.850000381469727,22.15999984741211,21.809999465942383,22.030000686645508,22.030000686645508,RAW_CLOSE,14394191.0,,CNY
600233,XSHG,2026-09-18,17.770000457763672,18.700000762939453,17.760000228881836,18.329999923706055,18.329999923706055,RAW_CLOSE,49693850.0,,CNY
600276,XSHG,2026-09-18,43.52000045776367,44.150001525878906,43.5,43.90999984741211,43.90999984741211,RAW_CLOSE,56934270.0,,CNY
600299,XSHG,2026-09-18,8.25,8.329999923706055,8.210000038146973,8.289999961853027,8.289999961853027,RAW_CLOSE,22517980.0,,CNY
600309,XSHG,2026-09-18,70.33000183105469,71.1500015258789,69.93000030517578,71.1500015258789,71.1500015258789,RAW_CLOSE,28743319.0,,CNY
600332,XSHG,2026-09-18,19.40999984741211,19.549999237060547,19.399999618530273,19.520000457763672,19.520000457763672,RAW_CLOSE,4601052.0,,CNY
600340,XSHG,2026-09-18,1.0700000524520874,1.1200000047683716,1.0700000524520874,1.1100000143051147,1.1100000143051147,RAW_CLOSE,81011653.0,,CNY
600352,XSHG,2026-09-18,11.569999694824219,11.829999923706055,11.5,11.779999732971191,11.779999732971191,RAW_CLOSE,33888898.0,,CNY
600362,XSHG,2026-09-18,44.20000076293945,44.5,43.58000183105469,44.029998779296875,44.029998779296875,RAW_CLOSE,42410708.0,,CNY
600383,XSHG,2026-09-18,2.1500000953674316,2.2799999713897705,2.140000104904175,2.25,2.25,RAW_CLOSE,140133772.0,,CNY
600406,XSHG,2026-09-18,21.979999542236328,22.1200008392334,21.920000076293945,22.049999237060547,21.900985717773438,RAW_CLOSE,22789293.0,,CNY
600426,XSHG,2026-09-18,19.40999984741211,19.700000762939453,19.299999237060547,19.469999313354492,19.469999313354492,RAW_CLOSE,21899491.0,,CNY
600436,XSHG,2026-09-18,117.69999694824219,118.94999694824219,117.62999725341797,118.30999755859375,118.30999755859375,RAW_CLOSE,1675720.0,,CNY
600438,XSHG,2026-09-18,11.1899995803833,11.380000114440918,11.140000343322754,11.350000381469727,11.350000381469727,RAW_CLOSE,29161517.0,,CNY
600482,XSHG,2026-09-18,32.68000030517578,34.0,32.31999969482422,33.95000076293945,33.95000076293945,RAW_CLOSE,18919201.0,,CNY
600489,XSHG,2026-09-18,24.5,24.559999465942383,23.489999771118164,24.049999237060547,24.049999237060547,RAW_CLOSE,78996866.0,,CNY
600519,XSHG,2026-09-18,1262.989990234375,1265.8800048828125,1256.0999755859375,1257.1199951171875,1257.1199951171875,RAW_CLOSE,2489087.0,,CNY
600521,XSHG,2026-09-18,16.350000381469727,16.559999465942383,16.1299991607666,16.139999389648438,16.139999389648438,RAW_CLOSE,18886806.0,,CNY
600522,XSHG,2026-09-18,36.900001525878906,36.900001525878906,35.31999969482422,35.97999954223633,35.97999954223633,RAW_CLOSE,292511875.0,,CNY
600547,XSHG,2026-09-18,33.5,33.54999923706055,32.0,32.77000045776367,32.77000045776367,RAW_CLOSE,82795495.0,,CNY
600570,XSHG,2026-09-18,20.09000015258789,20.229999542236328,20.079999923706055,20.149999618530273,20.149999618530273,RAW_CLOSE,13526079.0,,CNY
600584,XSHG,2026-09-18,69.0999984741211,74.0,68.54000091552734,73.0,72.94918060302734,RAW_CLOSE,161017878.0,,CNY
600585,XSHG,2026-09-18,16.979999542236328,17.100000381469727,16.899999618530273,17.020000457763672,17.020000457763672,RAW_CLOSE,14059006.0,,CNY
600588,XSHG,2026-09-18,9.399999618530273,9.510000228881836,9.369999885559082,9.460000038146973,9.460000038146973,RAW_CLOSE,34003890.0,,CNY
600600,XSHG,2026-09-18,50.11000061035156,50.380001068115234,50.060001373291016,50.060001373291016,50.060001373291016,RAW_CLOSE,3305448.0,,CNY
600606,XSHG,2026-09-18,1.3300000429153442,1.4500000476837158,1.309999942779541,1.4500000476837158,1.4500000476837158,RAW_CLOSE,358520784.0,,CNY
600655,XSHG,2026-09-18,4.559999942779541,4.599999904632568,4.539999961853027,4.570000171661377,4.570000171661377,RAW_CLOSE,9848651.0,,CNY
600660,XSHG,2026-09-18,54.0099983215332,54.41999816894531,53.599998474121094,53.68000030517578,52.68223190307617,RAW_CLOSE,11798073.0,,CNY
600690,XSHG,2026-09-18,20.65999984741211,21.059999465942383,20.649999618530273,20.68000030517578,20.68000030517578,RAW_CLOSE,27210901.0,,CNY
600703,XSHG,2026-09-18,13.0,13.100000381469727,12.779999732971191,12.979999542236328,12.979999542236328,RAW_CLOSE,104861167.0,,CNY
600741,XSHG,2026-09-18,15.180000305175781,15.229999542236328,14.880000114440918,14.880000114440918,14.880000114440918,RAW_CLOSE,20306624.0,,CNY
600745,XSHG,2026-09-18,16.6299991607666,16.860000610351562,16.56999969482422,16.739999771118164,16.739999771118164,RAW_CLOSE,21270001.0,,CNY
600760,XSHG,2026-09-18,44.04999923706055,44.369998931884766,43.7400016784668,43.900001525878906,43.900001525878906,RAW_CLOSE,12754980.0,,CNY
600763,XSHG,2026-09-18,32.619998931884766,33.02000045776367,32.619998931884766,32.720001220703125,32.720001220703125,RAW_CLOSE,5402237.0,,CNY
600795,XSHG,2026-09-18,5.260000228881836,5.349999904632568,5.230000019073486,5.260000228881836,5.260000228881836,RAW_CLOSE,103295228.0,,CNY
600809,XSHG,2026-09-18,112.5,113.30000305175781,112.23999786376953,112.69999694824219,112.69999694824219,RAW_CLOSE,4052849.0,,CNY
600845,XSHG,2026-09-18,16.899999618530273,18.100000381469727,16.8700008392334,17.969999313354492,17.969999313354492,RAW_CLOSE,38782905.0,,CNY
600848,XSHG,2026-09-18,8.420000076293945,8.579999923706055,8.359999656677246,8.510000228881836,8.510000228881836,RAW_CLOSE,5906940.0,,CNY
600872,XSHG,2026-09-18,17.260000228881836,17.31999969482422,17.1200008392334,17.15999984741211,17.15999984741211,RAW_CLOSE,9170272.0,,CNY
600887,XSHG,2026-09-18,26.540000915527344,26.65999984741211,26.399999618530273,26.600000381469727,26.600000381469727,RAW_CLOSE,31556408.0,,CNY
600893,XSHG,2026-09-18,39.5099983215332,39.81999969482422,38.970001220703125,39.189998626708984,39.189998626708984,RAW_CLOSE,22217665.0,,CNY
600900,XSHG,2026-09-18,28.329999923706055,28.459999084472656,28.190000534057617,28.270000457763672,28.270000457763672,RAW_CLOSE,71897527.0,,CNY
600918,XSHG,2026-09-18,5.420000076293945,5.489999771118164,5.409999847412109,5.449999809265137,5.449999809265137,RAW_CLOSE,27426729.0,,CNY
600919,XSHG,2026-09-18,11.989999771118164,12.270000457763672,11.979999542236328,12.170000076293945,12.170000076293945,RAW_CLOSE,92434556.0,,CNY
600926,XSHG,2026-09-18,17.100000381469727,17.299999237060547,17.030000686645508,17.139999389648438,16.682401657104492,RAW_CLOSE,25638943.0,,CNY
600958,XSHG,2026-09-18,8.779999732971191,8.869999885559082,8.760000228881836,8.829999923706055,8.829999923706055,RAW_CLOSE,36793250.0,,CNY
600989,XSHG,2026-09-18,23.030000686645508,23.700000762939453,22.959999084472656,23.59000015258789,23.59000015258789,RAW_CLOSE,50373927.0,,CNY
600999,XSHG,2026-09-18,17.299999237060547,17.649999618530273,17.299999237060547,17.59000015258789,17.59000015258789,RAW_CLOSE,39587990.0,,CNY
601006,XSHG,2026-09-18,4.710000038146973,4.730000019073486,4.690000057220459,4.699999809265137,4.699999809265137,RAW_CLOSE,75610062.0,,CNY
601009,XSHG,2026-09-18,11.770000457763672,11.9399995803833,11.680000305175781,11.800000190734863,11.800000190734863,RAW_CLOSE,48137958.0,,CNY
601012,XSHG,2026-09-18,11.0600004196167,11.239999771118164,11.039999961853027,11.229999542236328,11.229999542236328,RAW_CLOSE,74906608.0,,CNY
601021,XSHG,2026-09-18,41.900001525878906,42.369998931884766,41.79999923706055,41.900001525878906,41.570316314697266,RAW_CLOSE,4789721.0,,CNY
601066,XSHG,2026-09-18,23.360000610351562,23.780000686645508,23.31999969482422,23.6200008392334,23.6200008392334,RAW_CLOSE,14651712.0,,CNY
601077,XSHG,2026-09-18,6.539999961853027,6.599999904632568,6.5,6.53000020980835,6.53000020980835,RAW_CLOSE,61935315.0,,CNY
601088,XSHG,2026-09-18,46.20000076293945,46.70000076293945,46.099998474121094,46.22999954223633,46.22999954223633,RAW_CLOSE,16365848.0,,CNY
601100,XSHG,2026-09-18,94.93000030517578,95.55000305175781,92.19999694824219,92.19999694824219,92.19999694824219,RAW_CLOSE,6854187.0,,CNY
601108,XSHG,2026-09-18,8.380000114440918,8.529999732971191,8.380000114440918,8.4399995803833,8.4399995803833,RAW_CLOSE,53109980.0,,CNY
601111,XSHG,2026-09-18,5.789999961853027,5.900000095367432,5.78000020980835,5.829999923706055,5.829999923706055,RAW_CLOSE,72443707.0,,CNY
601138,XSHG,2026-09-18,62.97999954223633,63.95000076293945,62.0,62.709999084472656,62.709999084472656,RAW_CLOSE,111207545.0,,CNY
601155,XSHG,2026-09-18,11.09000015258789,12.25,11.09000015258789,12.239999771118164,12.239999771118164,RAW_CLOSE,39879496.0,,CNY
601162,XSHG,2026-09-18,3.569999933242798,3.6500000953674316,3.569999933242798,3.630000114440918,3.630000114440918,RAW_CLOSE,130571390.0,,CNY
601166,XSHG,2026-09-18,17.709999084472656,17.860000610351562,17.68000030517578,17.780000686645508,17.780000686645508,RAW_CLOSE,62121015.0,,CNY
601169,XSHG,2026-09-18,5.519999980926514,5.619999885559082,5.510000228881836,5.539999961853027,5.539999961853027,RAW_CLOSE,137805973.0,,CNY
601186,XSHG,2026-09-18,6.0,6.039999961853027,5.989999771118164,6.03000020980835,6.03000020980835,RAW_CLOSE,20194646.0,,CNY
601211,XSHG,2026-09-18,17.360000610351562,17.6299991607666,17.309999465942383,17.5,17.5,RAW_CLOSE,58307806.0,,CNY
601216,XSHG,2026-09-18,4.639999866485596,4.650000095367432,4.579999923706055,4.619999885559082,4.619999885559082,RAW_CLOSE,46355928.0,,CNY
601225,XSHG,2026-09-18,25.350000381469727,25.489999771118164,25.100000381469727,25.200000762939453,25.200000762939453,RAW_CLOSE,27359174.0,,CNY
601229,XSHG,2026-09-18,9.579999923706055,9.6899995803833,9.5600004196167,9.5600004196167,9.5600004196167,RAW_CLOSE,38575720.0,,CNY
601231,XSHG,2026-09-18,26.8700008392334,27.299999237060547,26.219999313354492,26.989999771118164,26.989999771118164,RAW_CLOSE,38150611.0,,CNY
601236,XSHG,2026-09-18,6.690000057220459,6.75,6.690000057220459,6.730000019073486,6.730000019073486,RAW_CLOSE,8708592.0,,CNY
601238,XSHG,2026-09-18,5.090000152587891,5.090000152587891,5.090000152587891,5.090000152587891,5.090000152587891,RAW_CLOSE,0.0,,CNY
601288,XSHG,2026-09-18,6.829999923706055,6.889999866485596,6.78000020980835,6.809999942779541,6.809999942779541,RAW_CLOSE,286429514.0,,CNY
601318,XSHG,2026-09-18,53.31999969482422,53.79999923706055,53.029998779296875,53.369998931884766,53.369998931884766,RAW_CLOSE,61166682.0,,CNY
601319,XSHG,2026-09-18,7.690000057220459,7.949999809265137,7.630000114440918,7.820000171661377,7.820000171661377,RAW_CLOSE,98230753.0,,CNY
601328,XSHG,2026-09-18,7.53000020980835,7.579999923706055,7.449999809265137,7.460000038146973,7.460000038146973,RAW_CLOSE,217865412.0,,CNY
601336,XSHG,2026-09-18,57.5,58.27000045776367,57.45000076293945,58.18000030517578,58.18000030517578,RAW_CLOSE,12482194.0,,CNY
601360,XSHG,2026-09-18,8.710000038146973,8.880000114440918,8.6899995803833,8.770000457763672,8.721440315246582,RAW_CLOSE,90613862.0,,CNY
601377,XSHG,2026-09-18,5.869999885559082,5.929999828338623,5.849999904632568,5.909999847412109,5.909999847412109,RAW_CLOSE,56058759.0,,CNY
601390,XSHG,2026-09-18,4.28000020980835,4.309999942779541,4.260000228881836,4.300000190734863,4.300000190734863,RAW_CLOSE,73554589.0,,CNY
601398,XSHG,2026-09-18,8.09000015258789,8.170000076293945,8.0600004196167,8.069999694824219,8.069999694824219,RAW_CLOSE,246642728.0,,CNY
601555,XSHG,2026-09-18,8.3100004196167,8.369999885559082,8.270000457763672,8.300000190734863,8.300000190734863,RAW_CLOSE,25572233.0,,CNY
601600,XSHG,2026-09-18,9.3100004196167,9.380000114440918,9.210000038146973,9.350000381469727,9.350000381469727,RAW_CLOSE,148575889.0,,CNY
601601,XSHG,2026-09-18,31.850000381469727,32.4900016784668,31.719999313354492,32.08000183105469,32.08000183105469,RAW_CLOSE,30876361.0,,CNY
601607,XSHG,2026-09-18,16.079999923706055,16.139999389648438,15.899999618530273,15.899999618530273,15.899999618530273,RAW_CLOSE,11806824.0,,CNY
601618,XSHG,2026-09-18,2.509999990463257,2.549999952316284,2.5,2.5399999618530273,2.5399999618530273,RAW_CLOSE,65287596.0,,CNY
601628,XSHG,2026-09-18,37.11000061035156,37.939998626708984,37.11000061035156,37.79999923706055,37.79999923706055,RAW_CLOSE,25020286.0,,CNY
601633,XSHG,2026-09-18,14.180000305175781,14.25,14.029999732971191,14.050000190734863,14.050000190734863,RAW_CLOSE,19639657.0,,CNY
601658,XSHG,2026-09-18,5.360000133514404,5.400000095367432,5.320000171661377,5.329999923706055,5.329999923706055,RAW_CLOSE,145732018.0,,CNY
601668,XSHG,2026-09-18,4.260000228881836,4.289999961853027,4.25,4.28000020980835,4.28000020980835,RAW_CLOSE,154629848.0,,CNY
601669,XSHG,2026-09-18,4.599999904632568,4.650000095367432,4.590000152587891,4.610000133514404,4.610000133514404,RAW_CLOSE,80083829.0,,CNY
601688,XSHG,2026-09-18,18.209999084472656,18.43000030517578,18.15999984741211,18.329999923706055,18.329999923706055,RAW_CLOSE,50296370.0,,CNY
601696,XSHG,2026-09-18,11.220000267028809,11.359999656677246,11.220000267028809,11.300000190734863,11.300000190734863,RAW_CLOSE,26563823.0,,CNY
601698,XSHG,2026-09-18,23.6299991607666,24.239999771118164,23.6299991607666,24.209999084472656,24.209999084472656,RAW_CLOSE,23301599.0,,CNY
601727,XSHG,2026-09-18,6.360000133514404,6.5,6.360000133514404,6.5,6.5,RAW_CLOSE,62851724.0,,CNY
601766,XSHG,2026-09-18,5.949999809265137,6.079999923706055,5.949999809265137,6.0,6.0,RAW_CLOSE,141653722.0,,CNY
601788,XSHG,2026-09-18,13.880000114440918,13.979999542236328,13.859999656677246,13.9399995803833,13.9399995803833,RAW_CLOSE,12166404.0,,CNY
601799,XSHG,2026-09-18,71.83999633789062,72.86000061035156,71.4000015258789,72.77999877929688,72.77999877929688,RAW_CLOSE,3617581.0,,CNY
601800,XSHG,2026-09-18,5.809999942779541,5.860000133514404,5.800000190734863,5.840000152587891,5.840000152587891,RAW_CLOSE,20399100.0,,CNY
601808,XSHG,2026-09-18,12.050000190734863,12.1899995803833,11.989999771118164,12.149999618530273,12.149999618530273,RAW_CLOSE,8848640.0,,CNY
601816,XSHG,2026-09-18,4.760000228881836,4.78000020980835,4.739999771118164,4.75,4.75,RAW_CLOSE,94044806.0,,CNY
601818,XSHG,2026-09-18,3.049999952316284,3.049999952316284,3.0199999809265137,3.0199999809265137,3.0199999809265137,RAW_CLOSE,146907111.0,,CNY
601838,XSHG,2026-09-18,19.309999465942383,19.440000534057617,19.1200008392334,19.139999389648438,19.139999389648438,RAW_CLOSE,20858698.0,,CNY
601857,XSHG,2026-09-18,10.529999732971191,10.630000114440918,10.4399995803833,10.5600004196167,10.5600004196167,RAW_CLOSE,118875824.0,,CNY
601872,XSHG,2026-09-18,21.610000610351562,22.899999618530273,21.0,22.360000610351562,22.360000610351562,RAW_CLOSE,223158137.0,,CNY
601877,XSHG,2026-09-18,24.81999969482422,25.389999389648438,24.799999237060547,25.260000228881836,25.260000228881836,RAW_CLOSE,16707589.0,,CNY
601878,XSHG,2026-09-18,9.0,9.100000381469727,9.0,9.079999923706055,9.079999923706055,RAW_CLOSE,14818651.0,,CNY
601881,XSHG,2026-09-18,11.989999771118164,12.100000381469727,11.960000038146973,12.079999923706055,12.079999923706055,RAW_CLOSE,18189592.0,,CNY
601888,XSHG,2026-09-18,51.20000076293945,52.0,51.15999984741211,52.0,52.0,RAW_CLOSE,14762602.0,,CNY
601899,XSHG,2026-09-18,31.5,31.719999313354492,31.15999984741211,31.40999984741211,31.40999984741211,RAW_CLOSE,177097517.0,,CNY
601901,XSHG,2026-09-18,6.769999980926514,6.849999904632568,6.769999980926514,6.829999923706055,6.829999923706055,RAW_CLOSE,33874099.0,,CNY
601916,XSHG,2026-09-18,2.9200000762939453,2.940000057220459,2.9000000953674316,2.9000000953674316,2.9000000953674316,RAW_CLOSE,100789406.0,,CNY
601919,XSHG,2026-09-18,16.1299991607666,16.280000686645508,16.059999465942383,16.100000381469727,16.100000381469727,RAW_CLOSE,67596891.0,,CNY
601933,XSHG,2026-09-18,2.9800000190734863,3.0799999237060547,2.9800000190734863,3.049999952316284,3.049999952316284,RAW_CLOSE,124782597.0,,CNY
601939,XSHG,2026-09-18,10.84000015258789,10.9399995803833,10.770000457763672,10.8100004196167,10.8100004196167,RAW_CLOSE,94810604.0,,CNY
601985,XSHG,2026-09-18,9.0,9.020000457763672,8.930000305175781,8.9399995803833,8.9399995803833,RAW_CLOSE,64844347.0,,CNY
601988,XSHG,2026-09-18,6.550000190734863,6.639999866485596,6.5,6.539999961853027,6.539999961853027,RAW_CLOSE,220006470.0,,CNY
601990,XSHG,2026-09-18,6.610000133514404,6.670000076293945,6.610000133514404,6.639999866485596,6.639999866485596,RAW_CLOSE,14555787.0,,CNY
601995,XSHG,2026-09-18,31.799999237060547,31.799999237060547,31.799999237060547,31.799999237060547,31.799999237060547,RAW_CLOSE,0.0,,CNY
601998,XSHG,2026-09-18,8.829999923706055,9.039999961853027,8.789999961853027,8.960000038146973,8.960000038146973,RAW_CLOSE,49320515.0,,CNY
603019,XSHG,2026-09-18,83.48999786376953,84.37999725341797,83.01000213623047,84.30000305175781,84.30000305175781,RAW_CLOSE,28502218.0,,CNY
603087,XSHG,2026-09-18,69.51000213623047,70.55000305175781,68.77999877929688,68.91000366210938,68.91000366210938,RAW_CLOSE,6638423.0,,CNY
603160,XSHG,2026-09-18,53.279998779296875,53.72999954223633,52.779998779296875,53.25,53.25,RAW_CLOSE,3621991.0,,CNY
603195,XSHG,2026-09-18,37.900001525878906,38.439998626708984,37.849998474121094,38.0,38.0,RAW_CLOSE,2356100.0,,CNY
603233,XSHG,2026-09-18,18.25,18.8700008392334,18.15999984741211,18.3799991607666,18.3799991607666,RAW_CLOSE,11612337.0,,CNY
603259,XSHG,2026-09-18,161.11000061035156,164.5500030517578,158.6999969482422,160.0,160.0,RAW_CLOSE,37410314.0,,CNY
603288,XSHG,2026-09-18,33.900001525878906,34.18000030517578,33.810001373291016,33.849998474121094,33.849998474121094,RAW_CLOSE,9681868.0,,CNY
603338,XSHG,2026-09-18,54.58000183105469,54.58000183105469,53.650001525878906,54.13999938964844,54.13999938964844,RAW_CLOSE,2503200.0,,CNY
603369,XSHG,2026-09-18,27.229999542236328,27.760000228881836,27.149999618530273,27.75,27.75,RAW_CLOSE,8262686.0,,CNY
603392,XSHG,2026-09-18,25.15999984741211,26.100000381469727,25.049999237060547,25.420000076293945,25.420000076293945,RAW_CLOSE,5818705.0,,CNY
603501,XSHG,2026-09-18,79.16999816894531,81.77999877929688,79.16999816894531,81.2699966430664,81.2699966430664,RAW_CLOSE,16746455.0,,CNY
603517,XSHG,2026-09-18,11.539999961853027,11.729999542236328,11.5,11.670000076293945,11.670000076293945,RAW_CLOSE,5321800.0,,CNY
603658,XSHG,2026-09-18,32.16999816894531,32.4900016784668,31.969999313354492,32.16999816894531,32.16999816894531,RAW_CLOSE,1883630.0,,CNY
603659,XSHG,2026-09-18,22.299999237060547,22.56999969482422,22.09000015258789,22.270000457763672,22.270000457763672,RAW_CLOSE,14068861.0,,CNY
603799,XSHG,2026-09-18,35.45000076293945,35.900001525878906,35.22999954223633,35.779998779296875,35.779998779296875,RAW_CLOSE,36502539.0,,CNY
603806,XSHG,2026-09-18,14.15999984741211,14.489999771118164,14.079999923706055,14.369999885559082,14.369999885559082,RAW_CLOSE,22180747.0,,CNY
603833,XSHG,2026-09-18,28.3799991607666,28.8799991607666,28.270000457763672,28.81999969482422,28.81999969482422,RAW_CLOSE,2271956.0,,CNY
603882,XSHG,2026-09-18,27.5,29.360000610351562,27.350000381469727,28.010000228881836,28.010000228881836,RAW_CLOSE,15689994.0,,CNY
603899,XSHG,2026-09-18,21.979999542236328,22.079999923706055,21.729999542236328,21.739999771118164,21.739999771118164,RAW_CLOSE,3020647.0,,CNY
603939,XSHG,2026-09-18,22.690000534057617,22.950000762939453,22.549999237060547,22.780000686645508,22.780000686645508,RAW_CLOSE,6337213.0,,CNY
603986,XSHG,2026-09-18,379.989990234375,390.6600036621094,378.0,388.17999267578125,388.17999267578125,RAW_CLOSE,41051390.0,,CNY
603993,XSHG,2026-09-18,17.56999969482422,17.65999984741211,17.350000381469727,17.510000228881836,17.510000228881836,RAW_CLOSE,128741653.0,,CNY
688008,XSHG,2026-09-18,199.97000122070312,205.5,198.0,202.52999877929688,202.52999877929688,RAW_CLOSE,39985900.0,,CNY
688009,XSHG,2026-09-18,4.619999885559082,4.679999828338623,4.610000133514404,4.670000076293945,4.670000076293945,RAW_CLOSE,21756487.0,,CNY
688012,XSHG,2026-09-18,357.6000061035156,362.0,350.8299865722656,354.9200134277344,354.9200134277344,RAW_CLOSE,20605046.0,,CNY
688036,XSHG,2026-09-18,52.79999923706055,53.279998779296875,52.38999938964844,52.77000045776367,52.77000045776367,RAW_CLOSE,6668396.0,,CNY
688111,XSHG,2026-09-18,225.0,225.1999969482422,221.8000030517578,223.61000061035156,223.61000061035156,RAW_CLOSE,5100511.0,,CNY
688126,XSHG,2026-09-18,24.360000610351562,24.549999237060547,23.709999084472656,24.40999984741211,24.40999984741211,RAW_CLOSE,69905937.0,,CNY
688169,XSHG,2026-09-18,120.08999633789062,121.0,117.0,118.5999984741211,118.5999984741211,RAW_CLOSE,4993871.0,,CNY
688363,XSHG,2026-09-18,34.33000183105469,34.650001525878906,34.16999816894531,34.45000076293945,34.45000076293945,RAW_CLOSE,2124075.0,,CNY
688396,XSHG,2026-09-18,59.400001525878906,61.5,58.689998626708984,60.790000915527344,60.790000915527344,RAW_CLOSE,20911942.0,,CNY
000001,XSHE,2026-09-21,11.699999809265137,11.729999542236328,11.600000381469727,11.729999542236328,11.478208541870117,RAW_CLOSE,81755531.0,,CNY
000002,XSHE,2026-09-21,3.299999952316284,3.6500000953674316,3.2699999809265137,3.6500000953674316,3.6500000953674316,RAW_CLOSE,834426608.0,,CNY
000063,XSHE,2026-09-21,32.459999084472656,33.689998626708984,32.459999084472656,33.150001525878906,33.150001525878906,RAW_CLOSE,94455828.0,,CNY
000066,XSHE,2026-09-21,14.149999618530273,14.979999542236328,14.149999618530273,14.84000015258789,14.84000015258789,RAW_CLOSE,143673104.0,,CNY
000069,XSHE,2026-09-21,1.8200000524520874,1.9500000476837158,1.7899999618530273,1.9199999570846558,1.9199999570846558,RAW_CLOSE,165623993.0,,CNY
000100,XSHE,2026-09-21,4.980000019073486,5.090000152587891,4.980000019073486,5.079999923706055,5.079999923706055,RAW_CLOSE,576233995.0,,CNY
000157,XSHE,2026-09-21,6.190000057220459,6.199999809265137,6.139999866485596,6.199999809265137,6.199999809265137,RAW_CLOSE,30504096.0,,CNY
000166,XSHE,2026-09-21,4.409999847412109,4.489999771118164,4.400000095367432,4.46999979019165,4.46999979019165,RAW_CLOSE,61969630.0,,CNY
000333,XSHE,2026-09-21,84.08000183105469,84.18000030517578,80.68000030517578,80.9000015258789,80.9000015258789,RAW_CLOSE,61690841.0,,CNY
000338,XSHE,2026-09-21,27.239999771118164,27.489999771118164,26.8799991607666,27.079999923706055,27.079999923706055,RAW_CLOSE,62589054.0,,CNY
000425,XSHE,2026-09-21,7.420000076293945,7.449999809265137,7.329999923706055,7.389999866485596,7.389999866485596,RAW_CLOSE,121687498.0,,CNY
000538,XSHE,2026-09-21,51.0,51.25,50.79999923706055,51.09000015258789,50.057456970214844,RAW_CLOSE,7307051.0,,CNY
000568,XSHE,2026-09-21,72.27999877929688,72.72000122070312,71.5999984741211,72.19999694824219,72.19999694824219,RAW_CLOSE,9036052.0,,CNY
000596,XSHE,2026-09-21,93.27999877929688,96.27999877929688,92.76000213623047,95.45999908447266,95.45999908447266,RAW_CLOSE,2726956.0,,CNY
000625,XSHE,2026-09-21,7.110000133514404,7.159999847412109,7.079999923706055,7.150000095367432,7.150000095367432,RAW_CLOSE,31468542.0,,CNY
000651,XSHE,2026-09-21,38.54999923706055,38.54999923706055,37.83000183105469,38.0,38.0,RAW_CLOSE,48987320.0,,CNY
000656,XSHE,2026-09-21,1.2400000095367432,1.2799999713897705,1.2100000381469727,1.25,1.25,RAW_CLOSE,290601212.0,,CNY
000661,XSHE,2026-09-21,72.0,74.27999877929688,71.87999725341797,74.12999725341797,74.12999725341797,RAW_CLOSE,6813240.0,,CNY
000703,XSHE,2026-09-21,16.790000915527344,17.1200008392334,16.510000228881836,16.950000762939453,16.950000762939453,RAW_CLOSE,71933224.0,,CNY
000708,XSHE,2026-09-21,12.970000267028809,13.029999732971191,12.729999542236328,12.84000015258789,12.84000015258789,RAW_CLOSE,16405916.0,,CNY
000725,XSHE,2026-09-21,6.0,6.179999828338623,5.96999979019165,6.070000171661377,6.070000171661377,RAW_CLOSE,1790600352.0,,CNY
000728,XSHE,2026-09-21,7.489999771118164,7.550000190734863,7.440000057220459,7.53000020980835,7.53000020980835,RAW_CLOSE,20993141.0,,CNY
000768,XSHE,2026-09-21,22.350000381469727,23.229999542236328,22.280000686645508,22.90999984741211,22.90999984741211,RAW_CLOSE,21903390.0,,CNY
000776,XSHE,2026-09-21,20.780000686645508,21.079999923706055,20.65999984741211,20.979999542236328,20.979999542236328,RAW_CLOSE,44001060.0,,CNY
000783,XSHE,2026-09-21,8.420000076293945,8.529999732971191,8.399999618530273,8.510000228881836,8.510000228881836,RAW_CLOSE,64364334.0,,CNY
000786,XSHE,2026-09-21,15.880000114440918,16.3700008392334,15.850000381469727,16.270000457763672,16.270000457763672,RAW_CLOSE,18413042.0,,CNY
000800,XSHE,2026-09-21,5.909999847412109,5.949999809265137,5.900000095367432,5.929999828338623,5.929999828338623,RAW_CLOSE,9072401.0,,CNY
000858,XSHE,2026-09-21,69.95999908447266,70.36000061035156,69.80000305175781,70.2699966430664,70.2699966430664,RAW_CLOSE,16949482.0,,CNY
000860,XSHE,2026-09-21,10.229999542236328,10.699999809265137,10.199999809265137,10.670000076293945,10.670000076293945,RAW_CLOSE,15286471.0,,CNY
000876,XSHE,2026-09-21,7.190000057220459,7.300000190734863,7.119999885559082,7.28000020980835,7.28000020980835,RAW_CLOSE,42892093.0,,CNY
000895,XSHE,2026-09-21,23.299999237060547,23.309999465942383,23.079999923706055,23.260000228881836,23.260000228881836,RAW_CLOSE,9220763.0,,CNY
000938,XSHE,2026-09-21,34.0,34.290000915527344,33.61000061035156,33.84000015258789,33.84000015258789,RAW_CLOSE,105460669.0,,CNY
000963,XSHE,2026-09-21,26.25,26.770000457763672,26.239999771118164,26.760000228881836,26.760000228881836,RAW_CLOSE,18071594.0,,CNY
000977,XSHE,2026-09-21,72.01000213623047,72.48999786376953,71.25,71.8499984741211,71.8499984741211,RAW_CLOSE,46514141.0,,CNY
001979,XSHE,2026-09-21,6.96999979019165,7.46999979019165,6.840000152587891,7.380000114440918,7.380000114440918,RAW_CLOSE,171932255.0,,CNY
002001,XSHE,2026-09-21,26.229999542236328,26.850000381469727,26.229999542236328,26.760000228881836,26.760000228881836,RAW_CLOSE,21414386.0,,CNY
002007,XSHE,2026-09-21,12.949999809265137,13.369999885559082,12.949999809265137,13.300000190734863,13.300000190734863,RAW_CLOSE,18085581.0,,CNY
002008,XSHE,2026-09-21,99.66999816894531,101.05999755859375,96.0,96.55000305175781,96.55000305175781,RAW_CLOSE,53030825.0,,CNY
002024,XSHE,2026-09-21,1.159999966621399,1.1799999475479126,1.159999966621399,1.1699999570846558,1.1699999570846558,RAW_CLOSE,23148413.0,,CNY
002027,XSHE,2026-09-21,4.659999847412109,4.760000228881836,4.650000095367432,4.760000228881836,4.760000228881836,RAW_CLOSE,119298037.0,,CNY
002032,XSHE,2026-09-21,39.880001068115234,40.189998626708984,39.209999084472656,39.25,39.25,RAW_CLOSE,1778641.0,,CNY
002044,XSHE,2026-09-21,4.409999847412109,4.619999885559082,4.389999866485596,4.559999942779541,4.559999942779541,RAW_CLOSE,101204996.0,,CNY
002049,XSHE,2026-09-21,61.58000183105469,61.88999938964844,60.93000030517578,61.369998931884766,61.369998931884766,RAW_CLOSE,10753009.0,,CNY
002050,XSHE,2026-09-21,35.43000030517578,36.79999923706055,35.31999969482422,36.18000030517578,36.18000030517578,RAW_CLOSE,64980116.0,,CNY
002120,XSHE,2026-09-21,6.96999979019165,7.110000133514404,6.949999809265137,7.059999942779541,7.059999942779541,RAW_CLOSE,43818840.0,,CNY
002129,XSHE,2026-09-21,8.760000228881836,9.029999732971191,8.760000228881836,9.020000457763672,9.020000457763672,RAW_CLOSE,70101553.0,,CNY
002142,XSHE,2026-09-21,34.52000045776367,35.040000915527344,34.29999923706055,34.88999938964844,34.88999938964844,RAW_CLOSE,24018239.0,,CNY
002153,XSHE,2026-09-21,7.599999904632568,7.78000020980835,7.570000171661377,7.75,7.75,RAW_CLOSE,13613117.0,,CNY
002157,XSHE,2026-09-21,3.0199999809265137,3.059999942779541,2.990000009536743,3.059999942779541,3.059999942779541,RAW_CLOSE,138443468.0,,CNY
002179,XSHE,2026-09-21,35.52000045776367,36.08000183105469,35.310001373291016,35.630001068115234,35.630001068115234,RAW_CLOSE,20411853.0,,CNY
002202,XSHE,2026-09-21,18.190000534057617,18.25,18.100000381469727,18.1299991607666,18.1299991607666,RAW_CLOSE,62729631.0,,CNY
002230,XSHE,2026-09-21,38.5099983215332,38.880001068115234,38.5099983215332,38.810001373291016,38.810001373291016,RAW_CLOSE,14789469.0,,CNY
002236,XSHE,2026-09-21,15.789999961853027,15.829999923706055,15.720000267028809,15.819999694824219,15.819999694824219,RAW_CLOSE,15156525.0,,CNY
002241,XSHE,2026-09-21,23.5,23.81999969482422,23.18000030517578,23.799999237060547,23.799999237060547,RAW_CLOSE,95211647.0,,CNY
002252,XSHE,2026-09-21,4.929999828338623,5.03000020980835,4.920000076293945,5.0,5.0,RAW_CLOSE,43677340.0,,CNY
002271,XSHE,2026-09-21,10.300000190734863,10.829999923706055,10.25,10.729999542236328,10.729999542236328,RAW_CLOSE,69720603.0,,CNY
002304,XSHE,2026-09-21,38.099998474121094,38.5,37.90999984741211,38.400001525878906,38.400001525878906,RAW_CLOSE,3386906.0,,CNY
002311,XSHE,2026-09-21,41.95000076293945,42.470001220703125,41.709999084472656,42.41999816894531,42.41999816894531,RAW_CLOSE,6023710.0,,CNY
002352,XSHE,2026-09-21,30.700000762939453,31.110000610351562,30.610000610351562,30.940000534057617,30.940000534057617,RAW_CLOSE,11815834.0,,CNY
002371,XSHE,2026-09-21,688.0,691.0,670.0,676.6099853515625,676.6099853515625,RAW_CLOSE,5922398.0,,CNY
002384,XSHE,2026-09-21,197.0,200.17999267578125,192.91000366210938,195.02000427246094,195.02000427246094,RAW_CLOSE,50001276.0,,CNY
002410,XSHE,2026-09-21,8.40999984741211,8.619999885559082,8.390000343322754,8.600000381469727,8.600000381469727,RAW_CLOSE,20036876.0,,CNY
002414,XSHE,2026-09-21,12.430000305175781,12.430000305175781,12.300000190734863,12.380000114440918,12.279999732971191,RAW_CLOSE,44164653.0,,CNY
002415,XSHE,2026-09-21,32.9900016784668,33.04999923706055,32.29999923706055,32.58000183105469,32.58000183105469,RAW_CLOSE,57897033.0,,CNY
002456,XSHE,2026-09-21,7.019999980926514,7.110000133514404,7.0,7.039999961853027,7.039999961853027,RAW_CLOSE,56631181.0,,CNY
002460,XSHE,2026-09-21,46.209999084472656,46.720001220703125,45.95000076293945,46.560001373291016,46.560001373291016,RAW_CLOSE,25124154.0,,CNY
002463,XSHE,2026-09-21,125.72000122070312,127.5999984741211,123.69999694824219,126.0,126.0,RAW_CLOSE,44334597.0,,CNY
002475,XSHE,2026-09-21,54.630001068115234,54.9900016784668,54.040000915527344,54.439998626708984,54.439998626708984,RAW_CLOSE,64508456.0,,CNY
002493,XSHE,2026-09-21,12.829999923706055,13.170000076293945,12.729999542236328,13.109999656677246,13.109999656677246,RAW_CLOSE,47400355.0,,CNY
002508,XSHE,2026-09-21,16.329999923706055,16.68000030517578,16.170000076293945,16.360000610351562,16.360000610351562,RAW_CLOSE,10040320.0,,CNY
002555,XSHE,2026-09-21,17.59000015258789,17.770000457763672,17.510000228881836,17.729999542236328,17.729999542236328,RAW_CLOSE,15509349.0,,CNY
002558,XSHE,2026-09-21,24.829999923706055,24.979999542236328,24.56999969482422,24.790000915527344,23.989999771118164,RAW_CLOSE,47805264.0,,CNY
002594,XSHE,2026-09-21,84.2699966430664,85.29000091552734,84.11000061035156,85.22000122070312,85.22000122070312,RAW_CLOSE,24832164.0,,CNY
002600,XSHE,2026-09-21,12.520000457763672,12.630000114440918,12.479999542236328,12.539999961853027,12.539999961853027,RAW_CLOSE,70247522.0,,CNY
002601,XSHE,2026-09-21,15.329999923706055,15.449999809265137,15.25,15.40999984741211,15.40999984741211,RAW_CLOSE,11048094.0,,CNY
002602,XSHE,2026-09-21,14.760000228881836,14.779999732971191,14.260000228881836,14.609999656677246,14.52849292755127,RAW_CLOSE,83014129.0,,CNY
002607,XSHE,2026-09-21,1.899999976158142,1.9500000476837158,1.8799999952316284,1.940000057220459,1.940000057220459,RAW_CLOSE,150005121.0,,CNY
002624,XSHE,2026-09-21,9.960000038146973,10.050000190734863,9.899999618530273,10.020000457763672,10.020000457763672,RAW_CLOSE,37041668.0,,CNY
002673,XSHE,2026-09-21,6.760000228881836,6.829999923706055,6.730000019073486,6.820000171661377,6.820000171661377,RAW_CLOSE,24354526.0,,CNY
002714,XSHE,2026-09-21,41.380001068115234,42.43000030517578,41.040000915527344,42.380001068115234,42.380001068115234,RAW_CLOSE,28299995.0,,CNY
002736,XSHE,2026-09-21,9.829999923706055,9.9399995803833,9.8100004196167,9.930000305175781,9.930000305175781,RAW_CLOSE,18444098.0,,CNY
002739,XSHE,2026-09-21,8.600000381469727,8.729999542236328,8.510000228881836,8.6899995803833,8.6899995803833,RAW_CLOSE,38519397.0,,CNY
002773,XSHE,2026-09-21,19.56999969482422,20.649999618530273,19.559999465942383,20.399999618530273,20.399999618530273,RAW_CLOSE,10438047.0,,CNY
002812,XSHE,2026-09-21,48.90999984741211,48.90999984741211,47.95000076293945,48.189998626708984,48.189998626708984,RAW_CLOSE,11801987.0,,CNY
002821,XSHE,2026-09-21,188.0,194.32000732421875,185.6699981689453,190.99000549316406,190.99000549316406,RAW_CLOSE,10383125.0,,CNY
002841,XSHE,2026-09-21,46.54999923706055,47.36000061035156,46.06999969482422,46.7400016784668,46.7400016784668,RAW_CLOSE,6414182.0,,CNY
002916,XSHE,2026-09-21,392.19000244140625,405.54998779296875,390.0799865722656,395.0199890136719,395.0199890136719,RAW_CLOSE,7783184.0,,CNY
002938,XSHE,2026-09-21,91.31999969482422,93.94000244140625,89.0,90.5,90.5,RAW_CLOSE,22390071.0,,CNY
002939,XSHE,2026-09-21,7.849999904632568,7.909999847412109,7.829999923706055,7.900000095367432,7.900000095367432,RAW_CLOSE,18832343.0,,CNY
002945,XSHE,2026-09-21,14.289999961853027,14.779999732971191,14.210000038146973,14.630000114440918,14.630000114440918,RAW_CLOSE,20549626.0,,CNY
003816,XSHE,2026-09-21,4.230000019073486,4.25,4.179999828338623,4.230000019073486,4.230000019073486,RAW_CLOSE,93038709.0,,CNY
300003,XSHE,2026-09-21,11.449999809265137,11.710000038146973,11.449999809265137,11.680000305175781,11.680000305175781,RAW_CLOSE,17206565.0,,CNY
300014,XSHE,2026-09-21,51.209999084472656,51.310001373291016,49.880001068115234,49.970001220703125,49.970001220703125,RAW_CLOSE,50783479.0,,CNY
300015,XSHE,2026-09-21,8.029999732971191,8.119999885559082,8.020000457763672,8.109999656677246,8.109999656677246,RAW_CLOSE,44321548.0,,CNY
300033,XSHE,2026-09-21,207.0,211.3000030517578,206.1300048828125,210.66000366210938,210.45973205566406,RAW_CLOSE,9681199.0,,CNY
300059,XSHE,2026-09-21,18.3799991607666,18.75,18.3700008392334,18.690000534057617,18.690000534057617,RAW_CLOSE,184716458.0,,CNY
300122,XSHE,2026-09-21,12.75,13.130000114440918,12.699999809265137,13.0,13.0,RAW_CLOSE,32091533.0,,CNY
300124,XSHE,2026-09-21,52.599998474121094,53.29999923706055,52.5,52.84000015258789,52.84000015258789,RAW_CLOSE,27182441.0,,CNY
300136,XSHE,2026-09-21,60.54999923706055,62.41999816894531,59.20000076293945,59.68000030517578,59.68000030517578,RAW_CLOSE,47595833.0,,CNY
300142,XSHE,2026-09-21,13.270000457763672,13.699999809265137,13.260000228881836,13.6899995803833,13.6899995803833,RAW_CLOSE,97855024.0,,CNY
300144,XSHE,2026-09-21,5.75,5.829999923706055,5.739999771118164,5.820000171661377,5.820000171661377,RAW_CLOSE,22686940.0,,CNY
300274,XSHE,2026-09-21,87.9000015258789,89.97000122070312,86.69999694824219,88.47000122070312,88.47000122070312,RAW_CLOSE,55713404.0,,CNY
300347,XSHE,2026-09-21,58.43000030517578,59.880001068115234,58.0,58.9900016784668,58.9900016784668,RAW_CLOSE,16307210.0,,CNY
300408,XSHE,2026-09-21,136.2100067138672,139.5,128.64999389648438,129.83999633789062,129.83999633789062,RAW_CLOSE,61505661.0,,CNY
300413,XSHE,2026-09-21,17.899999618530273,19.5,17.809999465942383,19.020000457763672,19.020000457763672,RAW_CLOSE,121410400.0,,CNY
300433,XSHE,2026-09-21,33.70000076293945,34.959999084472656,33.65999984741211,34.83000183105469,34.83000183105469,RAW_CLOSE,107751615.0,,CNY
300450,XSHE,2026-09-21,32.38999938964844,32.900001525878906,32.279998779296875,32.43000030517578,32.43000030517578,RAW_CLOSE,29619275.0,,CNY
300498,XSHE,2026-09-21,14.729999542236328,14.949999809265137,14.649999618530273,14.920000076293945,14.920000076293945,RAW_CLOSE,29989469.0,,CNY
300529,XSHE,2026-09-21,15.029999732971191,15.1899995803833,15.020000457763672,15.170000076293945,15.170000076293945,RAW_CLOSE,4515403.0,,CNY
300558,XSHE,2026-09-21,47.900001525878906,50.20000076293945,47.900001525878906,49.40999984741211,49.40999984741211,RAW_CLOSE,17520234.0,,CNY
300595,XSHE,2026-09-21,10.0600004196167,10.220000267028809,10.039999961853027,10.199999809265137,10.199999809265137,RAW_CLOSE,7373337.0,,CNY
300601,XSHE,2026-09-21,12.180000305175781,13.020000457763672,12.170000076293945,12.989999771118164,12.989999771118164,RAW_CLOSE,40436993.0,,CNY
300628,XSHE,2026-09-21,41.099998474121094,41.68000030517578,40.79999923706055,41.439998626708984,41.439998626708984,RAW_CLOSE,7103669.0,,CNY
300677,XSHE,2026-09-21,51.650001525878906,52.65999984741211,51.02000045776367,51.599998474121094,51.599998474121094,RAW_CLOSE,7684463.0,,CNY
600000,XSHG,2026-09-21,9.039999961853027,9.0600004196167,8.90999984741211,9.010000228881836,9.010000228881836,RAW_CLOSE,65906232.0,,CNY
600009,XSHG,2026-09-21,22.75,22.93000030517578,22.649999618530273,22.90999984741211,22.90999984741211,RAW_CLOSE,4890283.0,,CNY
600010,XSHG,2026-09-21,2.119999885559082,2.1600000858306885,2.109999895095825,2.1500000953674316,2.1500000953674316,RAW_CLOSE,311464925.0,,CNY
600011,XSHG,2026-09-21,6.800000190734863,6.820000171661377,6.75,6.789999961853027,6.789999961853027,RAW_CLOSE,35810704.0,,CNY
600015,XSHG,2026-09-21,6.230000019073486,6.239999771118164,6.190000057220459,6.239999771118164,6.239999771118164,RAW_CLOSE,67389475.0,,CNY
600016,XSHG,2026-09-21,3.4600000381469727,3.5,3.430000066757202,3.5,3.5,RAW_CLOSE,237459637.0,,CNY
600018,XSHG,2026-09-21,5.360000133514404,5.449999809265137,5.329999923706055,5.429999828338623,5.429999828338623,RAW_CLOSE,49813430.0,,CNY
600019,XSHG,2026-09-21,5.760000228881836,5.789999961853027,5.690000057220459,5.78000020980835,5.78000020980835,RAW_CLOSE,81111816.0,,CNY
600025,XSHG,2026-09-21,9.680000305175781,9.699999809265137,9.539999961853027,9.65999984741211,9.65999984741211,RAW_CLOSE,28730262.0,,CNY
600028,XSHG,2026-09-21,5.139999866485596,5.300000190734863,5.119999885559082,5.300000190734863,5.300000190734863,RAW_CLOSE,234511795.0,,CNY
600029,XSHG,2026-09-21,4.949999809265137,4.989999771118164,4.940000057220459,4.949999809265137,4.949999809265137,RAW_CLOSE,50648595.0,,CNY
600030,XSHG,2026-09-21,26.549999237060547,26.799999237060547,26.479999542236328,26.739999771118164,26.739999771118164,RAW_CLOSE,71198306.0,,CNY
600031,XSHG,2026-09-21,17.899999618530273,17.940000534057617,17.610000610351562,17.760000228881836,17.760000228881836,RAW_CLOSE,72651406.0,,CNY
600036,XSHG,2026-09-21,40.650001525878906,41.119998931884766,40.36000061035156,41.040000915527344,41.040000915527344,RAW_CLOSE,54037424.0,,CNY
600048,XSHG,2026-09-21,5.25,5.730000019073486,5.21999979019165,5.679999828338623,5.679999828338623,RAW_CLOSE,483399056.0,,CNY
600050,XSHG,2026-09-21,4.21999979019165,4.230000019073486,4.190000057220459,4.230000019073486,4.230000019073486,RAW_CLOSE,89277848.0,,CNY
600061,XSHG,2026-09-21,6.239999771118164,6.340000152587891,6.230000019073486,6.329999923706055,6.329999923706055,RAW_CLOSE,33747626.0,,CNY
600079,XSHG,2026-09-21,18.579999923706055,18.81999969482422,18.489999771118164,18.780000686645508,18.780000686645508,RAW_CLOSE,7817702.0,,CNY
600085,XSHG,2026-09-21,23.200000762939453,23.700000762939453,23.200000762939453,23.65999984741211,23.65999984741211,RAW_CLOSE,5981316.0,,CNY
600104,XSHG,2026-09-21,11.100000381469727,11.100000381469727,11.010000228881836,11.0600004196167,11.0600004196167,RAW_CLOSE,33520843.0,,CNY
600109,XSHG,2026-09-21,8.25,8.380000114440918,8.229999542236328,8.329999923706055,8.329999923706055,RAW_CLOSE,21983558.0,,CNY
600111,XSHG,2026-09-21,36.880001068115234,37.900001525878906,36.880001068115234,37.880001068115234,37.880001068115234,RAW_CLOSE,49982603.0,,CNY
600115,XSHG,2026-09-21,3.440000057220459,3.4700000286102295,3.4200000762939453,3.450000047683716,3.450000047683716,RAW_CLOSE,141873832.0,,CNY
600118,XSHG,2026-09-21,59.66999816894531,60.119998931884766,58.689998626708984,58.9900016784668,58.9900016784668,RAW_CLOSE,25139068.0,,CNY
600132,XSHG,2026-09-21,37.84000015258789,38.13999938964844,37.709999084472656,38.11000061035156,38.11000061035156,RAW_CLOSE,2362798.0,,CNY
600143,XSHG,2026-09-21,13.15999984741211,13.430000305175781,13.140000343322754,13.40999984741211,13.310371398925781,RAW_CLOSE,26298895.0,,CNY
600150,XSHG,2026-09-21,39.34000015258789,41.08000183105469,38.84000015258789,41.02000045776367,41.02000045776367,RAW_CLOSE,131970742.0,,CNY
600161,XSHG,2026-09-21,12.170000076293945,12.550000190734863,12.170000076293945,12.479999542236328,12.379838943481445,RAW_CLOSE,16356713.0,,CNY
600176,XSHG,2026-09-21,44.9900016784668,46.650001525878906,44.70000076293945,45.869998931884766,45.869998931884766,RAW_CLOSE,270215766.0,,CNY
600183,XSHG,2026-09-21,145.0,149.99000549316406,143.61000061035156,146.27000427246094,146.27000427246094,RAW_CLOSE,67053393.0,,CNY
600196,XSHG,2026-09-21,22.1200008392334,23.06999969482422,22.1200008392334,23.049999237060547,23.049999237060547,RAW_CLOSE,35026290.0,,CNY
600233,XSHG,2026-09-21,18.3799991607666,18.860000610351562,18.1200008392334,18.459999084472656,18.459999084472656,RAW_CLOSE,31729897.0,,CNY
600276,XSHG,2026-09-21,44.5,46.08000183105469,44.5,46.040000915527344,46.040000915527344,RAW_CLOSE,114074260.0,,CNY
600299,XSHG,2026-09-21,8.319999694824219,8.550000190734863,8.3100004196167,8.550000190734863,8.550000190734863,RAW_CLOSE,28152447.0,,CNY
600309,XSHG,2026-09-21,70.5,70.83999633789062,69.94999694824219,70.51000213623047,70.51000213623047,RAW_CLOSE,26640533.0,,CNY
600332,XSHG,2026-09-21,19.520000457763672,19.739999771118164,19.520000457763672,19.729999542236328,19.729999542236328,RAW_CLOSE,5781827.0,,CNY
600340,XSHG,2026-09-21,1.090000033378601,1.1399999856948853,1.0800000429153442,1.1200000047683716,1.1200000047683716,RAW_CLOSE,95154443.0,,CNY
600352,XSHG,2026-09-21,11.880000114440918,12.34000015258789,11.880000114440918,12.260000228881836,12.260000228881836,RAW_CLOSE,60160754.0,,CNY
600362,XSHG,2026-09-21,44.25,44.540000915527344,43.650001525878906,44.2400016784668,44.2400016784668,RAW_CLOSE,29970406.0,,CNY
600383,XSHG,2026-09-21,2.2100000381469727,2.4800000190734863,2.200000047683716,2.4700000286102295,2.4700000286102295,RAW_CLOSE,373043309.0,,CNY
600406,XSHG,2026-09-21,22.079999923706055,22.149999618530273,22.0,22.100000381469727,21.95064926147461,RAW_CLOSE,27761048.0,,CNY
600426,XSHG,2026-09-21,19.5,20.65999984741211,19.299999237060547,20.530000686645508,20.530000686645508,RAW_CLOSE,64510864.0,,CNY
600436,XSHG,2026-09-21,118.30999755859375,121.79000091552734,118.01000213623047,121.0199966430664,121.0199966430664,RAW_CLOSE,2452391.0,,CNY
600438,XSHG,2026-09-21,11.319999694824219,11.609999656677246,11.300000190734863,11.59000015258789,11.59000015258789,RAW_CLOSE,27284369.0,,CNY
600482,XSHG,2026-09-21,33.939998626708984,35.779998779296875,33.75,35.54999923706055,35.54999923706055,RAW_CLOSE,19509720.0,,CNY
600489,XSHG,2026-09-21,23.950000762939453,24.09000015258789,23.520000457763672,23.610000610351562,23.610000610351562,RAW_CLOSE,60596560.0,,CNY
600519,XSHG,2026-09-21,1259.0,1259.949951171875,1250.800048828125,1252.5699462890625,1252.5699462890625,RAW_CLOSE,2501689.0,,CNY
600521,XSHG,2026-09-21,16.18000030517578,16.709999084472656,16.18000030517578,16.65999984741211,16.65999984741211,RAW_CLOSE,34973650.0,,CNY
600522,XSHG,2026-09-21,36.099998474121094,37.25,36.099998474121094,36.95000076293945,36.95000076293945,RAW_CLOSE,236745251.0,,CNY
600547,XSHG,2026-09-21,32.41999816894531,33.04999923706055,32.11000061035156,32.22999954223633,32.22999954223633,RAW_CLOSE,60742965.0,,CNY
600570,XSHG,2026-09-21,20.209999084472656,20.399999618530273,20.209999084472656,20.399999618530273,20.399999618530273,RAW_CLOSE,14419088.0,,CNY
600584,XSHG,2026-09-21,73.0999984741211,73.3499984741211,71.33000183105469,72.22000122070312,72.16972351074219,RAW_CLOSE,115341766.0,,CNY
600585,XSHG,2026-09-21,17.020000457763672,17.280000686645508,16.899999618530273,17.25,17.25,RAW_CLOSE,20102641.0,,CNY
600588,XSHG,2026-09-21,9.529999732971191,9.619999885559082,9.479999542236328,9.569999694824219,9.569999694824219,RAW_CLOSE,32090157.0,,CNY
600600,XSHG,2026-09-21,50.060001373291016,50.29999923706055,49.869998931884766,50.209999084472656,50.209999084472656,RAW_CLOSE,3130391.0,,CNY
600606,XSHG,2026-09-21,1.5399999618530273,1.600000023841858,1.409999966621399,1.600000023841858,1.600000023841858,RAW_CLOSE,556201343.0,,CNY
600655,XSHG,2026-09-21,4.559999942779541,4.699999809265137,4.559999942779541,4.670000076293945,4.670000076293945,RAW_CLOSE,17822212.0,,CNY
600660,XSHG,2026-09-21,53.75,54.25,52.900001525878906,54.13999938964844,53.1336784362793,RAW_CLOSE,7845756.0,,CNY
600690,XSHG,2026-09-21,20.719999313354492,20.760000228881836,19.850000381469727,19.889999389648438,19.889999389648438,RAW_CLOSE,92988287.0,,CNY
600703,XSHG,2026-09-21,13.010000228881836,13.100000381469727,12.850000381469727,12.979999542236328,12.979999542236328,RAW_CLOSE,96892888.0,,CNY
600741,XSHG,2026-09-21,14.880000114440918,14.930000305175781,14.760000228881836,14.800000190734863,14.800000190734863,RAW_CLOSE,13702001.0,,CNY
600745,XSHG,2026-09-21,16.639999389648438,16.959999084472656,16.549999237060547,16.860000610351562,16.860000610351562,RAW_CLOSE,21545424.0,,CNY
600760,XSHG,2026-09-21,43.900001525878906,45.689998626708984,43.75,45.0,45.0,RAW_CLOSE,15586477.0,,CNY
600763,XSHG,2026-09-21,32.83000183105469,34.130001068115234,32.7400016784668,34.060001373291016,34.060001373291016,RAW_CLOSE,11151088.0,,CNY
600795,XSHG,2026-09-21,5.239999771118164,5.309999942779541,5.170000076293945,5.25,5.25,RAW_CLOSE,113206122.0,,CNY
600809,XSHG,2026-09-21,112.12999725341797,113.11000061035156,111.5999984741211,112.80000305175781,112.80000305175781,RAW_CLOSE,4412403.0,,CNY
600845,XSHG,2026-09-21,17.989999771118164,18.420000076293945,17.889999389648438,18.1299991607666,18.1299991607666,RAW_CLOSE,22314715.0,,CNY
600848,XSHG,2026-09-21,8.510000228881836,8.670000076293945,8.430000305175781,8.630000114440918,8.630000114440918,RAW_CLOSE,8938940.0,,CNY
600872,XSHG,2026-09-21,17.15999984741211,17.31999969482422,17.1200008392334,17.270000457763672,17.270000457763672,RAW_CLOSE,9003774.0,,CNY
600887,XSHG,2026-09-21,26.559999465942383,26.739999771118164,26.309999465942383,26.649999618530273,26.649999618530273,RAW_CLOSE,38363590.0,,CNY
600893,XSHG,2026-09-21,39.20000076293945,41.47999954223633,38.880001068115234,40.529998779296875,40.529998779296875,RAW_CLOSE,34943692.0,,CNY
600900,XSHG,2026-09-21,28.15999984741211,28.190000534057617,28.020000457763672,28.100000381469727,28.100000381469727,RAW_CLOSE,66670017.0,,CNY
600918,XSHG,2026-09-21,5.449999809265137,5.539999961853027,5.440000057220459,5.519999980926514,5.519999980926514,RAW_CLOSE,27035854.0,,CNY
600919,XSHG,2026-09-21,12.130000114440918,12.170000076293945,11.970000267028809,12.130000114440918,12.130000114440918,RAW_CLOSE,84924036.0,,CNY
600926,XSHG,2026-09-21,17.190000534057617,17.270000457763672,16.979999542236328,17.18000030517578,16.72133445739746,RAW_CLOSE,40762258.0,,CNY
600958,XSHG,2026-09-21,8.829999923706055,8.949999809265137,8.829999923706055,8.9399995803833,8.9399995803833,RAW_CLOSE,35986900.0,,CNY
600989,XSHG,2026-09-21,23.299999237060547,23.850000381469727,23.139999389648438,23.700000762939453,23.700000762939453,RAW_CLOSE,42572365.0,,CNY
600999,XSHG,2026-09-21,17.600000381469727,17.940000534057617,17.579999923706055,17.90999984741211,17.90999984741211,RAW_CLOSE,42910439.0,,CNY
601006,XSHG,2026-09-21,4.699999809265137,4.71999979019165,4.659999847412109,4.71999979019165,4.71999979019165,RAW_CLOSE,113724224.0,,CNY
601009,XSHG,2026-09-21,11.760000228881836,11.84000015258789,11.609999656677246,11.819999694824219,11.819999694824219,RAW_CLOSE,37895923.0,,CNY
601012,XSHG,2026-09-21,11.199999809265137,11.399999618530273,11.180000305175781,11.359999656677246,11.359999656677246,RAW_CLOSE,63296726.0,,CNY
601021,XSHG,2026-09-21,42.150001525878906,42.290000915527344,41.86000061035156,41.939998626708984,41.6099967956543,RAW_CLOSE,4888728.0,,CNY
601066,XSHG,2026-09-21,23.649999618530273,23.799999237060547,23.559999465942383,23.790000915527344,23.790000915527344,RAW_CLOSE,11426024.0,,CNY
601077,XSHG,2026-09-21,6.539999961853027,6.599999904632568,6.480000019073486,6.590000152587891,6.590000152587891,RAW_CLOSE,61287105.0,,CNY
601088,XSHG,2026-09-21,46.18000030517578,46.849998474121094,45.7599983215332,46.79999923706055,46.79999923706055,RAW_CLOSE,17129684.0,,CNY
601100,XSHG,2026-09-21,93.0,96.0,92.5,93.4800033569336,93.4800033569336,RAW_CLOSE,10053423.0,,CNY
601108,XSHG,2026-09-21,8.460000038146973,8.619999885559082,8.430000305175781,8.600000381469727,8.600000381469727,RAW_CLOSE,52349680.0,,CNY
601111,XSHG,2026-09-21,5.860000133514404,5.929999828338623,5.849999904632568,5.889999866485596,5.889999866485596,RAW_CLOSE,71859469.0,,CNY
601138,XSHG,2026-09-21,63.9900016784668,64.69999694824219,62.52000045776367,63.599998474121094,63.599998474121094,RAW_CLOSE,95258202.0,,CNY
601155,XSHG,2026-09-21,12.0,12.949999809265137,11.680000305175781,12.699999809265137,12.699999809265137,RAW_CLOSE,52230858.0,,CNY
601162,XSHG,2026-09-21,3.640000104904175,3.7100000381469727,3.630000114440918,3.690000057220459,3.690000057220459,RAW_CLOSE,142110975.0,,CNY
601166,XSHG,2026-09-21,17.760000228881836,17.760000228881836,17.6200008392334,17.729999542236328,17.729999542236328,RAW_CLOSE,54917192.0,,CNY
601169,XSHG,2026-09-21,5.510000228881836,5.550000190734863,5.480000019073486,5.539999961853027,5.539999961853027,RAW_CLOSE,155403231.0,,CNY
601186,XSHG,2026-09-21,6.019999980926514,6.070000171661377,6.0,6.059999942779541,6.059999942779541,RAW_CLOSE,23688800.0,,CNY
601211,XSHG,2026-09-21,17.59000015258789,17.690000534057617,17.399999618530273,17.6299991607666,17.6299991607666,RAW_CLOSE,63489558.0,,CNY
601216,XSHG,2026-09-21,4.610000133514404,4.670000076293945,4.579999923706055,4.650000095367432,4.650000095367432,RAW_CLOSE,55314458.0,,CNY
601225,XSHG,2026-09-21,25.100000381469727,25.75,24.90999984741211,25.700000762939453,25.700000762939453,RAW_CLOSE,30789869.0,,CNY
601229,XSHG,2026-09-21,9.550000190734863,9.59000015258789,9.479999542236328,9.539999961853027,9.539999961853027,RAW_CLOSE,35414314.0,,CNY
601231,XSHG,2026-09-21,27.010000228881836,27.25,26.420000076293945,26.520000457763672,26.520000457763672,RAW_CLOSE,27071826.0,,CNY
601236,XSHG,2026-09-21,6.71999979019165,6.860000133514404,6.71999979019165,6.840000152587891,6.840000152587891,RAW_CLOSE,12292276.0,,CNY
601238,XSHG,2026-09-21,5.090000152587891,5.090000152587891,5.090000152587891,5.090000152587891,5.090000152587891,RAW_CLOSE,0.0,,CNY
601288,XSHG,2026-09-21,6.789999961853027,6.929999828338623,6.75,6.909999847412109,6.909999847412109,RAW_CLOSE,304530570.0,,CNY
601318,XSHG,2026-09-21,53.29999923706055,54.0,52.880001068115234,53.97999954223633,53.97999954223633,RAW_CLOSE,59078564.0,,CNY
601319,XSHG,2026-09-21,7.820000171661377,8.100000381469727,7.75,8.039999961853027,8.039999961853027,RAW_CLOSE,106454882.0,,CNY
601328,XSHG,2026-09-21,7.449999809265137,7.570000171661377,7.380000114440918,7.550000190734863,7.550000190734863,RAW_CLOSE,147921848.0,,CNY
601336,XSHG,2026-09-21,58.0,58.560001373291016,57.79999923706055,58.540000915527344,58.540000915527344,RAW_CLOSE,10316803.0,,CNY
601360,XSHG,2026-09-21,8.789999961853027,9.079999923706055,8.739999771118164,9.029999732971191,8.979999542236328,RAW_CLOSE,116768038.0,,CNY
601377,XSHG,2026-09-21,5.920000076293945,5.980000019073486,5.900000095367432,5.96999979019165,5.96999979019165,RAW_CLOSE,52803068.0,,CNY
601390,XSHG,2026-09-21,4.289999961853027,4.340000152587891,4.28000020980835,4.329999923706055,4.329999923706055,RAW_CLOSE,67344194.0,,CNY
601398,XSHG,2026-09-21,8.0600004196167,8.119999885559082,8.0,8.109999656677246,8.109999656677246,RAW_CLOSE,232329974.0,,CNY
601555,XSHG,2026-09-21,8.279999732971191,8.329999923706055,8.239999771118164,8.3100004196167,8.3100004196167,RAW_CLOSE,27258945.0,,CNY
601600,XSHG,2026-09-21,9.350000381469727,9.430000305175781,9.130000114440918,9.180000305175781,9.180000305175781,RAW_CLOSE,168345170.0,,CNY
601601,XSHG,2026-09-21,32.0,32.040000915527344,31.34000015258789,32.0,32.0,RAW_CLOSE,47398823.0,,CNY
601607,XSHG,2026-09-21,15.960000038146973,16.110000610351562,15.90999984741211,16.09000015258789,16.09000015258789,RAW_CLOSE,11058700.0,,CNY
601618,XSHG,2026-09-21,2.5299999713897705,2.5899999141693115,2.5299999713897705,2.559999942779541,2.559999942779541,RAW_CLOSE,73210961.0,,CNY
601628,XSHG,2026-09-21,37.61000061035156,38.060001373291016,37.150001525878906,38.02000045776367,38.02000045776367,RAW_CLOSE,21420593.0,,CNY
601633,XSHG,2026-09-21,14.050000190734863,14.050000190734863,13.970000267028809,14.039999961853027,14.039999961853027,RAW_CLOSE,13547385.0,,CNY
601658,XSHG,2026-09-21,5.320000171661377,5.360000133514404,5.269999980926514,5.349999904632568,5.349999904632568,RAW_CLOSE,114556439.0,,CNY
601668,XSHG,2026-09-21,4.269999980926514,4.329999923706055,4.239999771118164,4.309999942779541,4.309999942779541,RAW_CLOSE,230381509.0,,CNY
601669,XSHG,2026-09-21,4.599999904632568,4.639999866485596,4.579999923706055,4.639999866485596,4.639999866485596,RAW_CLOSE,60135087.0,,CNY
601688,XSHG,2026-09-21,18.360000610351562,18.530000686645508,18.270000457763672,18.469999313354492,18.469999313354492,RAW_CLOSE,46761860.0,,CNY
601696,XSHG,2026-09-21,11.300000190734863,11.390000343322754,11.270000457763672,11.380000114440918,11.380000114440918,RAW_CLOSE,25586141.0,,CNY
601698,XSHG,2026-09-21,24.219999313354492,24.34000015258789,23.8799991607666,24.040000915527344,24.040000915527344,RAW_CLOSE,20820450.0,,CNY
601727,XSHG,2026-09-21,6.460000038146973,6.519999980926514,6.449999809265137,6.510000228881836,6.510000228881836,RAW_CLOSE,38466866.0,,CNY
601766,XSHG,2026-09-21,6.0,6.099999904632568,5.980000019073486,6.079999923706055,6.079999923706055,RAW_CLOSE,91277043.0,,CNY
601788,XSHG,2026-09-21,13.970000267028809,14.069999694824219,13.920000076293945,14.069999694824219,14.069999694824219,RAW_CLOSE,14611875.0,,CNY
601799,XSHG,2026-09-21,72.77999877929688,73.43000030517578,71.69999694824219,72.27999877929688,72.27999877929688,RAW_CLOSE,3337438.0,,CNY
601800,XSHG,2026-09-21,5.840000152587891,5.900000095367432,5.809999942779541,5.880000114440918,5.880000114440918,RAW_CLOSE,17541152.0,,CNY
601808,XSHG,2026-09-21,12.130000114440918,12.569999694824219,12.050000190734863,12.520000457763672,12.520000457763672,RAW_CLOSE,16292469.0,,CNY
601816,XSHG,2026-09-21,4.75,4.78000020980835,4.71999979019165,4.769999980926514,4.769999980926514,RAW_CLOSE,98112585.0,,CNY
601818,XSHG,2026-09-21,3.0199999809265137,3.0299999713897705,2.990000009536743,3.0199999809265137,3.0199999809265137,RAW_CLOSE,167467631.0,,CNY
601838,XSHG,2026-09-21,19.040000915527344,19.299999237060547,18.899999618530273,19.1200008392334,19.1200008392334,RAW_CLOSE,26435277.0,,CNY
601857,XSHG,2026-09-21,10.520000457763672,10.699999809265137,10.420000076293945,10.670000076293945,10.670000076293945,RAW_CLOSE,133535634.0,,CNY
601872,XSHG,2026-09-21,22.139999389648438,22.979999542236328,21.920000076293945,22.90999984741211,22.90999984741211,RAW_CLOSE,169448129.0,,CNY
601877,XSHG,2026-09-21,25.200000762939453,25.31999969482422,25.049999237060547,25.299999237060547,25.299999237060547,RAW_CLOSE,10605352.0,,CNY
601878,XSHG,2026-09-21,9.079999923706055,9.170000076293945,9.0600004196167,9.149999618530273,9.149999618530273,RAW_CLOSE,15412990.0,,CNY
601881,XSHG,2026-09-21,12.069999694824219,12.15999984741211,12.050000190734863,12.130000114440918,12.130000114440918,RAW_CLOSE,19919050.0,,CNY
601888,XSHG,2026-09-21,51.97999954223633,52.290000915527344,51.75,52.22999954223633,52.22999954223633,RAW_CLOSE,12925110.0,,CNY
601899,XSHG,2026-09-21,31.479999542236328,31.700000762939453,31.06999969482422,31.299999237060547,31.299999237060547,RAW_CLOSE,113246626.0,,CNY
601901,XSHG,2026-09-21,6.840000152587891,6.909999847412109,6.809999942779541,6.909999847412109,6.909999847412109,RAW_CLOSE,33626586.0,,CNY
601916,XSHG,2026-09-21,2.9100000858306885,2.9200000762939453,2.880000114440918,2.9100000858306885,2.9100000858306885,RAW_CLOSE,119426274.0,,CNY
601919,XSHG,2026-09-21,16.100000381469727,16.739999771118164,16.059999465942383,16.709999084472656,16.709999084472656,RAW_CLOSE,107520668.0,,CNY
601933,XSHG,2026-09-21,3.0299999713897705,3.0899999141693115,3.0299999713897705,3.0799999237060547,3.0799999237060547,RAW_CLOSE,125050992.0,,CNY
601939,XSHG,2026-09-21,10.770000457763672,10.9399995803833,10.699999809265137,10.930000305175781,10.930000305175781,RAW_CLOSE,89776203.0,,CNY
601985,XSHG,2026-09-21,8.930000305175781,8.949999809265137,8.880000114440918,8.90999984741211,8.90999984741211,RAW_CLOSE,57167595.0,,CNY
601988,XSHG,2026-09-21,6.519999980926514,6.639999866485596,6.489999771118164,6.630000114440918,6.630000114440918,RAW_CLOSE,209405469.0,,CNY
601990,XSHG,2026-09-21,6.650000095367432,6.71999979019165,6.639999866485596,6.699999809265137,6.699999809265137,RAW_CLOSE,15555960.0,,CNY
601995,XSHG,2026-09-21,31.799999237060547,31.799999237060547,31.799999237060547,31.799999237060547,31.799999237060547,RAW_CLOSE,0.0,,CNY
601998,XSHG,2026-09-21,8.9399995803833,8.979999542236328,8.800000190734863,8.930000305175781,8.930000305175781,RAW_CLOSE,44022066.0,,CNY
603019,XSHG,2026-09-21,84.62000274658203,84.9800033569336,83.58000183105469,83.94000244140625,83.94000244140625,RAW_CLOSE,20520056.0,,CNY
603087,XSHG,2026-09-21,69.0199966430664,71.7699966430664,69.0199966430664,71.4000015258789,71.4000015258789,RAW_CLOSE,9909770.0,,CNY
603160,XSHG,2026-09-21,53.099998474121094,53.70000076293945,52.810001373291016,53.15999984741211,53.15999984741211,RAW_CLOSE,3454930.0,,CNY
603195,XSHG,2026-09-21,38.099998474121094,38.22999954223633,37.86000061035156,37.97999954223633,37.97999954223633,RAW_CLOSE,2130098.0,,CNY
603233,XSHG,2026-09-21,18.3799991607666,18.639999389648438,17.799999237060547,17.950000762939453,17.950000762939453,RAW_CLOSE,9990760.0,,CNY
603259,XSHG,2026-09-21,161.99000549316406,168.27999877929688,161.0,167.9600067138672,167.9600067138672,RAW_CLOSE,51260107.0,,CNY
603288,XSHG,2026-09-21,33.849998474121094,33.849998474121094,33.310001373291016,33.83000183105469,33.83000183105469,RAW_CLOSE,14350399.0,,CNY
603338,XSHG,2026-09-21,54.25,55.13999938964844,54.04999923706055,54.06999969482422,54.06999969482422,RAW_CLOSE,2941534.0,,CNY
603369,XSHG,2026-09-21,27.6200008392334,28.829999923706055,27.420000076293945,28.59000015258789,28.59000015258789,RAW_CLOSE,11774936.0,,CNY
603392,XSHG,2026-09-21,25.5,26.049999237060547,25.440000534057617,26.010000228881836,26.010000228881836,RAW_CLOSE,6660442.0,,CNY
603501,XSHG,2026-09-21,81.36000061035156,82.25,80.37999725341797,80.77999877929688,80.77999877929688,RAW_CLOSE,10744999.0,,CNY
603517,XSHG,2026-09-21,11.710000038146973,11.960000038146973,11.65999984741211,11.779999732971191,11.779999732971191,RAW_CLOSE,4831000.0,,CNY
603658,XSHG,2026-09-21,32.16999816894531,32.65999984741211,32.16999816894531,32.52000045776367,32.52000045776367,RAW_CLOSE,1674683.0,,CNY
603659,XSHG,2026-09-21,22.25,22.3799991607666,21.799999237060547,21.899999618530273,21.899999618530273,RAW_CLOSE,21633705.0,,CNY
603799,XSHG,2026-09-21,35.849998474121094,36.22999954223633,35.7599983215332,36.06999969482422,36.06999969482422,RAW_CLOSE,32129028.0,,CNY
603806,XSHG,2026-09-21,14.470000267028809,14.579999923706055,14.329999923706055,14.479999542236328,14.479999542236328,RAW_CLOSE,19705270.0,,CNY
603833,XSHG,2026-09-21,28.709999084472656,29.639999389648438,28.639999389648438,29.450000762939453,29.450000762939453,RAW_CLOSE,2669326.0,,CNY
603882,XSHG,2026-09-21,27.989999771118164,29.139999389648438,27.989999771118164,28.760000228881836,28.760000228881836,RAW_CLOSE,12957071.0,,CNY
603899,XSHG,2026-09-21,21.700000762939453,21.850000381469727,21.68000030517578,21.75,21.75,RAW_CLOSE,2500800.0,,CNY
603939,XSHG,2026-09-21,22.760000228881836,22.850000381469727,22.1299991607666,22.149999618530273,22.149999618530273,RAW_CLOSE,8167610.0,,CNY
603986,XSHG,2026-09-21,396.0,403.2300109863281,388.1300048828125,391.7099914550781,391.7099914550781,RAW_CLOSE,32898645.0,,CNY
603993,XSHG,2026-09-21,17.520000457763672,17.639999389648438,17.399999618530273,17.59000015258789,17.59000015258789,RAW_CLOSE,106528027.0,,CNY
688008,XSHG,2026-09-21,210.0,212.8800048828125,206.85000610351562,210.10000610351562,210.10000610351562,RAW_CLOSE,38039758.0,,CNY
688009,XSHG,2026-09-21,4.650000095367432,4.71999979019165,4.639999866485596,4.699999809265137,4.699999809265137,RAW_CLOSE,19947713.0,,CNY
688012,XSHG,2026-09-21,358.0,360.6600036621094,350.5,353.54998779296875,353.54998779296875,RAW_CLOSE,11983910.0,,CNY
688036,XSHG,2026-09-21,53.0,55.099998474121094,52.70000076293945,54.45000076293945,54.45000076293945,RAW_CLOSE,11600489.0,,CNY
688111,XSHG,2026-09-21,224.5,226.3300018310547,222.60000610351562,223.58999633789062,223.58999633789062,RAW_CLOSE,4421640.0,,CNY
688126,XSHG,2026-09-21,24.579999923706055,24.809999465942383,24.229999542236328,24.65999984741211,24.65999984741211,RAW_CLOSE,50197650.0,,CNY
688169,XSHG,2026-09-21,118.5,120.4800033569336,117.41999816894531,118.5999984741211,118.5999984741211,RAW_CLOSE,4552786.0,,CNY
688363,XSHG,2026-09-21,34.349998474121094,35.29999923706055,34.220001220703125,35.25,35.25,RAW_CLOSE,4260294.0,,CNY
688396,XSHG,2026-09-21,61.91999816894531,62.58000183105469,60.880001068115234,61.5,61.5,RAW_CLOSE,16546528.0,,CNY
000001,XSHE,2026-09-22,11.699999809265137,11.75,11.619999885559082,11.710000038146973,11.458638191223145,RAW_CLOSE,75945732.0,,CNY
000002,XSHE,2026-09-22,3.569999933242798,3.890000104904175,3.5399999618530273,3.809999942779541,3.809999942779541,RAW_CLOSE,819832133.0,,CNY
000063,XSHE,2026-09-22,33.290000915527344,33.400001525878906,32.79999923706055,32.90999984741211,32.90999984741211,RAW_CLOSE,67719069.0,,CNY
000066,XSHE,2026-09-22,16.31999969482422,16.31999969482422,15.600000381469727,15.869999885559082,15.869999885559082,RAW_CLOSE,412555397.0,,CNY
000069,XSHE,2026-09-22,1.8899999856948853,1.9299999475479126,1.8700000047683716,1.909999966621399,1.909999966621399,RAW_CLOSE,106717743.0,,CNY
000100,XSHE,2026-09-22,5.090000152587891,5.099999904632568,5.019999980926514,5.03000020980835,5.03000020980835,RAW_CLOSE,404387636.0,,CNY
000157,XSHE,2026-09-22,6.210000038146973,6.230000019073486,6.159999847412109,6.170000076293945,6.170000076293945,RAW_CLOSE,29680388.0,,CNY
000166,XSHE,2026-09-22,4.46999979019165,4.510000228881836,4.460000038146973,4.489999771118164,4.489999771118164,RAW_CLOSE,58412995.0,,CNY
000333,XSHE,2026-09-22,80.70999908447266,82.62000274658203,80.23999786376953,82.54000091552734,82.54000091552734,RAW_CLOSE,37519693.0,,CNY
000338,XSHE,2026-09-22,27.299999237060547,27.959999084472656,27.0,27.030000686645508,27.030000686645508,RAW_CLOSE,63925101.0,,CNY
000425,XSHE,2026-09-22,7.409999847412109,7.420000076293945,7.289999961853027,7.300000190734863,7.300000190734863,RAW_CLOSE,126786019.0,,CNY
000538,XSHE,2026-09-22,51.09000015258789,51.33000183105469,50.77000045776367,51.31999969482422,50.28281021118164,RAW_CLOSE,7864003.0,,CNY
000568,XSHE,2026-09-22,72.0999984741211,72.54000091552734,71.4800033569336,71.4800033569336,71.4800033569336,RAW_CLOSE,8961554.0,,CNY
000596,XSHE,2026-09-22,94.58999633789062,96.4800033569336,94.0999984741211,95.86000061035156,95.86000061035156,RAW_CLOSE,2219986.0,,CNY
000625,XSHE,2026-09-22,7.150000095367432,7.179999828338623,7.139999866485596,7.179999828338623,7.179999828338623,RAW_CLOSE,40676268.0,,CNY
000651,XSHE,2026-09-22,37.900001525878906,38.31999969482422,37.810001373291016,38.18000030517578,38.18000030517578,RAW_CLOSE,34380434.0,,CNY
000656,XSHE,2026-09-22,1.25,1.2899999618530273,1.2300000190734863,1.25,1.25,RAW_CLOSE,238544256.0,,CNY
000661,XSHE,2026-09-22,73.81999969482422,74.61000061035156,73.36000061035156,73.5999984741211,73.5999984741211,RAW_CLOSE,4872700.0,,CNY
000703,XSHE,2026-09-22,16.780000686645508,17.020000457763672,16.139999389648438,16.809999465942383,16.809999465942383,RAW_CLOSE,77090201.0,,CNY
000708,XSHE,2026-09-22,12.819999694824219,12.960000038146973,12.8100004196167,12.859999656677246,12.859999656677246,RAW_CLOSE,9975585.0,,CNY
000725,XSHE,2026-09-22,6.119999885559082,6.150000095367432,5.980000019073486,6.0,6.0,RAW_CLOSE,1486262473.0,,CNY
000728,XSHE,2026-09-22,7.519999980926514,7.590000152587891,7.480000019073486,7.489999771118164,7.489999771118164,RAW_CLOSE,19475685.0,,CNY
000768,XSHE,2026-09-22,23.049999237060547,23.200000762939453,22.549999237060547,22.84000015258789,22.84000015258789,RAW_CLOSE,19620354.0,,CNY
000776,XSHE,2026-09-22,20.979999542236328,21.1299991607666,20.850000381469727,20.959999084472656,20.959999084472656,RAW_CLOSE,43646687.0,,CNY
000783,XSHE,2026-09-22,8.529999732971191,8.569999694824219,8.479999542236328,8.510000228881836,8.510000228881836,RAW_CLOSE,58487597.0,,CNY
000786,XSHE,2026-09-22,16.209999084472656,16.31999969482422,16.020000457763672,16.049999237060547,16.049999237060547,RAW_CLOSE,13276531.0,,CNY
000800,XSHE,2026-09-22,5.929999828338623,5.960000038146973,5.920000076293945,5.929999828338623,5.929999828338623,RAW_CLOSE,7469879.0,,CNY
000858,XSHE,2026-09-22,70.18000030517578,70.8499984741211,70.0,70.54000091552734,70.54000091552734,RAW_CLOSE,13977291.0,,CNY
000860,XSHE,2026-09-22,10.640000343322754,10.729999542236328,10.520000457763672,10.579999923706055,10.579999923706055,RAW_CLOSE,9049403.0,,CNY
000876,XSHE,2026-09-22,7.230000019073486,7.28000020980835,7.150000095367432,7.21999979019165,7.21999979019165,RAW_CLOSE,36252632.0,,CNY
000895,XSHE,2026-09-22,23.260000228881836,23.399999618530273,23.219999313354492,23.3799991607666,23.3799991607666,RAW_CLOSE,8060086.0,,CNY
000938,XSHE,2026-09-22,34.27000045776367,34.470001220703125,33.70000076293945,33.77000045776367,33.77000045776367,RAW_CLOSE,116849797.0,,CNY
000963,XSHE,2026-09-22,26.65999984741211,26.84000015258789,26.510000228881836,26.6200008392334,26.6200008392334,RAW_CLOSE,12796644.0,,CNY
000977,XSHE,2026-09-22,73.0,73.45999908447266,71.81999969482422,72.1500015258789,72.1500015258789,RAW_CLOSE,56682629.0,,CNY
001979,XSHE,2026-09-22,7.289999961853027,7.440000057220459,7.210000038146973,7.269999980926514,7.269999980926514,RAW_CLOSE,123348855.0,,CNY
002001,XSHE,2026-09-22,26.6200008392334,26.81999969482422,26.399999618530273,26.65999984741211,26.65999984741211,RAW_CLOSE,14497294.0,,CNY
002007,XSHE,2026-09-22,13.260000228881836,13.399999618530273,13.199999809265137,13.270000457763672,13.270000457763672,RAW_CLOSE,13872490.0,,CNY
002008,XSHE,2026-09-22,98.48999786376953,98.80000305175781,94.0,94.26000213623047,94.26000213623047,RAW_CLOSE,43813673.0,,CNY
002024,XSHE,2026-09-22,1.1699999570846558,1.1799999475479126,1.159999966621399,1.1699999570846558,1.1699999570846558,RAW_CLOSE,13640600.0,,CNY
002027,XSHE,2026-09-22,4.769999980926514,4.789999961853027,4.730000019073486,4.75,4.75,RAW_CLOSE,104901254.0,,CNY
002032,XSHE,2026-09-22,39.220001220703125,39.43000030517578,39.04999923706055,39.29999923706055,39.29999923706055,RAW_CLOSE,1176300.0,,CNY
002044,XSHE,2026-09-22,4.519999980926514,4.639999866485596,4.519999980926514,4.590000152587891,4.590000152587891,RAW_CLOSE,89916649.0,,CNY
002049,XSHE,2026-09-22,61.97999954223633,62.689998626708984,61.5,61.86000061035156,61.86000061035156,RAW_CLOSE,14345997.0,,CNY
002050,XSHE,2026-09-22,36.56999969482422,37.25,36.11000061035156,36.20000076293945,36.20000076293945,RAW_CLOSE,44935292.0,,CNY
002120,XSHE,2026-09-22,7.019999980926514,7.099999904632568,6.860000133514404,6.869999885559082,6.869999885559082,RAW_CLOSE,42786351.0,,CNY
002129,XSHE,2026-09-22,9.079999923706055,9.739999771118164,9.050000190734863,9.609999656677246,9.609999656677246,RAW_CLOSE,218824616.0,,CNY
002142,XSHE,2026-09-22,34.720001220703125,34.88999938964844,34.2599983215332,34.720001220703125,34.720001220703125,RAW_CLOSE,19322897.0,,CNY
002153,XSHE,2026-09-22,7.929999828338623,8.180000305175781,7.809999942779541,7.909999847412109,7.909999847412109,RAW_CLOSE,32241500.0,,CNY
002157,XSHE,2026-09-22,3.059999942779541,3.0799999237060547,3.009999990463257,3.009999990463257,3.009999990463257,RAW_CLOSE,116700351.0,,CNY
002179,XSHE,2026-09-22,36.0,36.25,35.11000061035156,35.18000030517578,35.18000030517578,RAW_CLOSE,16746064.0,,CNY
002202,XSHE,2026-09-22,18.18000030517578,18.239999771118164,17.920000076293945,17.969999313354492,17.969999313354492,RAW_CLOSE,64851329.0,,CNY
002230,XSHE,2026-09-22,38.9900016784668,39.369998931884766,38.93000030517578,39.119998931884766,39.119998931884766,RAW_CLOSE,22774049.0,,CNY
002236,XSHE,2026-09-22,15.880000114440918,15.979999542236328,15.850000381469727,15.890000343322754,15.890000343322754,RAW_CLOSE,19653426.0,,CNY
002241,XSHE,2026-09-22,25.0,25.479999542236328,24.0,24.639999389648438,24.639999389648438,RAW_CLOSE,237107653.0,,CNY
002252,XSHE,2026-09-22,4.989999771118164,5.019999980926514,4.960000038146973,4.980000019073486,4.980000019073486,RAW_CLOSE,29170738.0,,CNY
002271,XSHE,2026-09-22,10.680000305175781,10.800000190734863,10.539999961853027,10.720000267028809,10.720000267028809,RAW_CLOSE,40659064.0,,CNY
002304,XSHE,2026-09-22,38.400001525878906,38.61000061035156,38.18000030517578,38.349998474121094,38.349998474121094,RAW_CLOSE,3404624.0,,CNY
002311,XSHE,2026-09-22,42.189998626708984,42.279998779296875,41.810001373291016,42.099998474121094,42.099998474121094,RAW_CLOSE,7429139.0,,CNY
002352,XSHE,2026-09-22,30.899999618530273,31.049999237060547,30.8799991607666,30.940000534057617,30.940000534057617,RAW_CLOSE,11035514.0,,CNY
002371,XSHE,2026-09-22,689.6099853515625,690.0,671.0,672.9199829101562,672.9199829101562,RAW_CLOSE,4756304.0,,CNY
002384,XSHE,2026-09-22,200.0399932861328,208.5,196.7100067138672,198.1199951171875,198.1199951171875,RAW_CLOSE,79292010.0,,CNY
002410,XSHE,2026-09-22,8.649999618530273,8.720000267028809,8.619999885559082,8.619999885559082,8.619999885559082,RAW_CLOSE,15586901.0,,CNY
002414,XSHE,2026-09-22,12.359999656677246,12.380000114440918,12.199999809265137,12.229999542236328,12.229999542236328,RAW_CLOSE,45494259.0,,CNY
002415,XSHE,2026-09-22,32.84000015258789,33.31999969482422,32.810001373291016,33.18000030517578,33.18000030517578,RAW_CLOSE,52138500.0,,CNY
002456,XSHE,2026-09-22,7.079999923706055,7.119999885559082,6.929999828338623,6.960000038146973,6.960000038146973,RAW_CLOSE,65884804.0,,CNY
002460,XSHE,2026-09-22,46.560001373291016,46.95000076293945,46.29999923706055,46.38999938964844,46.38999938964844,RAW_CLOSE,23307652.0,,CNY
002463,XSHE,2026-09-22,128.0,129.94000244140625,124.66000366210938,125.13999938964844,125.13999938964844,RAW_CLOSE,44009422.0,,CNY
002475,XSHE,2026-09-22,54.97999954223633,55.79999923706055,54.68000030517578,54.84000015258789,54.84000015258789,RAW_CLOSE,83651137.0,,CNY
002493,XSHE,2026-09-22,13.039999961853027,13.180000305175781,12.829999923706055,13.130000114440918,13.130000114440918,RAW_CLOSE,40143143.0,,CNY
002508,XSHE,2026-09-22,16.360000610351562,16.68000030517578,16.290000915527344,16.670000076293945,16.670000076293945,RAW_CLOSE,7055980.0,,CNY
002555,XSHE,2026-09-22,17.739999771118164,17.920000076293945,17.68000030517578,17.829999923706055,17.829999923706055,RAW_CLOSE,18216652.0,,CNY
002558,XSHE,2026-09-22,24.149999618530273,24.549999237060547,23.989999771118164,24.329999923706055,24.329999923706055,RAW_CLOSE,54812505.0,,CNY
002594,XSHE,2026-09-22,85.58999633789062,87.19999694824219,85.45999908447266,86.58000183105469,86.58000183105469,RAW_CLOSE,33684722.0,,CNY
002600,XSHE,2026-09-22,12.59000015258789,12.739999771118164,12.59000015258789,12.649999618530273,12.649999618530273,RAW_CLOSE,83123326.0,,CNY
002601,XSHE,2026-09-22,15.40999984741211,15.479999542236328,15.220000267028809,15.25,15.25,RAW_CLOSE,8529280.0,,CNY
002602,XSHE,2026-09-22,14.609999656677246,14.75,14.430000305175781,14.619999885559082,14.538437843322754,RAW_CLOSE,94757652.0,,CNY
002607,XSHE,2026-09-22,1.9299999475479126,1.9700000286102295,1.9199999570846558,1.9500000476837158,1.9500000476837158,RAW_CLOSE,164709747.0,,CNY
002624,XSHE,2026-09-22,10.050000190734863,10.140000343322754,9.979999542236328,10.010000228881836,10.010000228881836,RAW_CLOSE,44682573.0,,CNY
002673,XSHE,2026-09-22,6.820000171661377,6.860000133514404,6.789999961853027,6.800000190734863,6.800000190734863,RAW_CLOSE,18941631.0,,CNY
002714,XSHE,2026-09-22,42.22999954223633,42.290000915527344,41.66999816894531,41.86000061035156,41.86000061035156,RAW_CLOSE,24877999.0,,CNY
002736,XSHE,2026-09-22,9.960000038146973,10.010000228881836,9.920000076293945,9.970000267028809,9.970000267028809,RAW_CLOSE,18954797.0,,CNY
002739,XSHE,2026-09-22,8.680000305175781,8.720000267028809,8.579999923706055,8.630000114440918,8.630000114440918,RAW_CLOSE,39318575.0,,CNY
002773,XSHE,2026-09-22,20.350000381469727,20.68000030517578,20.280000686645508,20.309999465942383,20.309999465942383,RAW_CLOSE,5372454.0,,CNY
002812,XSHE,2026-09-22,48.20000076293945,48.54999923706055,47.54999923706055,47.65999984741211,47.65999984741211,RAW_CLOSE,11661025.0,,CNY
002821,XSHE,2026-09-22,188.02999877929688,192.25,185.47000122070312,187.66000366210938,187.66000366210938,RAW_CLOSE,8045884.0,,CNY
002841,XSHE,2026-09-22,47.20000076293945,48.4900016784668,46.86000061035156,48.040000915527344,48.040000915527344,RAW_CLOSE,7262815.0,,CNY
002916,XSHE,2026-09-22,410.0,422.8800048828125,398.1000061035156,400.0,400.0,RAW_CLOSE,9406701.0,,CNY
002938,XSHE,2026-09-22,91.5,92.66999816894531,89.0,89.25,89.25,RAW_CLOSE,18777554.0,,CNY
002939,XSHE,2026-09-22,7.920000076293945,7.949999809265137,7.889999866485596,7.909999847412109,7.909999847412109,RAW_CLOSE,16531734.0,,CNY
002945,XSHE,2026-09-22,14.619999885559082,15.350000381469727,14.510000228881836,15.09000015258789,15.09000015258789,RAW_CLOSE,28547453.0,,CNY
003816,XSHE,2026-09-22,4.230000019073486,4.239999771118164,4.170000076293945,4.199999809265137,4.199999809265137,RAW_CLOSE,95160472.0,,CNY
300003,XSHE,2026-09-22,11.680000305175781,11.720000267028809,11.579999923706055,11.609999656677246,11.609999656677246,RAW_CLOSE,16175002.0,,CNY
300014,XSHE,2026-09-22,50.0099983215332,51.38999938964844,49.97999954223633,50.54999923706055,50.54999923706055,RAW_CLOSE,37910698.0,,CNY
300015,XSHE,2026-09-22,8.109999656677246,8.130000114440918,8.050000190734863,8.069999694824219,8.069999694824219,RAW_CLOSE,43515440.0,,CNY
300033,XSHE,2026-09-22,212.5500030517578,213.13999938964844,209.5,210.3699951171875,210.1699981689453,RAW_CLOSE,8741757.0,,CNY
300059,XSHE,2026-09-22,18.75,18.940000534057617,18.6299991607666,18.770000457763672,18.770000457763672,RAW_CLOSE,184702167.0,,CNY
300122,XSHE,2026-09-22,12.970000267028809,13.539999961853027,12.90999984741211,13.350000381469727,13.350000381469727,RAW_CLOSE,42170673.0,,CNY
300124,XSHE,2026-09-22,53.45000076293945,54.400001525878906,53.33000183105469,54.04999923706055,54.04999923706055,RAW_CLOSE,31484932.0,,CNY
300136,XSHE,2026-09-22,61.0,61.20000076293945,58.95000076293945,59.18000030517578,59.18000030517578,RAW_CLOSE,34934904.0,,CNY
300142,XSHE,2026-09-22,13.680000305175781,14.239999771118164,13.59000015258789,14.020000457763672,14.020000457763672,RAW_CLOSE,133186683.0,,CNY
300144,XSHE,2026-09-22,5.809999942779541,5.849999904632568,5.78000020980835,5.820000171661377,5.820000171661377,RAW_CLOSE,23345849.0,,CNY
300274,XSHE,2026-09-22,89.0,90.25,87.62000274658203,88.19999694824219,88.19999694824219,RAW_CLOSE,53373956.0,,CNY
300347,XSHE,2026-09-22,58.810001373291016,59.150001525878906,57.54999923706055,57.84000015258789,57.84000015258789,RAW_CLOSE,12733295.0,,CNY
300408,XSHE,2026-09-22,132.1699981689453,135.99000549316406,128.9499969482422,129.47999572753906,129.47999572753906,RAW_CLOSE,46945612.0,,CNY
300413,XSHE,2026-09-22,19.469999313354492,19.68000030517578,18.920000076293945,19.31999969482422,19.31999969482422,RAW_CLOSE,87182332.0,,CNY
300433,XSHE,2026-09-22,35.88999938964844,36.5,34.279998779296875,34.439998626708984,34.439998626708984,RAW_CLOSE,118555058.0,,CNY
300450,XSHE,2026-09-22,32.5,32.869998931884766,32.220001220703125,32.29999923706055,32.29999923706055,RAW_CLOSE,26272701.0,,CNY
300498,XSHE,2026-09-22,14.930000305175781,14.989999771118164,14.760000228881836,14.899999618530273,14.899999618530273,RAW_CLOSE,27147334.0,,CNY
300529,XSHE,2026-09-22,15.199999809265137,15.359999656677246,15.149999618530273,15.270000457763672,15.270000457763672,RAW_CLOSE,4584451.0,,CNY
300558,XSHE,2026-09-22,49.0,51.5,48.849998474121094,50.720001220703125,50.720001220703125,RAW_CLOSE,16969696.0,,CNY
300595,XSHE,2026-09-22,10.199999809265137,10.260000228881836,10.149999618530273,10.220000267028809,10.220000267028809,RAW_CLOSE,5792340.0,,CNY
300601,XSHE,2026-09-22,12.979999542236328,13.270000457763672,12.890000343322754,13.079999923706055,13.079999923706055,RAW_CLOSE,31863791.0,,CNY
300628,XSHE,2026-09-22,41.43000030517578,42.220001220703125,41.400001525878906,41.7400016784668,41.7400016784668,RAW_CLOSE,6373684.0,,CNY
300677,XSHE,2026-09-22,51.54999923706055,52.13999938964844,50.83000183105469,50.900001525878906,50.900001525878906,RAW_CLOSE,6993200.0,,CNY
600000,XSHG,2026-09-22,9.029999732971191,9.069999694824219,8.970000267028809,9.039999961853027,9.039999961853027,RAW_CLOSE,53266728.0,,CNY
600009,XSHG,2026-09-22,22.8700008392334,22.969999313354492,22.809999465942383,22.809999465942383,22.809999465942383,RAW_CLOSE,4793600.0,,CNY
600010,XSHG,2026-09-22,2.1500000953674316,2.1600000858306885,2.119999885559082,2.119999885559082,2.119999885559082,RAW_CLOSE,256968842.0,,CNY
600011,XSHG,2026-09-22,6.78000020980835,6.820000171661377,6.71999979019165,6.800000190734863,6.800000190734863,RAW_CLOSE,60523052.0,,CNY
600015,XSHG,2026-09-22,6.230000019073486,6.260000228881836,6.210000038146973,6.239999771118164,6.239999771118164,RAW_CLOSE,45709390.0,,CNY
600016,XSHG,2026-09-22,3.490000009536743,3.509999990463257,3.4600000381469727,3.5,3.5,RAW_CLOSE,208395547.0,,CNY
600018,XSHG,2026-09-22,5.420000076293945,5.440000057220459,5.340000152587891,5.360000133514404,5.360000133514404,RAW_CLOSE,44218612.0,,CNY
600019,XSHG,2026-09-22,5.769999980926514,5.789999961853027,5.71999979019165,5.730000019073486,5.730000019073486,RAW_CLOSE,55051477.0,,CNY
600025,XSHG,2026-09-22,9.649999618530273,9.6899995803833,9.539999961853027,9.619999885559082,9.619999885559082,RAW_CLOSE,29672197.0,,CNY
600028,XSHG,2026-09-22,5.269999980926514,5.340000152587891,5.179999828338623,5.309999942779541,5.309999942779541,RAW_CLOSE,281962656.0,,CNY
600029,XSHG,2026-09-22,4.980000019073486,4.980000019073486,4.929999828338623,4.960000038146973,4.960000038146973,RAW_CLOSE,44836035.0,,CNY
600030,XSHG,2026-09-22,26.829999923706055,27.030000686645508,26.75,26.889999389648438,26.889999389648438,RAW_CLOSE,78718131.0,,CNY
600031,XSHG,2026-09-22,17.829999923706055,17.899999618530273,17.700000762939453,17.719999313354492,17.719999313354492,RAW_CLOSE,55365669.0,,CNY
600036,XSHG,2026-09-22,40.970001220703125,41.02000045776367,40.619998931884766,40.81999969482422,40.81999969482422,RAW_CLOSE,43342069.0,,CNY
600048,XSHG,2026-09-22,5.630000114440918,5.739999771118164,5.570000171661377,5.679999828338623,5.679999828338623,RAW_CLOSE,299415822.0,,CNY
600050,XSHG,2026-09-22,4.21999979019165,4.25,4.199999809265137,4.210000038146973,4.210000038146973,RAW_CLOSE,91422721.0,,CNY
600061,XSHG,2026-09-22,6.340000152587891,6.389999866485596,6.320000171661377,6.340000152587891,6.340000152587891,RAW_CLOSE,30448966.0,,CNY
600079,XSHG,2026-09-22,18.729999542236328,18.799999237060547,18.6299991607666,18.729999542236328,18.729999542236328,RAW_CLOSE,4786100.0,,CNY
600085,XSHG,2026-09-22,23.579999923706055,23.829999923706055,23.549999237060547,23.65999984741211,23.65999984741211,RAW_CLOSE,4641723.0,,CNY
600104,XSHG,2026-09-22,11.079999923706055,11.100000381469727,11.010000228881836,11.069999694824219,11.069999694824219,RAW_CLOSE,30471361.0,,CNY
600109,XSHG,2026-09-22,8.369999885559082,8.430000305175781,8.34000015258789,8.350000381469727,8.350000381469727,RAW_CLOSE,21367353.0,,CNY
600111,XSHG,2026-09-22,38.08000183105469,38.439998626708984,37.790000915527344,37.900001525878906,37.900001525878906,RAW_CLOSE,39477929.0,,CNY
600115,XSHG,2026-09-22,3.4700000286102295,3.490000009536743,3.430000066757202,3.450000047683716,3.450000047683716,RAW_CLOSE,131254002.0,,CNY
600118,XSHG,2026-09-22,59.380001068115234,59.939998626708984,58.56999969482422,58.81999969482422,58.81999969482422,RAW_CLOSE,20302769.0,,CNY
600132,XSHG,2026-09-22,38.099998474121094,38.40999984741211,38.04999923706055,38.18000030517578,38.18000030517578,RAW_CLOSE,2396772.0,,CNY
600143,XSHG,2026-09-22,13.420000076293945,13.720000267028809,13.399999618530273,13.460000038146973,13.359999656677246,RAW_CLOSE,30865601.0,,CNY
600150,XSHG,2026-09-22,40.86000061035156,41.099998474121094,39.779998779296875,40.119998931884766,40.119998931884766,RAW_CLOSE,98646283.0,,CNY
600161,XSHG,2026-09-22,12.430000305175781,12.5600004196167,12.319999694824219,12.460000038146973,12.359999656677246,RAW_CLOSE,11786493.0,,CNY
600176,XSHG,2026-09-22,46.099998474121094,47.52000045776367,45.099998474121094,45.470001220703125,45.470001220703125,RAW_CLOSE,235175616.0,,CNY
600183,XSHG,2026-09-22,149.5,149.94000244140625,142.6199951171875,143.4499969482422,143.4499969482422,RAW_CLOSE,60702823.0,,CNY
600196,XSHG,2026-09-22,22.8700008392334,23.25,22.75,23.1299991607666,23.1299991607666,RAW_CLOSE,31382496.0,,CNY
600233,XSHG,2026-09-22,18.260000228881836,18.280000686645508,17.610000610351562,17.690000534057617,17.690000534057617,RAW_CLOSE,30956405.0,,CNY
600276,XSHG,2026-09-22,46.040000915527344,46.13999938964844,45.45000076293945,45.720001220703125,45.720001220703125,RAW_CLOSE,72275447.0,,CNY
600299,XSHG,2026-09-22,8.510000228881836,8.579999923706055,8.350000381469727,8.420000076293945,8.420000076293945,RAW_CLOSE,33550718.0,,CNY
600309,XSHG,2026-09-22,70.5999984741211,71.19000244140625,70.16000366210938,70.66000366210938,70.66000366210938,RAW_CLOSE,21953549.0,,CNY
600332,XSHG,2026-09-22,19.729999542236328,19.760000228881836,19.600000381469727,19.68000030517578,19.68000030517578,RAW_CLOSE,4474560.0,,CNY
600340,XSHG,2026-09-22,1.1100000143051147,1.1399999856948853,1.100000023841858,1.1200000047683716,1.1200000047683716,RAW_CLOSE,58437723.0,,CNY
600352,XSHG,2026-09-22,12.239999771118164,12.770000457763672,12.15999984741211,12.619999885559082,12.619999885559082,RAW_CLOSE,66810668.0,,CNY
600362,XSHG,2026-09-22,44.68000030517578,45.79999923706055,44.099998474121094,45.099998474121094,45.099998474121094,RAW_CLOSE,57707838.0,,CNY
600383,XSHG,2026-09-22,2.430000066757202,2.5399999618530273,2.4100000858306885,2.5,2.5,RAW_CLOSE,306037204.0,,CNY
600406,XSHG,2026-09-22,22.1299991607666,22.34000015258789,22.1200008392334,22.229999542236328,22.079769134521484,RAW_CLOSE,34593702.0,,CNY
600426,XSHG,2026-09-22,20.389999389648438,20.600000381469727,20.1299991607666,20.399999618530273,20.399999618530273,RAW_CLOSE,29910046.0,,CNY
600436,XSHG,2026-09-22,120.26000213623047,121.37000274658203,120.0,120.81999969482422,120.81999969482422,RAW_CLOSE,1801460.0,,CNY
600438,XSHG,2026-09-22,11.600000381469727,11.84000015258789,11.600000381469727,11.720000267028809,11.720000267028809,RAW_CLOSE,33529530.0,,CNY
600482,XSHG,2026-09-22,35.529998779296875,36.20000076293945,35.130001068115234,35.34000015258789,35.34000015258789,RAW_CLOSE,10843547.0,,CNY
600489,XSHG,2026-09-22,23.549999237060547,23.799999237060547,23.3700008392334,23.469999313354492,23.469999313354492,RAW_CLOSE,49540388.0,,CNY
600519,XSHG,2026-09-22,1252.1500244140625,1265.8800048828125,1248.0999755859375,1253.800048828125,1253.800048828125,RAW_CLOSE,2457294.0,,CNY
600521,XSHG,2026-09-22,16.610000610351562,16.75,16.450000762939453,16.56999969482422,16.56999969482422,RAW_CLOSE,21793719.0,,CNY
600522,XSHG,2026-09-22,37.540000915527344,38.47999954223633,36.5,36.880001068115234,36.880001068115234,RAW_CLOSE,285841702.0,,CNY
600547,XSHG,2026-09-22,32.16999816894531,32.27000045776367,31.260000228881836,31.450000762939453,31.450000762939453,RAW_CLOSE,90026366.0,,CNY
600570,XSHG,2026-09-22,20.489999771118164,20.670000076293945,20.399999618530273,20.5,20.5,RAW_CLOSE,17565667.0,,CNY
600584,XSHG,2026-09-22,73.9000015258789,74.5,71.5999984741211,72.23999786376953,72.18970489501953,RAW_CLOSE,106231826.0,,CNY
600585,XSHG,2026-09-22,17.200000762939453,17.209999084472656,17.040000915527344,17.1200008392334,17.1200008392334,RAW_CLOSE,15467688.0,,CNY
600588,XSHG,2026-09-22,9.680000305175781,10.029999732971191,9.630000114440918,9.899999618530273,9.899999618530273,RAW_CLOSE,86261406.0,,CNY
600600,XSHG,2026-09-22,50.20000076293945,50.38999938964844,50.08000183105469,50.150001525878906,50.150001525878906,RAW_CLOSE,2690886.0,,CNY
600606,XSHG,2026-09-22,1.5800000429153442,1.6399999856948853,1.5199999809265137,1.5299999713897705,1.5299999713897705,RAW_CLOSE,583595552.0,,CNY
600655,XSHG,2026-09-22,4.670000076293945,4.690000057220459,4.619999885559082,4.619999885559082,4.619999885559082,RAW_CLOSE,10366494.0,,CNY
600660,XSHG,2026-09-22,54.150001525878906,54.25,53.61000061035156,53.77000045776367,52.77055740356445,RAW_CLOSE,7860879.0,,CNY
600690,XSHG,2026-09-22,19.889999389648438,20.290000915527344,19.719999313354492,20.200000762939453,20.200000762939453,RAW_CLOSE,48298714.0,,CNY
600703,XSHG,2026-09-22,13.100000381469727,13.239999771118164,12.8100004196167,12.869999885559082,12.869999885559082,RAW_CLOSE,103195533.0,,CNY
600741,XSHG,2026-09-22,14.829999923706055,14.970000267028809,14.760000228881836,14.920000076293945,14.920000076293945,RAW_CLOSE,11037292.0,,CNY
600745,XSHG,2026-09-22,17.020000457763672,17.690000534057617,17.020000457763672,17.59000015258789,17.59000015258789,RAW_CLOSE,44613767.0,,CNY
600760,XSHG,2026-09-22,45.0,45.33000183105469,44.25,44.709999084472656,44.709999084472656,RAW_CLOSE,10428784.0,,CNY
600763,XSHG,2026-09-22,33.869998931884766,34.099998474121094,33.66999816894531,33.72999954223633,33.72999954223633,RAW_CLOSE,5809208.0,,CNY
600795,XSHG,2026-09-22,5.260000228881836,5.260000228881836,5.179999828338623,5.190000057220459,5.190000057220459,RAW_CLOSE,70701924.0,,CNY
600809,XSHG,2026-09-22,112.0999984741211,114.26000213623047,111.69000244140625,113.19999694824219,113.19999694824219,RAW_CLOSE,4737650.0,,CNY
600845,XSHG,2026-09-22,18.25,18.790000915527344,18.170000076293945,18.450000762939453,18.450000762939453,RAW_CLOSE,25209423.0,,CNY
600848,XSHG,2026-09-22,8.680000305175781,8.720000267028809,8.550000190734863,8.680000305175781,8.680000305175781,RAW_CLOSE,9363080.0,,CNY
600872,XSHG,2026-09-22,17.260000228881836,17.3700008392334,17.229999542236328,17.350000381469727,17.350000381469727,RAW_CLOSE,6481399.0,,CNY
600887,XSHG,2026-09-22,26.579999923706055,26.850000381469727,26.450000762939453,26.770000457763672,26.770000457763672,RAW_CLOSE,34631884.0,,CNY
600893,XSHG,2026-09-22,40.279998779296875,40.97999954223633,39.20000076293945,39.650001525878906,39.650001525878906,RAW_CLOSE,34473562.0,,CNY
600900,XSHG,2026-09-22,28.030000686645508,28.149999618530273,27.93000030517578,28.020000457763672,28.020000457763672,RAW_CLOSE,74887566.0,,CNY
600918,XSHG,2026-09-22,5.53000020980835,5.599999904632568,5.510000228881836,5.550000190734863,5.550000190734863,RAW_CLOSE,29333307.0,,CNY
600919,XSHG,2026-09-22,12.079999923706055,12.100000381469727,11.949999809265137,12.09000015258789,12.09000015258789,RAW_CLOSE,106427045.0,,CNY
600926,XSHG,2026-09-22,17.110000610351562,17.139999389648438,16.8799991607666,17.079999923706055,16.624004364013672,RAW_CLOSE,42082107.0,,CNY
600958,XSHG,2026-09-22,8.960000038146973,9.029999732971191,8.930000305175781,8.970000267028809,8.970000267028809,RAW_CLOSE,36521802.0,,CNY
600989,XSHG,2026-09-22,23.530000686645508,23.530000686645508,22.889999389648438,23.209999084472656,23.209999084472656,RAW_CLOSE,56207619.0,,CNY
600999,XSHG,2026-09-22,17.940000534057617,18.100000381469727,17.829999923706055,18.010000228881836,18.010000228881836,RAW_CLOSE,38779744.0,,CNY
601006,XSHG,2026-09-22,4.710000038146973,4.71999979019165,4.690000057220459,4.710000038146973,4.710000038146973,RAW_CLOSE,87742678.0,,CNY
601009,XSHG,2026-09-22,11.800000190734863,11.8100004196167,11.680000305175781,11.770000457763672,11.770000457763672,RAW_CLOSE,39248732.0,,CNY
601012,XSHG,2026-09-22,11.390000343322754,11.489999771118164,11.350000381469727,11.380000114440918,11.380000114440918,RAW_CLOSE,67008357.0,,CNY
601021,XSHG,2026-09-22,42.15999984741211,42.15999984741211,41.75,41.880001068115234,41.550472259521484,RAW_CLOSE,4851421.0,,CNY
601066,XSHG,2026-09-22,23.809999465942383,23.959999084472656,23.700000762939453,23.770000457763672,23.770000457763672,RAW_CLOSE,11048811.0,,CNY
601077,XSHG,2026-09-22,6.559999942779541,6.599999904632568,6.460000038146973,6.579999923706055,6.579999923706055,RAW_CLOSE,82315819.0,,CNY
601088,XSHG,2026-09-22,46.43000030517578,47.7400016784668,46.150001525878906,47.5099983215332,47.5099983215332,RAW_CLOSE,24855945.0,,CNY
601100,XSHG,2026-09-22,93.5999984741211,95.08000183105469,91.95999908447266,92.38999938964844,92.38999938964844,RAW_CLOSE,7311194.0,,CNY
601108,XSHG,2026-09-22,8.619999885559082,8.75,8.59000015258789,8.600000381469727,8.600000381469727,RAW_CLOSE,52204951.0,,CNY
601111,XSHG,2026-09-22,5.920000076293945,5.949999809265137,5.849999904632568,5.929999828338623,5.929999828338623,RAW_CLOSE,76910509.0,,CNY
601138,XSHG,2026-09-22,64.5,64.94000244140625,63.11000061035156,63.29999923706055,63.29999923706055,RAW_CLOSE,75244335.0,,CNY
601155,XSHG,2026-09-22,12.449999809265137,13.0,12.4399995803833,12.920000076293945,12.920000076293945,RAW_CLOSE,30035533.0,,CNY
601162,XSHG,2026-09-22,3.700000047683716,3.819999933242798,3.690000057220459,3.7200000286102295,3.7200000286102295,RAW_CLOSE,192818813.0,,CNY
601166,XSHG,2026-09-22,17.719999313354492,17.920000076293945,17.649999618530273,17.889999389648438,17.889999389648438,RAW_CLOSE,66714910.0,,CNY
601169,XSHG,2026-09-22,5.519999980926514,5.53000020980835,5.46999979019165,5.519999980926514,5.519999980926514,RAW_CLOSE,151370069.0,,CNY
601186,XSHG,2026-09-22,6.059999942779541,6.059999942779541,6.03000020980835,6.039999961853027,6.039999961853027,RAW_CLOSE,18793761.0,,CNY
601211,XSHG,2026-09-22,17.6200008392334,17.84000015258789,17.549999237060547,17.709999084472656,17.709999084472656,RAW_CLOSE,59928623.0,,CNY
601216,XSHG,2026-09-22,4.650000095367432,4.659999847412109,4.519999980926514,4.550000190734863,4.550000190734863,RAW_CLOSE,76926764.0,,CNY
601225,XSHG,2026-09-22,25.450000762939453,26.110000610351562,25.100000381469727,26.030000686645508,26.030000686645508,RAW_CLOSE,33825291.0,,CNY
601229,XSHG,2026-09-22,9.539999961853027,9.5600004196167,9.479999542236328,9.529999732971191,9.529999732971191,RAW_CLOSE,36794802.0,,CNY
601231,XSHG,2026-09-22,27.110000610351562,27.729999542236328,26.809999465942383,26.889999389648438,26.889999389648438,RAW_CLOSE,36642166.0,,CNY
601236,XSHG,2026-09-22,6.940000057220459,7.300000190734863,6.869999885559082,7.059999942779541,7.059999942779541,RAW_CLOSE,51234347.0,,CNY
601238,XSHG,2026-09-22,5.090000152587891,5.090000152587891,5.090000152587891,5.090000152587891,5.090000152587891,RAW_CLOSE,0.0,,CNY
601288,XSHG,2026-09-22,6.860000133514404,6.900000095367432,6.820000171661377,6.880000114440918,6.880000114440918,RAW_CLOSE,251524217.0,,CNY
601318,XSHG,2026-09-22,53.97999954223633,54.5099983215332,53.560001373291016,54.459999084472656,54.459999084472656,RAW_CLOSE,57911678.0,,CNY
601319,XSHG,2026-09-22,7.96999979019165,8.220000267028809,7.929999828338623,8.170000076293945,8.170000076293945,RAW_CLOSE,80488454.0,,CNY
601328,XSHG,2026-09-22,7.519999980926514,7.570000171661377,7.46999979019165,7.550000190734863,7.550000190734863,RAW_CLOSE,118358721.0,,CNY
601336,XSHG,2026-09-22,58.31999969482422,58.86000061035156,58.119998931884766,58.68000030517578,58.68000030517578,RAW_CLOSE,11633853.0,,CNY
601360,XSHG,2026-09-22,9.020000457763672,9.25,9.0,9.180000305175781,9.180000305175781,RAW_CLOSE,146220312.0,,CNY
601377,XSHG,2026-09-22,5.989999771118164,6.010000228881836,5.949999809265137,5.96999979019165,5.96999979019165,RAW_CLOSE,53285371.0,,CNY
601390,XSHG,2026-09-22,4.329999923706055,4.329999923706055,4.300000190734863,4.309999942779541,4.309999942779541,RAW_CLOSE,48140267.0,,CNY
601398,XSHG,2026-09-22,8.079999923706055,8.119999885559082,8.010000228881836,8.119999885559082,8.119999885559082,RAW_CLOSE,299064863.0,,CNY
601555,XSHG,2026-09-22,8.329999923706055,8.430000305175781,8.289999961853027,8.34000015258789,8.34000015258789,RAW_CLOSE,30503522.0,,CNY
601600,XSHG,2026-09-22,9.140000343322754,9.40999984741211,9.109999656677246,9.270000457763672,9.270000457763672,RAW_CLOSE,208992542.0,,CNY
601601,XSHG,2026-09-22,31.850000381469727,32.22999954223633,31.729999542236328,32.150001525878906,32.150001525878906,RAW_CLOSE,41128225.0,,CNY
601607,XSHG,2026-09-22,16.09000015258789,16.100000381469727,15.979999542236328,16.040000915527344,16.040000915527344,RAW_CLOSE,6041010.0,,CNY
601618,XSHG,2026-09-22,2.559999942779541,2.5799999237060547,2.549999952316284,2.559999942779541,2.559999942779541,RAW_CLOSE,49438800.0,,CNY
601628,XSHG,2026-09-22,37.84000015258789,38.88999938964844,37.75,38.689998626708984,38.689998626708984,RAW_CLOSE,28446895.0,,CNY
601633,XSHG,2026-09-22,14.039999961853027,14.199999809265137,14.0,14.130000114440918,14.130000114440918,RAW_CLOSE,16249356.0,,CNY
601658,XSHG,2026-09-22,5.340000152587891,5.349999904632568,5.300000190734863,5.329999923706055,5.329999923706055,RAW_CLOSE,125551432.0,,CNY
601668,XSHG,2026-09-22,4.300000190734863,4.320000171661377,4.28000020980835,4.300000190734863,4.300000190734863,RAW_CLOSE,155711069.0,,CNY
601669,XSHG,2026-09-22,4.639999866485596,4.639999866485596,4.599999904632568,4.610000133514404,4.610000133514404,RAW_CLOSE,52545981.0,,CNY
601688,XSHG,2026-09-22,18.56999969482422,18.649999618530273,18.3799991607666,18.469999313354492,18.469999313354492,RAW_CLOSE,50153106.0,,CNY
601696,XSHG,2026-09-22,11.420000076293945,11.539999961853027,11.369999885559082,11.390000343322754,11.390000343322754,RAW_CLOSE,27006076.0,,CNY
601698,XSHG,2026-09-22,24.149999618530273,24.3799991607666,23.950000762939453,24.0,24.0,RAW_CLOSE,18183965.0,,CNY
601727,XSHG,2026-09-22,6.559999942779541,6.710000038146973,6.550000190734863,6.679999828338623,6.679999828338623,RAW_CLOSE,111031795.0,,CNY
601766,XSHG,2026-09-22,6.079999923706055,6.090000152587891,5.949999809265137,5.980000019073486,5.980000019073486,RAW_CLOSE,165628180.0,,CNY
601788,XSHG,2026-09-22,14.100000381469727,14.140000343322754,14.020000457763672,14.0600004196167,14.0600004196167,RAW_CLOSE,11968420.0,,CNY
601799,XSHG,2026-09-22,72.5999984741211,72.66999816894531,71.0999984741211,71.36000061035156,71.36000061035156,RAW_CLOSE,4424443.0,,CNY
601800,XSHG,2026-09-22,5.869999885559082,5.900000095367432,5.849999904632568,5.860000133514404,5.860000133514404,RAW_CLOSE,13968259.0,,CNY
601808,XSHG,2026-09-22,12.390000343322754,12.479999542236328,12.229999542236328,12.229999542236328,12.229999542236328,RAW_CLOSE,11502069.0,,CNY
601816,XSHG,2026-09-22,4.769999980926514,4.789999961853027,4.730000019073486,4.739999771118164,4.739999771118164,RAW_CLOSE,116701146.0,,CNY
601818,XSHG,2026-09-22,3.009999990463257,3.0199999809265137,3.0,3.009999990463257,3.009999990463257,RAW_CLOSE,100289585.0,,CNY
601838,XSHG,2026-09-22,19.040000915527344,19.079999923706055,18.719999313354492,18.989999771118164,18.989999771118164,RAW_CLOSE,22853400.0,,CNY
601857,XSHG,2026-09-22,10.579999923706055,10.850000381469727,10.510000228881836,10.789999961853027,10.789999961853027,RAW_CLOSE,115671707.0,,CNY
601872,XSHG,2026-09-22,22.200000762939453,22.239999771118164,21.149999618530273,21.479999542236328,21.479999542236328,RAW_CLOSE,193902726.0,,CNY
601877,XSHG,2026-09-22,25.3799991607666,25.700000762939453,25.280000686645508,25.389999389648438,25.389999389648438,RAW_CLOSE,11364917.0,,CNY
601878,XSHG,2026-09-22,9.15999984741211,9.199999809265137,9.140000343322754,9.140000343322754,9.140000343322754,RAW_CLOSE,16246100.0,,CNY
601881,XSHG,2026-09-22,12.149999618530273,12.220000267028809,12.119999885559082,12.180000305175781,12.180000305175781,RAW_CLOSE,25411407.0,,CNY
601888,XSHG,2026-09-22,52.29999923706055,52.619998931884766,52.09000015258789,52.27000045776367,52.27000045776367,RAW_CLOSE,13321348.0,,CNY
601899,XSHG,2026-09-22,31.389999389648438,31.75,31.18000030517578,31.40999984741211,31.40999984741211,RAW_CLOSE,132699925.0,,CNY
601901,XSHG,2026-09-22,6.909999847412109,6.949999809265137,6.889999866485596,6.900000095367432,6.900000095367432,RAW_CLOSE,28716347.0,,CNY
601916,XSHG,2026-09-22,2.9100000858306885,2.9100000858306885,2.880000114440918,2.880000114440918,2.880000114440918,RAW_CLOSE,103596275.0,,CNY
601919,XSHG,2026-09-22,16.68000030517578,16.719999313354492,16.389999389648438,16.559999465942383,16.559999465942383,RAW_CLOSE,67682820.0,,CNY
601933,XSHG,2026-09-22,3.059999942779541,3.0799999237060547,3.0299999713897705,3.059999942779541,3.059999942779541,RAW_CLOSE,107617300.0,,CNY
601939,XSHG,2026-09-22,10.880000114440918,10.9399995803833,10.779999732971191,10.920000076293945,10.920000076293945,RAW_CLOSE,73135235.0,,CNY
601985,XSHG,2026-09-22,8.899999618530273,8.899999618530273,8.850000381469727,8.859999656677246,8.859999656677246,RAW_CLOSE,78229894.0,,CNY
601988,XSHG,2026-09-22,6.599999904632568,6.670000076293945,6.53000020980835,6.650000095367432,6.650000095367432,RAW_CLOSE,210100932.0,,CNY
601990,XSHG,2026-09-22,6.710000038146973,6.78000020980835,6.699999809265137,6.739999771118164,6.739999771118164,RAW_CLOSE,17780124.0,,CNY
601995,XSHG,2026-09-22,31.799999237060547,31.799999237060547,31.799999237060547,31.799999237060547,31.799999237060547,RAW_CLOSE,0.0,,CNY
601998,XSHG,2026-09-22,8.930000305175781,9.09000015258789,8.869999885559082,9.039999961853027,9.039999961853027,RAW_CLOSE,51412208.0,,CNY
603019,XSHG,2026-09-22,86.9000015258789,87.22000122070312,84.3499984741211,84.66999816894531,84.66999816894531,RAW_CLOSE,34271508.0,,CNY
603087,XSHG,2026-09-22,71.19000244140625,71.66999816894531,70.44999694824219,70.69000244140625,70.69000244140625,RAW_CLOSE,6837889.0,,CNY
603160,XSHG,2026-09-22,53.790000915527344,56.119998931884766,53.599998474121094,56.0,56.0,RAW_CLOSE,9613700.0,,CNY
603195,XSHG,2026-09-22,38.02000045776367,38.209999084472656,37.900001525878906,37.9900016784668,37.9900016784668,RAW_CLOSE,1807887.0,,CNY
603233,XSHG,2026-09-22,17.860000610351562,18.030000686645508,17.700000762939453,17.75,17.75,RAW_CLOSE,7745959.0,,CNY
603259,XSHG,2026-09-22,167.91000366210938,171.1999969482422,165.5399932861328,167.85000610351562,167.85000610351562,RAW_CLOSE,36997115.0,,CNY
603288,XSHG,2026-09-22,33.86000061035156,34.5,33.83000183105469,34.290000915527344,34.290000915527344,RAW_CLOSE,16044323.0,,CNY
603338,XSHG,2026-09-22,54.0,54.86000061035156,53.45000076293945,53.54999923706055,53.54999923706055,RAW_CLOSE,3339868.0,,CNY
603369,XSHG,2026-09-22,28.40999984741211,28.469999313354492,27.90999984741211,28.350000381469727,28.350000381469727,RAW_CLOSE,8582298.0,,CNY
603392,XSHG,2026-09-22,26.010000228881836,26.3700008392334,25.780000686645508,26.219999313354492,26.219999313354492,RAW_CLOSE,6143413.0,,CNY
603501,XSHG,2026-09-22,81.55000305175781,83.86000061035156,81.37999725341797,82.87999725341797,82.87999725341797,RAW_CLOSE,21490385.0,,CNY
603517,XSHG,2026-09-22,11.789999961853027,11.789999961853027,11.5600004196167,11.630000114440918,11.630000114440918,RAW_CLOSE,3649200.0,,CNY
603658,XSHG,2026-09-22,32.5099983215332,35.709999084472656,32.29999923706055,34.970001220703125,34.970001220703125,RAW_CLOSE,12404379.0,,CNY
603659,XSHG,2026-09-22,21.899999618530273,22.5,21.899999618530273,22.209999084472656,22.209999084472656,RAW_CLOSE,20494417.0,,CNY
603799,XSHG,2026-09-22,36.09000015258789,37.2599983215332,36.09000015258789,36.65999984741211,36.65999984741211,RAW_CLOSE,49529813.0,,CNY
603806,XSHG,2026-09-22,14.539999961853027,14.6899995803833,14.34000015258789,14.380000114440918,14.380000114440918,RAW_CLOSE,18602494.0,,CNY
603833,XSHG,2026-09-22,29.450000762939453,29.690000534057617,29.309999465942383,29.559999465942383,29.559999465942383,RAW_CLOSE,1953100.0,,CNY
603882,XSHG,2026-09-22,28.399999618530273,29.520000457763672,28.309999465942383,29.059999465942383,29.059999465942383,RAW_CLOSE,11428186.0,,CNY
603899,XSHG,2026-09-22,21.760000228881836,22.360000610351562,21.690000534057617,22.100000381469727,22.100000381469727,RAW_CLOSE,3321202.0,,CNY
603939,XSHG,2026-09-22,22.149999618530273,22.59000015258789,22.059999465942383,22.200000762939453,22.200000762939453,RAW_CLOSE,11553711.0,,CNY
603986,XSHG,2026-09-22,399.989990234375,413.42999267578125,394.0,402.1000061035156,402.1000061035156,RAW_CLOSE,50915065.0,,CNY
603993,XSHG,2026-09-22,17.600000381469727,17.969999313354492,17.59000015258789,17.809999465942383,17.809999465942383,RAW_CLOSE,148953930.0,,CNY
688008,XSHG,2026-09-22,230.0,233.19000244140625,220.69000244140625,221.8300018310547,221.8300018310547,RAW_CLOSE,74751149.0,,CNY
688009,XSHG,2026-09-22,4.710000038146973,4.71999979019165,4.670000076293945,4.679999828338623,4.679999828338623,RAW_CLOSE,15710813.0,,CNY
688012,XSHG,2026-09-22,359.0,363.07000732421875,347.69000244140625,350.05999755859375,350.05999755859375,RAW_CLOSE,15792854.0,,CNY
688036,XSHG,2026-09-22,54.20000076293945,57.16999816894531,54.20000076293945,56.79999923706055,56.79999923706055,RAW_CLOSE,17037708.0,,CNY
688111,XSHG,2026-09-22,225.97000122070312,232.49000549316406,225.80999755859375,231.32000732421875,231.32000732421875,RAW_CLOSE,7497083.0,,CNY
688126,XSHG,2026-09-22,24.979999542236328,25.350000381469727,24.530000686645508,24.739999771118164,24.739999771118164,RAW_CLOSE,54724546.0,,CNY
688169,XSHG,2026-09-22,119.33000183105469,121.48999786376953,117.26000213623047,117.5,117.5,RAW_CLOSE,4214371.0,,CNY
688363,XSHG,2026-09-22,35.0,35.349998474121094,34.83000183105469,35.0099983215332,35.0099983215332,RAW_CLOSE,3165662.0,,CNY
688396,XSHG,2026-09-22,62.5,63.2599983215332,61.150001525878906,61.459999084472656,61.459999084472656,RAW_CLOSE,15679363.0,,CNY
000001,XSHE,2026-09-23,11.680000305175781,11.710000038146973,11.550000190734863,11.600000381469727,11.35099983215332,RAW_CLOSE,90672565.0,,CNY
000002,XSHE,2026-09-23,3.809999942779541,4.190000057220459,3.75,3.9200000762939453,3.9200000762939453,RAW_CLOSE,1066284665.0,,CNY
000063,XSHE,2026-09-23,32.810001373291016,33.02000045776367,32.209999084472656,32.279998779296875,32.279998779296875,RAW_CLOSE,74746039.0,,CNY
000066,XSHE,2026-09-23,15.609999656677246,15.720000267028809,15.09000015258789,15.140000343322754,15.140000343322754,RAW_CLOSE,299629214.0,,CNY
000069,XSHE,2026-09-23,1.899999976158142,1.9900000095367432,1.8899999856948853,1.899999976158142,1.899999976158142,RAW_CLOSE,125603717.0,,CNY
000100,XSHE,2026-09-23,5.039999961853027,5.119999885559082,4.920000076293945,4.929999828338623,4.929999828338623,RAW_CLOSE,397566597.0,,CNY
000157,XSHE,2026-09-23,6.159999847412109,6.170000076293945,6.099999904632568,6.099999904632568,6.099999904632568,RAW_CLOSE,43304785.0,,CNY
000166,XSHE,2026-09-23,4.489999771118164,4.5,4.460000038146973,4.46999979019165,4.46999979019165,RAW_CLOSE,36483806.0,,CNY
000333,XSHE,2026-09-23,82.51000213623047,82.83999633789062,82.05000305175781,82.47000122070312,82.47000122070312,RAW_CLOSE,17023657.0,,CNY
000338,XSHE,2026-09-23,26.979999542236328,27.149999618530273,25.610000610351562,25.889999389648438,25.889999389648438,RAW_CLOSE,108819011.0,,CNY
000425,XSHE,2026-09-23,7.269999980926514,7.340000152587891,7.210000038146973,7.230000019073486,7.230000019073486,RAW_CLOSE,105022304.0,,CNY
000538,XSHE,2026-09-23,51.25,51.75,51.029998779296875,51.36000061035156,50.32200241088867,RAW_CLOSE,7675991.0,,CNY
000568,XSHE,2026-09-23,71.61000061035156,73.18000030517578,71.55000305175781,72.11000061035156,72.11000061035156,RAW_CLOSE,10485981.0,,CNY
000596,XSHE,2026-09-23,95.20999908447266,100.5,95.19999694824219,96.80000305175781,96.80000305175781,RAW_CLOSE,4004441.0,,CNY
000625,XSHE,2026-09-23,7.159999847412109,7.210000038146973,7.110000133514404,7.119999885559082,7.119999885559082,RAW_CLOSE,44209167.0,,CNY
000651,XSHE,2026-09-23,38.20000076293945,38.43000030517578,38.150001525878906,38.36000061035156,38.36000061035156,RAW_CLOSE,17229342.0,,CNY
000656,XSHE,2026-09-23,1.25,1.3200000524520874,1.2400000095367432,1.2599999904632568,1.2599999904632568,RAW_CLOSE,362595063.0,,CNY
000661,XSHE,2026-09-23,73.5,74.0999984741211,73.02999877929688,73.25,73.25,RAW_CLOSE,3870388.0,,CNY
000703,XSHE,2026-09-23,16.899999618530273,17.459999084472656,16.719999313354492,17.389999389648438,17.389999389648438,RAW_CLOSE,81542212.0,,CNY
000708,XSHE,2026-09-23,12.869999885559082,12.989999771118164,12.75,12.960000038146973,12.960000038146973,RAW_CLOSE,9138692.0,,CNY
000725,XSHE,2026-09-23,6.090000152587891,6.309999942779541,5.989999771118164,6.019999980926514,6.019999980926514,RAW_CLOSE,1579428056.0,,CNY
000728,XSHE,2026-09-23,7.480000019073486,7.5,7.409999847412109,7.409999847412109,7.409999847412109,RAW_CLOSE,15258347.0,,CNY
000768,XSHE,2026-09-23,22.899999618530273,22.959999084472656,22.469999313354492,22.709999084472656,22.709999084472656,RAW_CLOSE,15413600.0,,CNY
000776,XSHE,2026-09-23,20.959999084472656,20.979999542236328,20.700000762939453,20.829999923706055,20.829999923706055,RAW_CLOSE,26929310.0,,CNY
000783,XSHE,2026-09-23,8.489999771118164,8.539999961853027,8.430000305175781,8.460000038146973,8.460000038146973,RAW_CLOSE,34576256.0,,CNY
000786,XSHE,2026-09-23,16.010000228881836,16.469999313354492,15.979999542236328,16.049999237060547,16.049999237060547,RAW_CLOSE,17774882.0,,CNY
000800,XSHE,2026-09-23,5.920000076293945,6.0,5.909999847412109,5.929999828338623,5.929999828338623,RAW_CLOSE,9183100.0,,CNY
000858,XSHE,2026-09-23,70.30999755859375,71.06999969482422,70.25,70.33999633789062,70.33999633789062,RAW_CLOSE,17357425.0,,CNY
000860,XSHE,2026-09-23,10.600000381469727,10.84000015258789,10.430000305175781,10.4399995803833,10.4399995803833,RAW_CLOSE,11434425.0,,CNY
000876,XSHE,2026-09-23,7.199999809265137,7.199999809265137,7.019999980926514,7.03000020980835,7.03000020980835,RAW_CLOSE,42990420.0,,CNY
000895,XSHE,2026-09-23,23.3799991607666,23.540000915527344,23.280000686645508,23.329999923706055,23.329999923706055,RAW_CLOSE,7496060.0,,CNY
000938,XSHE,2026-09-23,33.58000183105469,34.099998474121094,33.099998474121094,33.65999984741211,33.65999984741211,RAW_CLOSE,96179071.0,,CNY
000963,XSHE,2026-09-23,26.520000457763672,26.68000030517578,26.440000534057617,26.5,26.5,RAW_CLOSE,7707867.0,,CNY
000977,XSHE,2026-09-23,71.86000061035156,72.19000244140625,70.9000015258789,71.2699966430664,71.2699966430664,RAW_CLOSE,38142759.0,,CNY
001979,XSHE,2026-09-23,7.21999979019165,7.539999961853027,7.210000038146973,7.25,7.25,RAW_CLOSE,158287698.0,,CNY
002001,XSHE,2026-09-23,26.559999465942383,26.719999313354492,26.239999771118164,26.34000015258789,26.34000015258789,RAW_CLOSE,13597509.0,,CNY
002007,XSHE,2026-09-23,13.300000190734863,13.449999809265137,13.25,13.300000190734863,13.300000190734863,RAW_CLOSE,10732329.0,,CNY
002008,XSHE,2026-09-23,94.7300033569336,95.83000183105469,92.66000366210938,92.9800033569336,92.9800033569336,RAW_CLOSE,30957864.0,,CNY
002024,XSHE,2026-09-23,1.1699999570846558,1.1699999570846558,1.159999966621399,1.159999966621399,1.159999966621399,RAW_CLOSE,13075379.0,,CNY
002027,XSHE,2026-09-23,4.730000019073486,4.789999961853027,4.710000038146973,4.75,4.75,RAW_CLOSE,87350441.0,,CNY
002032,XSHE,2026-09-23,39.29999923706055,39.7400016784668,39.060001373291016,39.099998474121094,39.099998474121094,RAW_CLOSE,1300400.0,,CNY
002044,XSHE,2026-09-23,4.570000171661377,4.579999923706055,4.480000019073486,4.480000019073486,4.480000019073486,RAW_CLOSE,56197041.0,,CNY
002049,XSHE,2026-09-23,61.86000061035156,61.86000061035156,61.0,61.369998931884766,61.369998931884766,RAW_CLOSE,8853274.0,,CNY
002050,XSHE,2026-09-23,36.29999923706055,36.38999938964844,35.849998474121094,35.9900016784668,35.9900016784668,RAW_CLOSE,26333785.0,,CNY
002120,XSHE,2026-09-23,6.860000133514404,6.940000057220459,6.840000152587891,6.880000114440918,6.880000114440918,RAW_CLOSE,23112800.0,,CNY
002129,XSHE,2026-09-23,9.600000381469727,9.6899995803833,9.489999771118164,9.609999656677246,9.609999656677246,RAW_CLOSE,92531440.0,,CNY
002142,XSHE,2026-09-23,34.689998626708984,34.869998931884766,34.310001373291016,34.720001220703125,34.720001220703125,RAW_CLOSE,17732962.0,,CNY
002153,XSHE,2026-09-23,7.829999923706055,7.900000095367432,7.659999847412109,7.659999847412109,7.659999847412109,RAW_CLOSE,19775391.0,,CNY
002157,XSHE,2026-09-23,3.009999990463257,3.0199999809265137,2.950000047683716,2.9600000381469727,2.9600000381469727,RAW_CLOSE,125964403.0,,CNY
002179,XSHE,2026-09-23,35.18000030517578,35.220001220703125,34.75,34.77000045776367,34.77000045776367,RAW_CLOSE,13362452.0,,CNY
002202,XSHE,2026-09-23,17.90999984741211,18.049999237060547,17.75,17.829999923706055,17.829999923706055,RAW_CLOSE,46873809.0,,CNY
002230,XSHE,2026-09-23,39.130001068115234,39.150001525878906,38.709999084472656,38.720001220703125,38.720001220703125,RAW_CLOSE,13706550.0,,CNY
002236,XSHE,2026-09-23,15.859999656677246,15.90999984741211,15.800000190734863,15.850000381469727,15.850000381469727,RAW_CLOSE,15156079.0,,CNY
002241,XSHE,2026-09-23,24.84000015258789,25.079999923706055,24.399999618530273,24.450000762939453,24.450000762939453,RAW_CLOSE,105604911.0,,CNY
002252,XSHE,2026-09-23,4.96999979019165,5.03000020980835,4.960000038146973,4.96999979019165,4.96999979019165,RAW_CLOSE,30474338.0,,CNY
002271,XSHE,2026-09-23,10.720000267028809,10.949999809265137,10.680000305175781,10.699999809265137,10.699999809265137,RAW_CLOSE,41128572.0,,CNY
002304,XSHE,2026-09-23,38.349998474121094,38.7599983215332,37.970001220703125,38.029998779296875,38.029998779296875,RAW_CLOSE,5566784.0,,CNY
002311,XSHE,2026-09-23,42.09000015258789,42.09000015258789,41.20000076293945,41.439998626708984,41.439998626708984,RAW_CLOSE,8462670.0,,CNY
002352,XSHE,2026-09-23,30.940000534057617,31.059999465942383,30.799999237060547,30.889999389648438,30.889999389648438,RAW_CLOSE,8667834.0,,CNY
002371,XSHE,2026-09-23,675.010009765625,677.0,666.1199951171875,668.1500244140625,668.1500244140625,RAW_CLOSE,3663621.0,,CNY
002384,XSHE,2026-09-23,197.00999450683594,198.55999755859375,192.10000610351562,193.0,193.0,RAW_CLOSE,48486143.0,,CNY
002410,XSHE,2026-09-23,8.600000381469727,8.609999656677246,8.449999809265137,8.460000038146973,8.460000038146973,RAW_CLOSE,18896860.0,,CNY
002414,XSHE,2026-09-23,12.210000038146973,12.25,12.020000457763672,12.020000457763672,12.020000457763672,RAW_CLOSE,35330505.0,,CNY
002415,XSHE,2026-09-23,33.189998626708984,33.20000076293945,32.93000030517578,33.11000061035156,33.11000061035156,RAW_CLOSE,27796362.0,,CNY
002456,XSHE,2026-09-23,6.960000038146973,7.010000228881836,6.849999904632568,6.849999904632568,6.849999904632568,RAW_CLOSE,50593071.0,,CNY
002460,XSHE,2026-09-23,46.400001525878906,46.5,45.290000915527344,45.529998779296875,45.529998779296875,RAW_CLOSE,22480399.0,,CNY
002463,XSHE,2026-09-23,124.66000366210938,129.6699981689453,124.11000061035156,128.10000610351562,128.10000610351562,RAW_CLOSE,61943825.0,,CNY
002475,XSHE,2026-09-23,54.900001525878906,55.130001068115234,54.13999938964844,54.369998931884766,54.369998931884766,RAW_CLOSE,40857099.0,,CNY
002493,XSHE,2026-09-23,13.199999809265137,13.65999984741211,13.100000381469727,13.550000190734863,13.550000190734863,RAW_CLOSE,51836386.0,,CNY
002508,XSHE,2026-09-23,16.559999465942383,17.020000457763672,16.43000030517578,16.479999542236328,16.479999542236328,RAW_CLOSE,8073387.0,,CNY
002555,XSHE,2026-09-23,17.760000228881836,17.780000686645508,17.3700008392334,17.389999389648438,17.389999389648438,RAW_CLOSE,23065982.0,,CNY
002558,XSHE,2026-09-23,24.18000030517578,24.3799991607666,23.600000381469727,23.600000381469727,23.600000381469727,RAW_CLOSE,47046733.0,,CNY
002594,XSHE,2026-09-23,86.0,86.55000305175781,85.66000366210938,85.8499984741211,85.8499984741211,RAW_CLOSE,17315474.0,,CNY
002600,XSHE,2026-09-23,12.550000190734863,12.59000015258789,12.350000381469727,12.369999885559082,12.369999885559082,RAW_CLOSE,69573100.0,,CNY
002601,XSHE,2026-09-23,15.25,15.3100004196167,15.149999618530273,15.239999771118164,15.239999771118164,RAW_CLOSE,6175651.0,,CNY
002602,XSHE,2026-09-23,14.579999923706055,14.600000381469727,14.25,14.34000015258789,14.260000228881836,RAW_CLOSE,90277007.0,,CNY
002607,XSHE,2026-09-23,1.9500000476837158,1.9700000286102295,1.8899999856948853,1.899999976158142,1.899999976158142,RAW_CLOSE,158506800.0,,CNY
002624,XSHE,2026-09-23,9.970000267028809,10.069999694824219,9.880000114440918,9.890000343322754,9.890000343322754,RAW_CLOSE,33177280.0,,CNY
002673,XSHE,2026-09-23,6.789999961853027,6.809999942779541,6.739999771118164,6.739999771118164,6.739999771118164,RAW_CLOSE,15440624.0,,CNY
002714,XSHE,2026-09-23,41.810001373291016,42.0,41.33000183105469,41.400001525878906,41.400001525878906,RAW_CLOSE,19879913.0,,CNY
002736,XSHE,2026-09-23,9.970000267028809,10.020000457763672,9.9399995803833,9.979999542236328,9.979999542236328,RAW_CLOSE,12375257.0,,CNY
002739,XSHE,2026-09-23,8.579999923706055,8.609999656677246,8.470000267028809,8.489999771118164,8.489999771118164,RAW_CLOSE,34931918.0,,CNY
002773,XSHE,2026-09-23,20.31999969482422,20.549999237060547,20.149999618530273,20.170000076293945,20.170000076293945,RAW_CLOSE,4076984.0,,CNY
002812,XSHE,2026-09-23,47.5,47.70000076293945,46.869998931884766,47.5,47.5,RAW_CLOSE,10227154.0,,CNY
002821,XSHE,2026-09-23,188.0,191.69000244140625,186.3000030517578,188.00999450683594,188.00999450683594,RAW_CLOSE,6273414.0,,CNY
002841,XSHE,2026-09-23,48.099998474121094,48.189998626708984,46.400001525878906,46.599998474121094,46.599998474121094,RAW_CLOSE,5808648.0,,CNY
002916,XSHE,2026-09-23,399.0199890136719,424.0400085449219,398.0299987792969,414.7699890136719,414.7699890136719,RAW_CLOSE,10866549.0,,CNY
002938,XSHE,2026-09-23,88.55999755859375,91.4800033569336,87.8499984741211,88.19000244140625,88.19000244140625,RAW_CLOSE,19199889.0,,CNY
002939,XSHE,2026-09-23,7.909999847412109,7.909999847412109,7.860000133514404,7.869999885559082,7.869999885559082,RAW_CLOSE,9381807.0,,CNY
002945,XSHE,2026-09-23,14.989999771118164,15.109999656677246,14.710000038146973,14.770000457763672,14.770000457763672,RAW_CLOSE,15700965.0,,CNY
003816,XSHE,2026-09-23,4.190000057220459,4.210000038146973,4.159999847412109,4.179999828338623,4.179999828338623,RAW_CLOSE,62532600.0,,CNY
300003,XSHE,2026-09-23,11.630000114440918,11.65999984741211,11.550000190734863,11.579999923706055,11.579999923706055,RAW_CLOSE,8803800.0,,CNY
300014,XSHE,2026-09-23,50.31999969482422,50.58000183105469,49.79999923706055,50.029998779296875,50.029998779296875,RAW_CLOSE,18891959.0,,CNY
300015,XSHE,2026-09-23,8.069999694824219,8.119999885559082,8.010000228881836,8.010000228881836,8.010000228881836,RAW_CLOSE,36521481.0,,CNY
300033,XSHE,2026-09-23,211.0,211.6300048828125,207.8000030517578,208.63999938964844,208.63999938964844,RAW_CLOSE,5201204.0,,CNY
300059,XSHE,2026-09-23,18.690000534057617,18.760000228881836,18.600000381469727,18.649999618530273,18.649999618530273,RAW_CLOSE,105666310.0,,CNY
300122,XSHE,2026-09-23,13.34000015258789,13.729999542236328,13.289999961853027,13.4399995803833,13.4399995803833,RAW_CLOSE,42279263.0,,CNY
300124,XSHE,2026-09-23,53.79999923706055,53.97999954223633,52.68000030517578,52.720001220703125,52.720001220703125,RAW_CLOSE,23127568.0,,CNY
300136,XSHE,2026-09-23,59.0,59.369998931884766,57.56999969482422,58.0099983215332,58.0099983215332,RAW_CLOSE,26600439.0,,CNY
300142,XSHE,2026-09-23,14.0,14.329999923706055,13.9399995803833,14.079999923706055,14.079999923706055,RAW_CLOSE,114241987.0,,CNY
300144,XSHE,2026-09-23,5.809999942779541,5.860000133514404,5.760000228881836,5.769999980926514,5.769999980926514,RAW_CLOSE,21957346.0,,CNY
300274,XSHE,2026-09-23,88.0,88.58000183105469,86.5999984741211,86.83000183105469,86.83000183105469,RAW_CLOSE,34543600.0,,CNY
300347,XSHE,2026-09-23,57.7599983215332,59.5,57.59000015258789,58.5,58.5,RAW_CLOSE,9940776.0,,CNY
300408,XSHE,2026-09-23,131.6199951171875,132.9199981689453,128.8800048828125,130.39999389648438,130.39999389648438,RAW_CLOSE,30348251.0,,CNY
300413,XSHE,2026-09-23,19.040000915527344,19.450000762939453,18.690000534057617,19.329999923706055,19.329999923706055,RAW_CLOSE,71104792.0,,CNY
300433,XSHE,2026-09-23,34.45000076293945,35.119998931884766,33.91999816894531,34.040000915527344,34.040000915527344,RAW_CLOSE,66955561.0,,CNY
300450,XSHE,2026-09-23,32.27000045776367,32.630001068115234,32.119998931884766,32.40999984741211,32.40999984741211,RAW_CLOSE,20427710.0,,CNY
300498,XSHE,2026-09-23,14.850000381469727,14.970000267028809,14.760000228881836,14.789999961853027,14.789999961853027,RAW_CLOSE,21459857.0,,CNY
300529,XSHE,2026-09-23,15.229999542236328,15.300000190734863,15.149999618530273,15.170000076293945,15.170000076293945,RAW_CLOSE,3478100.0,,CNY
300558,XSHE,2026-09-23,50.56999969482422,51.349998474121094,50.189998626708984,50.36000061035156,50.36000061035156,RAW_CLOSE,9623926.0,,CNY
300595,XSHE,2026-09-23,10.199999809265137,10.579999923706055,10.199999809265137,10.270000457763672,10.270000457763672,RAW_CLOSE,8240943.0,,CNY
300601,XSHE,2026-09-23,13.050000190734863,13.399999618530273,13.0,13.180000305175781,13.180000305175781,RAW_CLOSE,22902623.0,,CNY
300628,XSHE,2026-09-23,41.54999923706055,41.93000030517578,41.119998931884766,41.52000045776367,41.52000045776367,RAW_CLOSE,4490389.0,,CNY
300677,XSHE,2026-09-23,50.70000076293945,51.16999816894531,49.70000076293945,49.79999923706055,49.79999923706055,RAW_CLOSE,5611864.0,,CNY
600000,XSHG,2026-09-23,9.020000457763672,9.050000190734863,8.949999809265137,8.979999542236328,8.979999542236328,RAW_CLOSE,51124386.0,,CNY
600009,XSHG,2026-09-23,22.809999465942383,22.979999542236328,22.709999084472656,22.75,22.75,RAW_CLOSE,5021951.0,,CNY
600010,XSHG,2026-09-23,2.119999885559082,2.1600000858306885,2.109999895095825,2.119999885559082,2.119999885559082,RAW_CLOSE,333333995.0,,CNY
600011,XSHG,2026-09-23,6.78000020980835,6.789999961853027,6.739999771118164,6.760000228881836,6.760000228881836,RAW_CLOSE,32586300.0,,CNY
600015,XSHG,2026-09-23,6.239999771118164,6.25,6.21999979019165,6.230000019073486,6.230000019073486,RAW_CLOSE,33684833.0,,CNY
600016,XSHG,2026-09-23,3.490000009536743,3.509999990463257,3.450000047683716,3.4700000286102295,3.4700000286102295,RAW_CLOSE,184904956.0,,CNY
600018,XSHG,2026-09-23,5.349999904632568,5.409999847412109,5.329999923706055,5.380000114440918,5.380000114440918,RAW_CLOSE,32238439.0,,CNY
600019,XSHG,2026-09-23,5.730000019073486,5.820000171661377,5.710000038146973,5.75,5.75,RAW_CLOSE,78348695.0,,CNY
600025,XSHG,2026-09-23,9.600000381469727,9.619999885559082,9.550000190734863,9.600000381469727,9.600000381469727,RAW_CLOSE,21117428.0,,CNY
600028,XSHG,2026-09-23,5.289999961853027,5.380000114440918,5.269999980926514,5.289999961853027,5.289999961853027,RAW_CLOSE,194998204.0,,CNY
600029,XSHG,2026-09-23,4.96999979019165,5.0,4.960000038146973,4.96999979019165,4.96999979019165,RAW_CLOSE,38491851.0,,CNY
600030,XSHG,2026-09-23,26.899999618530273,26.950000762939453,26.670000076293945,26.790000915527344,26.790000915527344,RAW_CLOSE,48055701.0,,CNY
600031,XSHG,2026-09-23,17.719999313354492,17.889999389648438,17.5,17.510000228881836,17.510000228881836,RAW_CLOSE,70150573.0,,CNY
600036,XSHG,2026-09-23,40.83000183105469,41.16999816894531,40.540000915527344,40.599998474121094,40.599998474121094,RAW_CLOSE,41834474.0,,CNY
600048,XSHG,2026-09-23,5.659999847412109,5.900000095367432,5.590000152587891,5.639999866485596,5.639999866485596,RAW_CLOSE,372714222.0,,CNY
600050,XSHG,2026-09-23,4.210000038146973,4.21999979019165,4.170000076293945,4.170000076293945,4.170000076293945,RAW_CLOSE,83543749.0,,CNY
600061,XSHG,2026-09-23,6.340000152587891,6.360000133514404,6.289999961853027,6.300000190734863,6.300000190734863,RAW_CLOSE,18858115.0,,CNY
600079,XSHG,2026-09-23,18.690000534057617,18.8799991607666,18.670000076293945,18.829999923706055,18.829999923706055,RAW_CLOSE,5575334.0,,CNY
600085,XSHG,2026-09-23,23.579999923706055,23.770000457763672,23.530000686645508,23.610000610351562,23.610000610351562,RAW_CLOSE,2807052.0,,CNY
600104,XSHG,2026-09-23,11.050000190734863,11.0600004196167,10.869999885559082,10.869999885559082,10.869999885559082,RAW_CLOSE,39176746.0,,CNY
600109,XSHG,2026-09-23,8.350000381469727,8.380000114440918,8.279999732971191,8.279999732971191,8.279999732971191,RAW_CLOSE,15232150.0,,CNY
600111,XSHG,2026-09-23,37.900001525878906,37.939998626708984,37.369998931884766,37.41999816894531,37.41999816894531,RAW_CLOSE,22492705.0,,CNY
600115,XSHG,2026-09-23,3.4600000381469727,3.5,3.450000047683716,3.4600000381469727,3.4600000381469727,RAW_CLOSE,139978091.0,,CNY
600118,XSHG,2026-09-23,58.88999938964844,58.9900016784668,57.5,57.720001220703125,57.720001220703125,RAW_CLOSE,16408517.0,,CNY
600132,XSHG,2026-09-23,38.2400016784668,38.869998931884766,38.029998779296875,38.31999969482422,38.31999969482422,RAW_CLOSE,3010319.0,,CNY
600143,XSHG,2026-09-23,13.359999656677246,13.380000114440918,13.180000305175781,13.220000267028809,13.220000267028809,RAW_CLOSE,15249868.0,,CNY
600150,XSHG,2026-09-23,40.040000915527344,40.13999938964844,38.529998779296875,38.59000015258789,38.59000015258789,RAW_CLOSE,84187455.0,,CNY
600161,XSHG,2026-09-23,12.380000114440918,12.479999542236328,12.3100004196167,12.3100004196167,12.3100004196167,RAW_CLOSE,7272694.0,,CNY
600176,XSHG,2026-09-23,45.11000061035156,46.18000030517578,44.43000030517578,45.619998931884766,45.619998931884766,RAW_CLOSE,147004364.0,,CNY
600183,XSHG,2026-09-23,143.0,146.0,142.02000427246094,143.55999755859375,143.55999755859375,RAW_CLOSE,41642723.0,,CNY
600196,XSHG,2026-09-23,23.1299991607666,23.399999618530273,23.010000228881836,23.1299991607666,23.1299991607666,RAW_CLOSE,18292541.0,,CNY
600233,XSHG,2026-09-23,17.6299991607666,18.190000534057617,17.6299991607666,17.84000015258789,17.84000015258789,RAW_CLOSE,20517383.0,,CNY
600276,XSHG,2026-09-23,45.59000015258789,46.09000015258789,45.40999984741211,45.58000183105469,45.58000183105469,RAW_CLOSE,43438412.0,,CNY
600299,XSHG,2026-09-23,8.399999618530273,8.420000076293945,8.300000190734863,8.369999885559082,8.369999885559082,RAW_CLOSE,19298725.0,,CNY
600309,XSHG,2026-09-23,70.66000366210938,72.48999786376953,69.62000274658203,71.5999984741211,71.5999984741211,RAW_CLOSE,38983055.0,,CNY
600332,XSHG,2026-09-23,19.65999984741211,19.760000228881836,19.59000015258789,19.670000076293945,19.670000076293945,RAW_CLOSE,4163585.0,,CNY
600340,XSHG,2026-09-23,1.1200000047683716,1.2300000190734863,1.1200000047683716,1.149999976158142,1.149999976158142,RAW_CLOSE,161330969.0,,CNY
600352,XSHG,2026-09-23,12.630000114440918,12.770000457763672,12.449999809265137,12.5,12.5,RAW_CLOSE,31105752.0,,CNY
600362,XSHG,2026-09-23,45.47999954223633,45.540000915527344,44.400001525878906,44.54999923706055,44.54999923706055,RAW_CLOSE,35090163.0,,CNY
600383,XSHG,2026-09-23,2.4800000190734863,2.6500000953674316,2.4700000286102295,2.509999990463257,2.509999990463257,RAW_CLOSE,315949869.0,,CNY
600406,XSHG,2026-09-23,22.25,22.43000030517578,22.1200008392334,22.3799991607666,22.228755950927734,RAW_CLOSE,30679442.0,,CNY
600426,XSHG,2026-09-23,20.25,20.6299991607666,20.06999969482422,20.3799991607666,20.3799991607666,RAW_CLOSE,26239438.0,,CNY
600436,XSHG,2026-09-23,120.19999694824219,121.87999725341797,119.75,120.0999984741211,120.0999984741211,RAW_CLOSE,1770835.0,,CNY
600438,XSHG,2026-09-23,11.720000267028809,11.819999694824219,11.550000190734863,11.579999923706055,11.579999923706055,RAW_CLOSE,25572024.0,,CNY
600482,XSHG,2026-09-23,35.63999938964844,35.63999938964844,34.599998474121094,34.72999954223633,34.72999954223633,RAW_CLOSE,10239061.0,,CNY
600489,XSHG,2026-09-23,23.600000381469727,23.700000762939453,23.329999923706055,23.399999618530273,23.399999618530273,RAW_CLOSE,39332943.0,,CNY
600519,XSHG,2026-09-23,1255.030029296875,1271.5,1250.8900146484375,1251.239990234375,1251.239990234375,RAW_CLOSE,3098122.0,,CNY
600521,XSHG,2026-09-23,16.5,16.6299991607666,16.329999923706055,16.40999984741211,16.40999984741211,RAW_CLOSE,17316859.0,,CNY
600522,XSHG,2026-09-23,36.599998474121094,36.779998779296875,35.540000915527344,35.779998779296875,35.779998779296875,RAW_CLOSE,170381437.0,,CNY
600547,XSHG,2026-09-23,31.5,31.6299991607666,30.790000915527344,30.93000030517578,30.93000030517578,RAW_CLOSE,48471229.0,,CNY
600570,XSHG,2026-09-23,20.450000762939453,20.479999542236328,20.190000534057617,20.200000762939453,20.200000762939453,RAW_CLOSE,11769109.0,,CNY
600584,XSHG,2026-09-23,72.4000015258789,72.5199966430664,70.9800033569336,71.81999969482422,71.7699966430664,RAW_CLOSE,57705027.0,,CNY
600585,XSHG,2026-09-23,17.09000015258789,17.670000076293945,17.049999237060547,17.299999237060547,17.299999237060547,RAW_CLOSE,25565887.0,,CNY
600588,XSHG,2026-09-23,9.819999694824219,9.859999656677246,9.5,9.5,9.5,RAW_CLOSE,52066168.0,,CNY
600600,XSHG,2026-09-23,50.119998931884766,51.0,49.970001220703125,50.459999084472656,50.459999084472656,RAW_CLOSE,4215246.0,,CNY
600606,XSHG,2026-09-23,1.5199999809265137,1.6799999475479126,1.5,1.5099999904632568,1.5099999904632568,RAW_CLOSE,599737134.0,,CNY
600655,XSHG,2026-09-23,4.619999885559082,4.670000076293945,4.570000171661377,4.570000171661377,4.570000171661377,RAW_CLOSE,8672781.0,,CNY
600660,XSHG,2026-09-23,53.83000183105469,53.9900016784668,53.349998474121094,53.79999923706055,52.79999923706055,RAW_CLOSE,5882620.0,,CNY
600690,XSHG,2026-09-23,20.170000076293945,20.350000381469727,20.100000381469727,20.200000762939453,20.200000762939453,RAW_CLOSE,24645070.0,,CNY
600703,XSHG,2026-09-23,12.819999694824219,13.069999694824219,12.75,12.829999923706055,12.829999923706055,RAW_CLOSE,68209416.0,,CNY
600741,XSHG,2026-09-23,14.90999984741211,14.930000305175781,14.770000457763672,14.819999694824219,14.819999694824219,RAW_CLOSE,9351373.0,,CNY
600745,XSHG,2026-09-23,17.420000076293945,17.43000030517578,17.100000381469727,17.100000381469727,17.100000381469727,RAW_CLOSE,23332935.0,,CNY
600760,XSHG,2026-09-23,44.709999084472656,44.72999954223633,44.0099983215332,44.08000183105469,44.08000183105469,RAW_CLOSE,8314847.0,,CNY
600763,XSHG,2026-09-23,33.630001068115234,34.2599983215332,33.58000183105469,33.86000061035156,33.86000061035156,RAW_CLOSE,5371432.0,,CNY
600795,XSHG,2026-09-23,5.179999828338623,5.190000057220459,5.110000133514404,5.119999885559082,5.119999885559082,RAW_CLOSE,107758256.0,,CNY
600809,XSHG,2026-09-23,112.97000122070312,115.88999938964844,112.69999694824219,114.02999877929688,114.02999877929688,RAW_CLOSE,5811325.0,,CNY
600845,XSHG,2026-09-23,18.450000762939453,18.530000686645508,18.270000457763672,18.34000015258789,18.34000015258789,RAW_CLOSE,15320602.0,,CNY
600848,XSHG,2026-09-23,8.680000305175781,8.819999694824219,8.640000343322754,8.720000267028809,8.720000267028809,RAW_CLOSE,9379600.0,,CNY
600872,XSHG,2026-09-23,17.309999465942383,17.610000610351562,17.200000762939453,17.389999389648438,17.389999389648438,RAW_CLOSE,8325840.0,,CNY
600887,XSHG,2026-09-23,26.770000457763672,27.139999389648438,26.68000030517578,26.920000076293945,26.920000076293945,RAW_CLOSE,41139270.0,,CNY
600893,XSHG,2026-09-23,39.650001525878906,39.9900016784668,38.79999923706055,39.560001373291016,39.560001373291016,RAW_CLOSE,21951472.0,,CNY
600900,XSHG,2026-09-23,28.010000228881836,28.1200008392334,27.940000534057617,28.079999923706055,28.079999923706055,RAW_CLOSE,71713506.0,,CNY
600918,XSHG,2026-09-23,5.559999942779541,5.579999923706055,5.489999771118164,5.510000228881836,5.510000228881836,RAW_CLOSE,21337543.0,,CNY
600919,XSHG,2026-09-23,12.079999923706055,12.140000343322754,12.010000228881836,12.069999694824219,12.069999694824219,RAW_CLOSE,57151616.0,,CNY
600926,XSHG,2026-09-23,17.079999923706055,17.18000030517578,16.979999542236328,17.139999389648438,16.682401657104492,RAW_CLOSE,22906345.0,,CNY
600958,XSHG,2026-09-23,8.970000267028809,8.989999771118164,8.930000305175781,8.930000305175781,8.930000305175781,RAW_CLOSE,19015755.0,,CNY
600989,XSHG,2026-09-23,23.010000228881836,23.059999465942383,22.469999313354492,22.579999923706055,22.579999923706055,RAW_CLOSE,55454806.0,,CNY
600999,XSHG,2026-09-23,18.0,18.1200008392334,17.809999465942383,17.829999923706055,17.829999923706055,RAW_CLOSE,24434274.0,,CNY
601006,XSHG,2026-09-23,4.710000038146973,4.71999979019165,4.679999828338623,4.690000057220459,4.690000057220459,RAW_CLOSE,72939920.0,,CNY
601009,XSHG,2026-09-23,11.760000228881836,11.850000381469727,11.6899995803833,11.729999542236328,11.729999542236328,RAW_CLOSE,34048703.0,,CNY
601012,XSHG,2026-09-23,11.380000114440918,11.5600004196167,11.319999694824219,11.40999984741211,11.40999984741211,RAW_CLOSE,62738966.0,,CNY
601021,XSHG,2026-09-23,42.0,42.290000915527344,41.84000015258789,41.939998626708984,41.6099967956543,RAW_CLOSE,5072128.0,,CNY
601066,XSHG,2026-09-23,23.770000457763672,23.829999923706055,23.610000610351562,23.670000076293945,23.670000076293945,RAW_CLOSE,6919399.0,,CNY
601077,XSHG,2026-09-23,6.559999942779541,6.579999923706055,6.5,6.539999961853027,6.539999961853027,RAW_CLOSE,43766630.0,,CNY
601088,XSHG,2026-09-23,47.5099983215332,47.84000015258789,47.119998931884766,47.209999084472656,47.209999084472656,RAW_CLOSE,13238520.0,,CNY
601100,XSHG,2026-09-23,92.38999938964844,93.25,91.05000305175781,91.5999984741211,91.5999984741211,RAW_CLOSE,6347926.0,,CNY
601108,XSHG,2026-09-23,8.640000343322754,8.680000305175781,8.539999961853027,8.5600004196167,8.5600004196167,RAW_CLOSE,30413151.0,,CNY
601111,XSHG,2026-09-23,5.929999828338623,6.010000228881836,5.929999828338623,5.960000038146973,5.960000038146973,RAW_CLOSE,63786811.0,,CNY
601138,XSHG,2026-09-23,63.4900016784668,63.779998779296875,62.849998474121094,62.97999954223633,62.97999954223633,RAW_CLOSE,42412179.0,,CNY
601155,XSHG,2026-09-23,12.800000190734863,13.319999694824219,12.710000038146973,12.949999809265137,12.949999809265137,RAW_CLOSE,29459730.0,,CNY
601162,XSHG,2026-09-23,3.7200000286102295,3.75,3.6600000858306885,3.6700000762939453,3.6700000762939453,RAW_CLOSE,107442068.0,,CNY
601166,XSHG,2026-09-23,17.850000381469727,17.940000534057617,17.81999969482422,17.8700008392334,17.8700008392334,RAW_CLOSE,39844639.0,,CNY
601169,XSHG,2026-09-23,5.5,5.53000020980835,5.449999809265137,5.46999979019165,5.46999979019165,RAW_CLOSE,115042308.0,,CNY
601186,XSHG,2026-09-23,6.03000020980835,6.079999923706055,6.010000228881836,6.03000020980835,6.03000020980835,RAW_CLOSE,27031366.0,,CNY
601211,XSHG,2026-09-23,17.68000030517578,17.780000686645508,17.540000915527344,17.670000076293945,17.670000076293945,RAW_CLOSE,41678075.0,,CNY
601216,XSHG,2026-09-23,4.53000020980835,4.550000190734863,4.46999979019165,4.510000228881836,4.510000228881836,RAW_CLOSE,46719313.0,,CNY
601225,XSHG,2026-09-23,25.889999389648438,26.219999313354492,25.5,25.68000030517578,25.68000030517578,RAW_CLOSE,22438084.0,,CNY
601229,XSHG,2026-09-23,9.520000457763672,9.569999694824219,9.430000305175781,9.470000267028809,9.470000267028809,RAW_CLOSE,34373083.0,,CNY
601231,XSHG,2026-09-23,27.059999465942383,27.18000030517578,26.530000686645508,26.940000534057617,26.940000534057617,RAW_CLOSE,24249069.0,,CNY
601236,XSHG,2026-09-23,7.079999923706055,7.110000133514404,6.989999771118164,7.010000228881836,7.010000228881836,RAW_CLOSE,24688354.0,,CNY
601238,XSHG,2026-09-23,5.090000152587891,5.090000152587891,5.090000152587891,5.090000152587891,5.090000152587891,RAW_CLOSE,0.0,,CNY
601288,XSHG,2026-09-23,6.869999885559082,6.900000095367432,6.760000228881836,6.829999923706055,6.829999923706055,RAW_CLOSE,312223740.0,,CNY
601318,XSHG,2026-09-23,54.349998474121094,54.470001220703125,53.849998474121094,53.869998931884766,53.869998931884766,RAW_CLOSE,39679222.0,,CNY
601319,XSHG,2026-09-23,8.130000114440918,8.1899995803833,8.029999732971191,8.069999694824219,8.069999694824219,RAW_CLOSE,48776813.0,,CNY
601328,XSHG,2026-09-23,7.550000190734863,7.619999885559082,7.480000019073486,7.519999980926514,7.519999980926514,RAW_CLOSE,102612058.0,,CNY
601336,XSHG,2026-09-23,58.5,58.65999984741211,57.849998474121094,57.880001068115234,57.880001068115234,RAW_CLOSE,8383247.0,,CNY
601360,XSHG,2026-09-23,9.130000114440918,9.140000343322754,8.949999809265137,9.029999732971191,9.029999732971191,RAW_CLOSE,80305729.0,,CNY
601377,XSHG,2026-09-23,5.96999979019165,5.980000019073486,5.909999847412109,5.920000076293945,5.920000076293945,RAW_CLOSE,41543480.0,,CNY
601390,XSHG,2026-09-23,4.309999942779541,4.349999904632568,4.289999961853027,4.289999961853027,4.289999961853027,RAW_CLOSE,76029405.0,,CNY
601398,XSHG,2026-09-23,8.09000015258789,8.15999984741211,8.029999732971191,8.09000015258789,8.09000015258789,RAW_CLOSE,188066056.0,,CNY
601555,XSHG,2026-09-23,8.359999656677246,8.369999885559082,8.25,8.260000228881836,8.260000228881836,RAW_CLOSE,17715784.0,,CNY
601600,XSHG,2026-09-23,9.270000457763672,9.380000114440918,9.100000381469727,9.119999885559082,9.119999885559082,RAW_CLOSE,144965078.0,,CNY
601601,XSHG,2026-09-23,32.08000183105469,32.189998626708984,31.579999923706055,31.610000610351562,31.610000610351562,RAW_CLOSE,29701602.0,,CNY
601607,XSHG,2026-09-23,16.049999237060547,16.149999618530273,15.979999542236328,16.059999465942383,16.059999465942383,RAW_CLOSE,6910120.0,,CNY
601618,XSHG,2026-09-23,2.559999942779541,2.5999999046325684,2.549999952316284,2.549999952316284,2.549999952316284,RAW_CLOSE,73838689.0,,CNY
601628,XSHG,2026-09-23,38.63999938964844,38.849998474121094,38.38999938964844,38.599998474121094,38.599998474121094,RAW_CLOSE,14794014.0,,CNY
601633,XSHG,2026-09-23,14.079999923706055,14.279999732971191,14.039999961853027,14.109999656677246,14.109999656677246,RAW_CLOSE,13696672.0,,CNY
601658,XSHG,2026-09-23,5.320000171661377,5.380000114440918,5.28000020980835,5.320000171661377,5.320000171661377,RAW_CLOSE,115429100.0,,CNY
601668,XSHG,2026-09-23,4.300000190734863,4.349999904632568,4.269999980926514,4.28000020980835,4.28000020980835,RAW_CLOSE,215141220.0,,CNY
601669,XSHG,2026-09-23,4.610000133514404,4.630000114440918,4.590000152587891,4.590000152587891,4.590000152587891,RAW_CLOSE,45883400.0,,CNY
601688,XSHG,2026-09-23,18.479999542236328,18.549999237060547,18.309999465942383,18.350000381469727,18.350000381469727,RAW_CLOSE,35353209.0,,CNY
601696,XSHG,2026-09-23,11.399999618530273,11.449999809265137,11.270000457763672,11.279999732971191,11.279999732971191,RAW_CLOSE,18949413.0,,CNY
601698,XSHG,2026-09-23,24.0,24.059999465942383,23.530000686645508,23.56999969482422,23.56999969482422,RAW_CLOSE,15617306.0,,CNY
601727,XSHG,2026-09-23,6.690000057220459,6.699999809265137,6.619999885559082,6.650000095367432,6.650000095367432,RAW_CLOSE,51415701.0,,CNY
601766,XSHG,2026-09-23,5.980000019073486,6.010000228881836,5.909999847412109,5.920000076293945,5.920000076293945,RAW_CLOSE,99364637.0,,CNY
601788,XSHG,2026-09-23,14.079999923706055,14.100000381469727,13.9399995803833,13.960000038146973,13.960000038146973,RAW_CLOSE,8672634.0,,CNY
601799,XSHG,2026-09-23,71.12000274658203,71.95999908447266,70.70999908447266,70.80999755859375,70.80999755859375,RAW_CLOSE,2800685.0,,CNY
601800,XSHG,2026-09-23,5.860000133514404,5.909999847412109,5.840000152587891,5.860000133514404,5.860000133514404,RAW_CLOSE,17830261.0,,CNY
601808,XSHG,2026-09-23,12.170000076293945,12.220000267028809,12.039999961853027,12.119999885559082,12.119999885559082,RAW_CLOSE,8808150.0,,CNY
601816,XSHG,2026-09-23,4.739999771118164,4.75,4.710000038146973,4.710000038146973,4.710000038146973,RAW_CLOSE,87148427.0,,CNY
601818,XSHG,2026-09-23,3.009999990463257,3.0199999809265137,3.0,3.0,3.0,RAW_CLOSE,108911415.0,,CNY
601838,XSHG,2026-09-23,18.950000762939453,19.06999969482422,18.75,18.850000381469727,18.850000381469727,RAW_CLOSE,12077761.0,,CNY
601857,XSHG,2026-09-23,10.800000190734863,10.819999694824219,10.65999984741211,10.710000038146973,10.710000038146973,RAW_CLOSE,85547461.0,,CNY
601872,XSHG,2026-09-23,20.799999237060547,21.079999923706055,20.520000457763672,20.780000686645508,20.780000686645508,RAW_CLOSE,121522623.0,,CNY
601877,XSHG,2026-09-23,25.389999389648438,25.59000015258789,25.149999618530273,25.18000030517578,25.18000030517578,RAW_CLOSE,8147293.0,,CNY
601878,XSHG,2026-09-23,9.149999618530273,9.180000305175781,9.109999656677246,9.140000343322754,9.140000343322754,RAW_CLOSE,13316788.0,,CNY
601881,XSHG,2026-09-23,12.180000305175781,12.1899995803833,12.09000015258789,12.09000015258789,12.09000015258789,RAW_CLOSE,13286348.0,,CNY
601888,XSHG,2026-09-23,52.119998931884766,52.79999923706055,51.95000076293945,52.189998626708984,52.189998626708984,RAW_CLOSE,13348311.0,,CNY
601899,XSHG,2026-09-23,31.649999618530273,31.770000457763672,31.31999969482422,31.40999984741211,31.40999984741211,RAW_CLOSE,102959649.0,,CNY
601901,XSHG,2026-09-23,6.889999866485596,6.929999828338623,6.860000133514404,6.869999885559082,6.869999885559082,RAW_CLOSE,22607392.0,,CNY
601916,XSHG,2026-09-23,2.880000114440918,2.890000104904175,2.859999895095825,2.859999895095825,2.859999895095825,RAW_CLOSE,93170400.0,,CNY
601919,XSHG,2026-09-23,16.5,16.549999237060547,16.290000915527344,16.360000610351562,16.360000610351562,RAW_CLOSE,47349279.0,,CNY
601933,XSHG,2026-09-23,3.049999952316284,3.059999942779541,3.009999990463257,3.009999990463257,3.009999990463257,RAW_CLOSE,78266022.0,,CNY
601939,XSHG,2026-09-23,10.890000343322754,10.970000267028809,10.760000228881836,10.829999923706055,10.829999923706055,RAW_CLOSE,84684225.0,,CNY
601985,XSHG,2026-09-23,8.850000381469727,8.880000114440918,8.829999923706055,8.850000381469727,8.850000381469727,RAW_CLOSE,60483602.0,,CNY
601988,XSHG,2026-09-23,6.619999885559082,6.670000076293945,6.5,6.579999923706055,6.579999923706055,RAW_CLOSE,236708492.0,,CNY
601990,XSHG,2026-09-23,6.71999979019165,6.769999980926514,6.699999809265137,6.699999809265137,6.699999809265137,RAW_CLOSE,11006883.0,,CNY
601995,XSHG,2026-09-23,32.18000030517578,33.279998779296875,31.799999237060547,32.650001525878906,32.650001525878906,RAW_CLOSE,47213719.0,,CNY
601998,XSHG,2026-09-23,9.039999961853027,9.109999656677246,8.930000305175781,9.050000190734863,9.050000190734863,RAW_CLOSE,35163459.0,,CNY
603019,XSHG,2026-09-23,84.36000061035156,84.66999816894531,83.43000030517578,83.5,83.5,RAW_CLOSE,17228854.0,,CNY
603087,XSHG,2026-09-23,70.97000122070312,74.68000030517578,70.30999755859375,74.55999755859375,74.55999755859375,RAW_CLOSE,16535899.0,,CNY
603160,XSHG,2026-09-23,55.41999816894531,55.810001373291016,54.90999984741211,55.150001525878906,55.150001525878906,RAW_CLOSE,4091240.0,,CNY
603195,XSHG,2026-09-23,38.0,38.34000015258789,37.880001068115234,38.029998779296875,38.029998779296875,RAW_CLOSE,2147323.0,,CNY
603233,XSHG,2026-09-23,17.739999771118164,18.239999771118164,17.690000534057617,17.969999313354492,17.969999313354492,RAW_CLOSE,8475656.0,,CNY
603259,XSHG,2026-09-23,167.17999267578125,170.3300018310547,166.6999969482422,167.9499969482422,167.9499969482422,RAW_CLOSE,26922445.0,,CNY
603288,XSHG,2026-09-23,34.220001220703125,34.66999816894531,34.099998474121094,34.27000045776367,34.27000045776367,RAW_CLOSE,9402489.0,,CNY
603338,XSHG,2026-09-23,53.54999923706055,54.43000030517578,53.33000183105469,54.279998779296875,54.279998779296875,RAW_CLOSE,2973734.0,,CNY
603369,XSHG,2026-09-23,28.290000915527344,28.940000534057617,27.100000381469727,27.260000228881836,27.260000228881836,RAW_CLOSE,17326914.0,,CNY
603392,XSHG,2026-09-23,26.190000534057617,27.299999237060547,26.059999465942383,26.93000030517578,26.93000030517578,RAW_CLOSE,8545502.0,,CNY
603501,XSHG,2026-09-23,82.88999938964844,83.22000122070312,82.05000305175781,82.7699966430664,82.7699966430664,RAW_CLOSE,7891466.0,,CNY
603517,XSHG,2026-09-23,11.59000015258789,11.609999656677246,11.369999885559082,11.380000114440918,11.380000114440918,RAW_CLOSE,3402100.0,,CNY
603658,XSHG,2026-09-23,34.84000015258789,35.349998474121094,34.439998626708984,34.439998626708984,34.439998626708984,RAW_CLOSE,9172406.0,,CNY
603659,XSHG,2026-09-23,22.200000762939453,22.25,21.920000076293945,22.040000915527344,22.040000915527344,RAW_CLOSE,10329250.0,,CNY
603799,XSHG,2026-09-23,37.0,37.09000015258789,36.02000045776367,36.16999816894531,36.16999816894531,RAW_CLOSE,29762111.0,,CNY
603806,XSHG,2026-09-23,14.380000114440918,14.489999771118164,14.279999732971191,14.300000190734863,14.300000190734863,RAW_CLOSE,14369212.0,,CNY
603833,XSHG,2026-09-23,29.450000762939453,31.209999084472656,29.31999969482422,30.0,30.0,RAW_CLOSE,5252646.0,,CNY
603882,XSHG,2026-09-23,29.059999465942383,29.350000381469727,28.8700008392334,29.06999969482422,29.06999969482422,RAW_CLOSE,7261366.0,,CNY
603899,XSHG,2026-09-23,22.1200008392334,22.56999969482422,22.020000457763672,22.329999923706055,22.329999923706055,RAW_CLOSE,2672200.0,,CNY
603939,XSHG,2026-09-23,22.209999084472656,22.34000015258789,22.049999237060547,22.09000015258789,22.09000015258789,RAW_CLOSE,3901820.0,,CNY
603986,XSHG,2026-09-23,406.29998779296875,408.05999755859375,397.44000244140625,398.7200012207031,398.7200012207031,RAW_CLOSE,26195721.0,,CNY
603993,XSHG,2026-09-23,18.0,18.020000457763672,17.510000228881836,17.65999984741211,17.65999984741211,RAW_CLOSE,120591537.0,,CNY
688008,XSHG,2026-09-23,225.5,230.0,223.0,223.3699951171875,223.3699951171875,RAW_CLOSE,35364117.0,,CNY
688009,XSHG,2026-09-23,4.690000057220459,4.690000057220459,4.650000095367432,4.659999847412109,4.659999847412109,RAW_CLOSE,13727333.0,,CNY
688012,XSHG,2026-09-23,350.2300109863281,354.54998779296875,347.0299987792969,349.3500061035156,349.3500061035156,RAW_CLOSE,8627344.0,,CNY
688036,XSHG,2026-09-23,56.599998474121094,56.70000076293945,54.900001525878906,55.650001525878906,55.650001525878906,RAW_CLOSE,8254886.0,,CNY
688111,XSHG,2026-09-23,229.00999450683594,229.99000549316406,226.5,226.60000610351562,226.60000610351562,RAW_CLOSE,3868662.0,,CNY
688126,XSHG,2026-09-23,24.799999237060547,25.049999237060547,24.469999313354492,24.8799991607666,24.8799991607666,RAW_CLOSE,42534267.0,,CNY
688169,XSHG,2026-09-23,117.33999633789062,117.87000274658203,115.80999755859375,116.37999725341797,116.37999725341797,RAW_CLOSE,3532569.0,,CNY
688363,XSHG,2026-09-23,35.0,35.61000061035156,34.88999938964844,35.04999923706055,35.04999923706055,RAW_CLOSE,2738308.0,,CNY
688396,XSHG,2026-09-23,61.459999084472656,61.970001220703125,60.470001220703125,61.209999084472656,61.209999084472656,RAW_CLOSE,14502852.0,,CNY
000001,XSHE,2026-09-24,11.350000381469727,11.470000267028809,11.289999961853027,11.300000190734863,11.300000190734863,RAW_CLOSE,104381872.0,,CNY
000002,XSHE,2026-09-24,3.890000104904175,3.930000066757202,3.6700000762939453,3.759999990463257,3.759999990463257,RAW_CLOSE,667265050.0,,CNY
000063,XSHE,2026-09-24,32.150001525878906,32.279998779296875,31.8799991607666,31.920000076293945,31.920000076293945,RAW_CLOSE,52893267.0,,CNY
000066,XSHE,2026-09-24,15.210000038146973,15.449999809265137,14.800000190734863,14.800000190734863,14.800000190734863,RAW_CLOSE,151992513.0,,CNY
000069,XSHE,2026-09-24,1.8899999856948853,1.9199999570846558,1.8300000429153442,1.840000033378601,1.840000033378601,RAW_CLOSE,99110401.0,,CNY
000100,XSHE,2026-09-24,4.929999828338623,4.940000057220459,4.869999885559082,4.869999885559082,4.869999885559082,RAW_CLOSE,291835663.0,,CNY
000157,XSHE,2026-09-24,6.079999923706055,6.099999904632568,6.039999961853027,6.039999961853027,6.039999961853027,RAW_CLOSE,28582098.0,,CNY
000166,XSHE,2026-09-24,4.46999979019165,4.46999979019165,4.380000114440918,4.389999866485596,4.389999866485596,RAW_CLOSE,50974805.0,,CNY
000333,XSHE,2026-09-24,82.18000030517578,83.05000305175781,82.05000305175781,82.6500015258789,82.6500015258789,RAW_CLOSE,14315502.0,,CNY
000338,XSHE,2026-09-24,25.889999389648438,25.899999618530273,25.270000457763672,25.299999237060547,25.299999237060547,RAW_CLOSE,57599371.0,,CNY
000425,XSHE,2026-09-24,7.210000038146973,7.289999961853027,7.150000095367432,7.170000076293945,7.170000076293945,RAW_CLOSE,91719348.0,,CNY
000538,XSHE,2026-09-24,50.40999984741211,50.5099983215332,49.810001373291016,49.869998931884766,49.869998931884766,RAW_CLOSE,6936926.0,,CNY
000568,XSHE,2026-09-24,71.69000244140625,72.16000366210938,70.51000213623047,70.6500015258789,70.6500015258789,RAW_CLOSE,9067869.0,,CNY
000596,XSHE,2026-09-24,95.9800033569336,96.5,91.5,91.66000366210938,91.66000366210938,RAW_CLOSE,3283473.0,,CNY
000625,XSHE,2026-09-24,7.090000152587891,7.119999885559082,7.03000020980835,7.03000020980835,7.03000020980835,RAW_CLOSE,40129460.0,,CNY
000651,XSHE,2026-09-24,38.22999954223633,38.72999954223633,38.22999954223633,38.5,38.5,RAW_CLOSE,25241336.0,,CNY
000656,XSHE,2026-09-24,1.25,1.2799999713897705,1.2300000190734863,1.2300000190734863,1.2300000190734863,RAW_CLOSE,213408717.0,,CNY
000661,XSHE,2026-09-24,72.80000305175781,73.19999694824219,70.69999694824219,70.8499984741211,70.8499984741211,RAW_CLOSE,4591699.0,,CNY
000703,XSHE,2026-09-24,17.3799991607666,17.690000534057617,17.079999923706055,17.239999771118164,17.239999771118164,RAW_CLOSE,58356763.0,,CNY
000708,XSHE,2026-09-24,12.930000305175781,13.0,12.880000114440918,12.920000076293945,12.920000076293945,RAW_CLOSE,7128493.0,,CNY
000725,XSHE,2026-09-24,5.96999979019165,6.03000020980835,5.829999923706055,5.849999904632568,5.849999904632568,RAW_CLOSE,1075320074.0,,CNY
000728,XSHE,2026-09-24,7.400000095367432,7.409999847412109,7.28000020980835,7.289999961853027,7.289999961853027,RAW_CLOSE,17502606.0,,CNY
000768,XSHE,2026-09-24,22.6299991607666,22.770000457763672,22.059999465942383,22.100000381469727,22.100000381469727,RAW_CLOSE,18065061.0,,CNY
000776,XSHE,2026-09-24,20.739999771118164,20.739999771118164,20.260000228881836,20.3700008392334,20.3700008392334,RAW_CLOSE,37958398.0,,CNY
000783,XSHE,2026-09-24,8.40999984741211,8.4399995803833,8.279999732971191,8.279999732971191,8.279999732971191,RAW_CLOSE,50279721.0,,CNY
000786,XSHE,2026-09-24,16.0,16.110000610351562,15.8100004196167,15.90999984741211,15.90999984741211,RAW_CLOSE,15136273.0,,CNY
000800,XSHE,2026-09-24,5.920000076293945,5.980000019073486,5.849999904632568,5.860000133514404,5.860000133514404,RAW_CLOSE,11251322.0,,CNY
000858,XSHE,2026-09-24,70.0999984741211,70.26000213623047,69.58000183105469,69.66999816894531,69.66999816894531,RAW_CLOSE,13178634.0,,CNY
000860,XSHE,2026-09-24,10.399999618530273,10.479999542236328,10.050000190734863,10.09000015258789,10.09000015258789,RAW_CLOSE,12486561.0,,CNY
000876,XSHE,2026-09-24,7.0,7.039999961853027,6.909999847412109,6.920000076293945,6.920000076293945,RAW_CLOSE,27671297.0,,CNY
000895,XSHE,2026-09-24,23.299999237060547,23.399999618530273,23.18000030517578,23.18000030517578,23.18000030517578,RAW_CLOSE,5326816.0,,CNY
000938,XSHE,2026-09-24,33.58000183105469,34.04999923706055,33.380001068115234,33.400001525878906,33.400001525878906,RAW_CLOSE,91457204.0,,CNY
000963,XSHE,2026-09-24,26.43000030517578,26.540000915527344,26.049999237060547,26.059999465942383,26.059999465942383,RAW_CLOSE,9250529.0,,CNY
000977,XSHE,2026-09-24,70.8499984741211,71.37999725341797,69.9000015258789,69.9000015258789,69.9000015258789,RAW_CLOSE,29380727.0,,CNY
001979,XSHE,2026-09-24,7.179999828338623,7.340000152587891,7.079999923706055,7.179999828338623,7.179999828338623,RAW_CLOSE,83995789.0,,CNY
002001,XSHE,2026-09-24,26.399999618530273,26.399999618530273,25.700000762939453,25.700000762939453,25.700000762939453,RAW_CLOSE,19044450.0,,CNY
002007,XSHE,2026-09-24,13.3100004196167,13.399999618530273,13.109999656677246,13.109999656677246,13.109999656677246,RAW_CLOSE,9245461.0,,CNY
002008,XSHE,2026-09-24,92.05000305175781,92.7300033569336,89.0,89.08999633789062,89.08999633789062,RAW_CLOSE,32461432.0,,CNY
002024,XSHE,2026-09-24,1.159999966621399,1.159999966621399,1.149999976158142,1.149999976158142,1.149999976158142,RAW_CLOSE,10884478.0,,CNY
002027,XSHE,2026-09-24,4.730000019073486,4.78000020980835,4.659999847412109,4.659999847412109,4.659999847412109,RAW_CLOSE,96503184.0,,CNY
002032,XSHE,2026-09-24,39.11000061035156,39.40999984741211,38.959999084472656,39.22999954223633,39.22999954223633,RAW_CLOSE,1112100.0,,CNY
002044,XSHE,2026-09-24,4.480000019073486,4.619999885559082,4.460000038146973,4.480000019073486,4.480000019073486,RAW_CLOSE,66279398.0,,CNY
002049,XSHE,2026-09-24,61.0,61.439998626708984,60.599998474121094,60.599998474121094,60.599998474121094,RAW_CLOSE,7420887.0,,CNY
002050,XSHE,2026-09-24,35.849998474121094,36.970001220703125,35.650001525878906,36.08000183105469,36.08000183105469,RAW_CLOSE,51240220.0,,CNY
002120,XSHE,2026-09-24,6.860000133514404,6.880000114440918,6.78000020980835,6.829999923706055,6.829999923706055,RAW_CLOSE,21574716.0,,CNY
002129,XSHE,2026-09-24,9.600000381469727,9.649999618530273,9.329999923706055,9.350000381469727,9.350000381469727,RAW_CLOSE,65234145.0,,CNY
002142,XSHE,2026-09-24,34.65999984741211,35.13999938964844,34.650001525878906,34.90999984741211,34.90999984741211,RAW_CLOSE,23775570.0,,CNY
002153,XSHE,2026-09-24,7.630000114440918,7.670000076293945,7.449999809265137,7.460000038146973,7.460000038146973,RAW_CLOSE,15804800.0,,CNY
002157,XSHE,2026-09-24,2.9600000381469727,2.9600000381469727,2.9100000858306885,2.9200000762939453,2.9200000762939453,RAW_CLOSE,108536661.0,,CNY
002179,XSHE,2026-09-24,34.599998474121094,34.869998931884766,34.220001220703125,34.2400016784668,34.2400016784668,RAW_CLOSE,12326220.0,,CNY
002202,XSHE,2026-09-24,17.84000015258789,18.170000076293945,17.770000457763672,17.899999618530273,17.899999618530273,RAW_CLOSE,70319067.0,,CNY
002230,XSHE,2026-09-24,38.7599983215332,38.79999923706055,38.279998779296875,38.31999969482422,38.31999969482422,RAW_CLOSE,13846110.0,,CNY
002236,XSHE,2026-09-24,15.8100004196167,15.850000381469727,15.510000228881836,15.539999961853027,15.539999961853027,RAW_CLOSE,26319380.0,,CNY
002241,XSHE,2026-09-24,24.40999984741211,24.450000762939453,23.770000457763672,23.940000534057617,23.940000534057617,RAW_CLOSE,86450594.0,,CNY
002252,XSHE,2026-09-24,5.03000020980835,5.099999904632568,4.909999847412109,5.019999980926514,5.019999980926514,RAW_CLOSE,80947018.0,,CNY
002271,XSHE,2026-09-24,10.649999618530273,10.699999809265137,10.369999885559082,10.399999618530273,10.399999618530273,RAW_CLOSE,35567825.0,,CNY
002304,XSHE,2026-09-24,37.939998626708984,38.02000045776367,37.439998626708984,37.470001220703125,37.470001220703125,RAW_CLOSE,4301107.0,,CNY
002311,XSHE,2026-09-24,41.40999984741211,41.59000015258789,41.04999923706055,41.099998474121094,41.099998474121094,RAW_CLOSE,4858910.0,,CNY
002352,XSHE,2026-09-24,30.809999465942383,30.920000076293945,30.450000762939453,30.540000915527344,30.540000915527344,RAW_CLOSE,10397709.0,,CNY
002371,XSHE,2026-09-24,663.1599731445312,665.8800048828125,653.0599975585938,653.0599975585938,653.0599975585938,RAW_CLOSE,4006147.0,,CNY
002384,XSHE,2026-09-24,192.0,193.66000366210938,185.60000610351562,185.99000549316406,185.99000549316406,RAW_CLOSE,39982948.0,,CNY
002410,XSHE,2026-09-24,8.479999542236328,8.569999694824219,8.390000343322754,8.399999618530273,8.399999618530273,RAW_CLOSE,15157578.0,,CNY
002414,XSHE,2026-09-24,11.979999542236328,12.029999732971191,11.869999885559082,11.880000114440918,11.880000114440918,RAW_CLOSE,29632131.0,,CNY
002415,XSHE,2026-09-24,33.0099983215332,33.130001068115234,32.619998931884766,32.630001068115234,32.630001068115234,RAW_CLOSE,24791519.0,,CNY
002456,XSHE,2026-09-24,6.849999904632568,6.900000095367432,6.690000057220459,6.690000057220459,6.690000057220459,RAW_CLOSE,54694659.0,,CNY
002460,XSHE,2026-09-24,45.380001068115234,45.40999984741211,43.66999816894531,43.68000030517578,43.68000030517578,RAW_CLOSE,27464872.0,,CNY
002463,XSHE,2026-09-24,126.61000061035156,128.0,123.30000305175781,124.05000305175781,124.05000305175781,RAW_CLOSE,37922475.0,,CNY
002475,XSHE,2026-09-24,54.150001525878906,54.150001525878906,51.88999938964844,52.0,52.0,RAW_CLOSE,70797067.0,,CNY
002493,XSHE,2026-09-24,13.420000076293945,13.510000228881836,13.079999923706055,13.109999656677246,13.109999656677246,RAW_CLOSE,34174430.0,,CNY
002508,XSHE,2026-09-24,16.399999618530273,16.68000030517578,16.329999923706055,16.579999923706055,16.579999923706055,RAW_CLOSE,6380024.0,,CNY
002555,XSHE,2026-09-24,17.3700008392334,17.489999771118164,17.31999969482422,17.3799991607666,17.3799991607666,RAW_CLOSE,11030245.0,,CNY
002558,XSHE,2026-09-24,23.600000381469727,24.059999465942383,23.510000228881836,23.6200008392334,23.6200008392334,RAW_CLOSE,32075442.0,,CNY
002594,XSHE,2026-09-24,85.69999694824219,86.0199966430664,84.2300033569336,84.33999633789062,84.33999633789062,RAW_CLOSE,18221596.0,,CNY
002600,XSHE,2026-09-24,12.279999732971191,12.420000076293945,12.220000267028809,12.229999542236328,12.229999542236328,RAW_CLOSE,44499933.0,,CNY
002601,XSHE,2026-09-24,15.199999809265137,15.420000076293945,15.0,15.0,15.0,RAW_CLOSE,8124535.0,,CNY
002602,XSHE,2026-09-24,14.210000038146973,14.369999885559082,14.100000381469727,14.229999542236328,14.229999542236328,RAW_CLOSE,55714898.0,,CNY
002607,XSHE,2026-09-24,1.8899999856948853,1.9199999570846558,1.8700000047683716,1.8799999952316284,1.8799999952316284,RAW_CLOSE,109909200.0,,CNY
002624,XSHE,2026-09-24,9.880000114440918,9.970000267028809,9.6899995803833,9.6899995803833,9.6899995803833,RAW_CLOSE,31182593.0,,CNY
002673,XSHE,2026-09-24,6.71999979019165,6.739999771118164,6.599999904632568,6.610000133514404,6.610000133514404,RAW_CLOSE,21079516.0,,CNY
002714,XSHE,2026-09-24,41.29999923706055,41.34000015258789,40.41999816894531,40.47999954223633,40.47999954223633,RAW_CLOSE,27200597.0,,CNY
002736,XSHE,2026-09-24,9.949999809265137,9.970000267028809,9.779999732971191,9.84000015258789,9.84000015258789,RAW_CLOSE,14651100.0,,CNY
002739,XSHE,2026-09-24,8.520000457763672,8.5600004196167,8.34000015258789,8.350000381469727,8.350000381469727,RAW_CLOSE,29034982.0,,CNY
002773,XSHE,2026-09-24,20.100000381469727,20.59000015258789,19.8799991607666,20.420000076293945,20.420000076293945,RAW_CLOSE,6729970.0,,CNY
002812,XSHE,2026-09-24,47.310001373291016,47.75,46.279998779296875,46.29999923706055,46.29999923706055,RAW_CLOSE,8234507.0,,CNY
002821,XSHE,2026-09-24,188.0800018310547,188.97999572753906,178.27000427246094,178.3000030517578,178.3000030517578,RAW_CLOSE,8098790.0,,CNY
002841,XSHE,2026-09-24,46.150001525878906,46.5099983215332,44.849998474121094,44.939998626708984,44.939998626708984,RAW_CLOSE,5337568.0,,CNY
002916,XSHE,2026-09-24,414.7699890136719,415.9200134277344,392.32000732421875,394.5,394.5,RAW_CLOSE,6949236.0,,CNY
002938,XSHE,2026-09-24,87.0999984741211,87.98999786376953,82.68000030517578,82.94000244140625,82.94000244140625,RAW_CLOSE,27503106.0,,CNY
002939,XSHE,2026-09-24,7.860000133514404,7.860000133514404,7.760000228881836,7.760000228881836,7.760000228881836,RAW_CLOSE,14377350.0,,CNY
002945,XSHE,2026-09-24,14.770000457763672,14.899999618530273,14.430000305175781,14.479999542236328,14.479999542236328,RAW_CLOSE,9939100.0,,CNY
003816,XSHE,2026-09-24,4.170000076293945,4.230000019073486,4.159999847412109,4.190000057220459,4.190000057220459,RAW_CLOSE,73046295.0,,CNY
300003,XSHE,2026-09-24,11.5600004196167,11.640000343322754,11.40999984741211,11.40999984741211,11.40999984741211,RAW_CLOSE,12582331.0,,CNY
300014,XSHE,2026-09-24,49.61000061035156,49.97999954223633,48.81999969482422,48.90999984741211,48.90999984741211,RAW_CLOSE,17918164.0,,CNY
300015,XSHE,2026-09-24,7.960000038146973,8.029999732971191,7.900000095367432,7.909999847412109,7.909999847412109,RAW_CLOSE,39822373.0,,CNY
300033,XSHE,2026-09-24,207.5,208.5,203.89999389648438,204.10000610351562,204.10000610351562,RAW_CLOSE,5782855.0,,CNY
300059,XSHE,2026-09-24,18.559999465942383,18.6299991607666,18.260000228881836,18.280000686645508,18.280000686645508,RAW_CLOSE,118407597.0,,CNY
300122,XSHE,2026-09-24,13.329999923706055,13.449999809265137,13.0,13.010000228881836,13.010000228881836,RAW_CLOSE,30681721.0,,CNY
300124,XSHE,2026-09-24,52.5,52.84000015258789,51.86000061035156,51.880001068115234,51.880001068115234,RAW_CLOSE,18002047.0,,CNY
300136,XSHE,2026-09-24,57.900001525878906,60.08000183105469,57.25,57.29999923706055,57.29999923706055,RAW_CLOSE,43373206.0,,CNY
300142,XSHE,2026-09-24,13.979999542236328,14.0600004196167,13.5600004196167,13.579999923706055,13.579999923706055,RAW_CLOSE,87931360.0,,CNY
300144,XSHE,2026-09-24,5.760000228881836,5.789999961853027,5.679999828338623,5.690000057220459,5.690000057220459,RAW_CLOSE,20031564.0,,CNY
300274,XSHE,2026-09-24,86.4000015258789,86.58000183105469,84.08000183105469,84.20999908447266,84.20999908447266,RAW_CLOSE,34245279.0,,CNY
300347,XSHE,2026-09-24,57.91999816894531,58.70000076293945,56.790000915527344,56.810001373291016,56.810001373291016,RAW_CLOSE,7923318.0,,CNY
300408,XSHE,2026-09-24,129.50999450683594,131.4499969482422,122.81999969482422,123.30999755859375,123.30999755859375,RAW_CLOSE,44414874.0,,CNY
300413,XSHE,2026-09-24,19.110000610351562,19.6299991607666,18.829999923706055,19.0,19.0,RAW_CLOSE,46521416.0,,CNY
300433,XSHE,2026-09-24,33.72999954223633,33.849998474121094,32.869998931884766,32.869998931884766,32.869998931884766,RAW_CLOSE,51913067.0,,CNY
300450,XSHE,2026-09-24,32.349998474121094,33.06999969482422,32.060001373291016,32.11000061035156,32.11000061035156,RAW_CLOSE,25656047.0,,CNY
300498,XSHE,2026-09-24,14.760000228881836,14.800000190734863,14.470000267028809,14.510000228881836,14.510000228881836,RAW_CLOSE,21537676.0,,CNY
300529,XSHE,2026-09-24,15.15999984741211,15.270000457763672,14.9399995803833,14.960000038146973,14.960000038146973,RAW_CLOSE,3530003.0,,CNY
300558,XSHE,2026-09-24,50.04999923706055,50.20000076293945,48.220001220703125,48.22999954223633,48.22999954223633,RAW_CLOSE,8763118.0,,CNY
300595,XSHE,2026-09-24,10.270000457763672,10.34000015258789,10.069999694824219,10.09000015258789,10.09000015258789,RAW_CLOSE,6087600.0,,CNY
300601,XSHE,2026-09-24,13.140000343322754,13.239999771118164,12.829999923706055,12.880000114440918,12.880000114440918,RAW_CLOSE,19248798.0,,CNY
300628,XSHE,2026-09-24,41.25,41.81999969482422,40.959999084472656,40.959999084472656,40.959999084472656,RAW_CLOSE,6075908.0,,CNY
300677,XSHE,2026-09-24,49.5,49.83000183105469,49.13999938964844,49.13999938964844,49.13999938964844,RAW_CLOSE,6522912.0,,CNY
600000,XSHG,2026-09-24,8.989999771118164,9.050000190734863,8.970000267028809,9.0,9.0,RAW_CLOSE,52836397.0,,CNY
600009,XSHG,2026-09-24,22.75,22.780000686645508,22.420000076293945,22.459999084472656,22.459999084472656,RAW_CLOSE,6951132.0,,CNY
600010,XSHG,2026-09-24,2.109999895095825,2.109999895095825,2.0799999237060547,2.0899999141693115,2.0899999141693115,RAW_CLOSE,273690319.0,,CNY
600011,XSHG,2026-09-24,6.760000228881836,6.789999961853027,6.730000019073486,6.739999771118164,6.739999771118164,RAW_CLOSE,35724127.0,,CNY
600015,XSHG,2026-09-24,6.230000019073486,6.269999980926514,6.21999979019165,6.230000019073486,6.230000019073486,RAW_CLOSE,51077363.0,,CNY
600016,XSHG,2026-09-24,3.4700000286102295,3.5,3.4600000381469727,3.4600000381469727,3.4600000381469727,RAW_CLOSE,184873250.0,,CNY
600018,XSHG,2026-09-24,5.389999866485596,5.409999847412109,5.360000133514404,5.360000133514404,5.360000133514404,RAW_CLOSE,38396823.0,,CNY
600019,XSHG,2026-09-24,5.739999771118164,5.860000133514404,5.71999979019165,5.840000152587891,5.840000152587891,RAW_CLOSE,97540061.0,,CNY
600025,XSHG,2026-09-24,9.600000381469727,9.800000190734863,9.569999694824219,9.75,9.75,RAW_CLOSE,32979540.0,,CNY
600028,XSHG,2026-09-24,5.300000190734863,5.349999904632568,5.269999980926514,5.320000171661377,5.320000171661377,RAW_CLOSE,173130953.0,,CNY
600029,XSHG,2026-09-24,4.949999809265137,4.949999809265137,4.849999904632568,4.860000133514404,4.860000133514404,RAW_CLOSE,48819315.0,,CNY
600030,XSHG,2026-09-24,26.75,26.75,26.25,26.290000915527344,26.290000915527344,RAW_CLOSE,71251428.0,,CNY
600031,XSHG,2026-09-24,17.530000686645508,17.56999969482422,17.170000076293945,17.200000762939453,17.200000762939453,RAW_CLOSE,66831032.0,,CNY
600036,XSHG,2026-09-24,40.599998474121094,41.13999938964844,40.58000183105469,40.689998626708984,40.689998626708984,RAW_CLOSE,50352355.0,,CNY
600048,XSHG,2026-09-24,5.639999866485596,5.690000057220459,5.519999980926514,5.559999942779541,5.559999942779541,RAW_CLOSE,197419879.0,,CNY
600050,XSHG,2026-09-24,4.170000076293945,4.170000076293945,4.130000114440918,4.150000095367432,4.150000095367432,RAW_CLOSE,101195329.0,,CNY
600061,XSHG,2026-09-24,6.300000190734863,6.300000190734863,6.179999828338623,6.190000057220459,6.190000057220459,RAW_CLOSE,24080028.0,,CNY
600079,XSHG,2026-09-24,18.8799991607666,19.18000030517578,18.799999237060547,18.81999969482422,18.81999969482422,RAW_CLOSE,8907508.0,,CNY
600085,XSHG,2026-09-24,23.559999465942383,23.700000762939453,23.34000015258789,23.34000015258789,23.34000015258789,RAW_CLOSE,2758118.0,,CNY
600104,XSHG,2026-09-24,10.829999923706055,10.930000305175781,10.710000038146973,10.720000267028809,10.720000267028809,RAW_CLOSE,32406774.0,,CNY
600109,XSHG,2026-09-24,8.260000228881836,8.270000457763672,8.100000381469727,8.100000381469727,8.100000381469727,RAW_CLOSE,22181700.0,,CNY
600111,XSHG,2026-09-24,37.20000076293945,37.439998626708984,36.95000076293945,37.060001373291016,37.060001373291016,RAW_CLOSE,22654903.0,,CNY
600115,XSHG,2026-09-24,3.430000066757202,3.440000057220459,3.3499999046325684,3.3499999046325684,3.3499999046325684,RAW_CLOSE,157384686.0,,CNY
600118,XSHG,2026-09-24,57.630001068115234,59.720001220703125,57.22999954223633,57.90999984741211,57.90999984741211,RAW_CLOSE,26983887.0,,CNY
600132,XSHG,2026-09-24,38.27000045776367,38.369998931884766,37.560001373291016,37.560001373291016,37.560001373291016,RAW_CLOSE,2474400.0,,CNY
600143,XSHG,2026-09-24,13.229999542236328,13.34000015258789,13.0600004196167,13.069999694824219,13.069999694824219,RAW_CLOSE,17843589.0,,CNY
600150,XSHG,2026-09-24,38.59000015258789,38.849998474121094,38.02000045776367,38.09000015258789,38.09000015258789,RAW_CLOSE,64262957.0,,CNY
600161,XSHG,2026-09-24,12.3100004196167,12.449999809265137,12.100000381469727,12.100000381469727,12.100000381469727,RAW_CLOSE,9986955.0,,CNY
600176,XSHG,2026-09-24,45.04999923706055,45.279998779296875,43.02000045776367,43.060001373291016,43.060001373291016,RAW_CLOSE,192842428.0,,CNY
600183,XSHG,2026-09-24,142.60000610351562,142.60000610351562,137.0,137.3300018310547,137.3300018310547,RAW_CLOSE,43602307.0,,CNY
600196,XSHG,2026-09-24,23.100000381469727,23.229999542236328,22.799999237060547,22.84000015258789,22.84000015258789,RAW_CLOSE,15937032.0,,CNY
600233,XSHG,2026-09-24,17.65999984741211,18.110000610351562,17.600000381469727,17.920000076293945,17.920000076293945,RAW_CLOSE,18781972.0,,CNY
600276,XSHG,2026-09-24,45.380001068115234,45.77000045776367,44.599998474121094,44.86000061035156,44.86000061035156,RAW_CLOSE,42358438.0,,CNY
600299,XSHG,2026-09-24,8.390000343322754,8.390000343322754,8.0600004196167,8.079999923706055,8.079999923706055,RAW_CLOSE,32012621.0,,CNY
600309,XSHG,2026-09-24,71.20999908447266,71.27999877929688,69.2300033569336,69.44999694824219,69.44999694824219,RAW_CLOSE,29477929.0,,CNY
600332,XSHG,2026-09-24,19.639999389648438,19.709999084472656,19.389999389648438,19.389999389648438,19.389999389648438,RAW_CLOSE,4787300.0,,CNY
600340,XSHG,2026-09-24,1.1299999952316284,1.1799999475479126,1.1200000047683716,1.1699999570846558,1.1699999570846558,RAW_CLOSE,91430229.0,,CNY
600352,XSHG,2026-09-24,12.4399995803833,12.5,12.130000114440918,12.140000343322754,12.140000343322754,RAW_CLOSE,27070448.0,,CNY
600362,XSHG,2026-09-24,43.79999923706055,43.880001068115234,42.31999969482422,42.400001525878906,42.400001525878906,RAW_CLOSE,45061020.0,,CNY
600383,XSHG,2026-09-24,2.5,2.509999990463257,2.390000104904175,2.4100000858306885,2.4100000858306885,RAW_CLOSE,167044407.0,,CNY
600406,XSHG,2026-09-24,22.299999237060547,22.420000076293945,22.100000381469727,22.270000457763672,22.1195011138916,RAW_CLOSE,30597375.0,,CNY
600426,XSHG,2026-09-24,20.25,20.360000610351562,19.649999618530273,19.709999084472656,19.709999084472656,RAW_CLOSE,27094810.0,,CNY
600436,XSHG,2026-09-24,120.0,120.37999725341797,117.08000183105469,117.4000015258789,117.4000015258789,RAW_CLOSE,1830326.0,,CNY
600438,XSHG,2026-09-24,11.539999961853027,11.569999694824219,11.109999656677246,11.119999885559082,11.119999885559082,RAW_CLOSE,29123973.0,,CNY
600482,XSHG,2026-09-24,34.72999954223633,35.060001373291016,34.18000030517578,34.25,34.25,RAW_CLOSE,7000995.0,,CNY
600489,XSHG,2026-09-24,22.93000030517578,23.049999237060547,22.079999923706055,22.1200008392334,22.1200008392334,RAW_CLOSE,73789147.0,,CNY
600519,XSHG,2026-09-24,1250.010009765625,1256.1300048828125,1231.050048828125,1237.0,1237.0,RAW_CLOSE,3123935.0,,CNY
600521,XSHG,2026-09-24,16.219999313354492,16.43000030517578,15.75,15.880000114440918,15.880000114440918,RAW_CLOSE,27338946.0,,CNY
600522,XSHG,2026-09-24,35.70000076293945,36.06999969482422,34.790000915527344,34.79999923706055,34.79999923706055,RAW_CLOSE,120257584.0,,CNY
600547,XSHG,2026-09-24,30.3700008392334,30.5,28.969999313354492,29.06999969482422,29.06999969482422,RAW_CLOSE,83672036.0,,CNY
600570,XSHG,2026-09-24,20.149999618530273,20.389999389648438,19.940000534057617,19.940000534057617,19.940000534057617,RAW_CLOSE,12649105.0,,CNY
600584,XSHG,2026-09-24,70.9800033569336,70.9800033569336,68.77999877929688,68.77999877929688,68.77999877929688,RAW_CLOSE,54011150.0,,CNY
600585,XSHG,2026-09-24,17.219999313354492,17.290000915527344,16.889999389648438,16.93000030517578,16.93000030517578,RAW_CLOSE,22596033.0,,CNY
600588,XSHG,2026-09-24,9.579999923706055,9.579999923706055,9.270000457763672,9.300000190734863,9.300000190734863,RAW_CLOSE,32620808.0,,CNY
600600,XSHG,2026-09-24,50.29999923706055,50.599998474121094,49.880001068115234,49.88999938964844,49.88999938964844,RAW_CLOSE,3374360.0,,CNY
600606,XSHG,2026-09-24,1.5,1.5099999904632568,1.399999976158142,1.4299999475479126,1.4299999475479126,RAW_CLOSE,410342667.0,,CNY
600655,XSHG,2026-09-24,4.570000171661377,4.579999923706055,4.46999979019165,4.46999979019165,4.46999979019165,RAW_CLOSE,14243700.0,,CNY
600660,XSHG,2026-09-24,52.79999923706055,53.439998626708984,51.90999984741211,52.470001220703125,52.470001220703125,RAW_CLOSE,8271656.0,,CNY
600690,XSHG,2026-09-24,20.200000762939453,20.450000762939453,20.1200008392334,20.139999389648438,20.139999389648438,RAW_CLOSE,21378664.0,,CNY
600703,XSHG,2026-09-24,12.739999771118164,12.75,12.470000267028809,12.470000267028809,12.470000267028809,RAW_CLOSE,64891384.0,,CNY
600741,XSHG,2026-09-24,14.829999923706055,14.880000114440918,14.680000305175781,14.699999809265137,14.699999809265137,RAW_CLOSE,8362610.0,,CNY
600745,XSHG,2026-09-24,17.079999923706055,17.420000076293945,17.040000915527344,17.040000915527344,17.040000915527344,RAW_CLOSE,20346603.0,,CNY
600760,XSHG,2026-09-24,44.0,44.08000183105469,42.709999084472656,43.029998779296875,43.029998779296875,RAW_CLOSE,13910632.0,,CNY
600763,XSHG,2026-09-24,33.630001068115234,34.2400016784668,33.43000030517578,33.47999954223633,33.47999954223633,RAW_CLOSE,4369344.0,,CNY
600795,XSHG,2026-09-24,5.110000133514404,5.260000228881836,5.090000152587891,5.239999771118164,5.239999771118164,RAW_CLOSE,115278992.0,,CNY
600809,XSHG,2026-09-24,113.68000030517578,113.88999938964844,111.0,111.18000030517578,111.18000030517578,RAW_CLOSE,4587043.0,,CNY
600845,XSHG,2026-09-24,18.34000015258789,18.5,18.229999542236328,18.260000228881836,18.260000228881836,RAW_CLOSE,11238977.0,,CNY
600848,XSHG,2026-09-24,8.699999809265137,8.729999542236328,8.5,8.5,8.5,RAW_CLOSE,7327200.0,,CNY
600872,XSHG,2026-09-24,17.31999969482422,17.450000762939453,17.110000610351562,17.149999618530273,17.149999618530273,RAW_CLOSE,5824010.0,,CNY
600887,XSHG,2026-09-24,26.899999618530273,27.030000686645508,26.75,26.899999618530273,26.899999618530273,RAW_CLOSE,31103808.0,,CNY
600893,XSHG,2026-09-24,39.310001373291016,39.54999923706055,38.27000045776367,38.290000915527344,38.290000915527344,RAW_CLOSE,21947807.0,,CNY
600900,XSHG,2026-09-24,28.100000381469727,28.389999389648438,28.059999465942383,28.360000610351562,28.360000610351562,RAW_CLOSE,95024277.0,,CNY
600918,XSHG,2026-09-24,5.5,5.510000228881836,5.389999866485596,5.420000076293945,5.420000076293945,RAW_CLOSE,22011517.0,,CNY
600919,XSHG,2026-09-24,12.069999694824219,12.399999618530273,12.069999694824219,12.260000228881836,12.260000228881836,RAW_CLOSE,125050445.0,,CNY
600926,XSHG,2026-09-24,17.149999618530273,17.350000381469727,17.110000610351562,17.229999542236328,16.76999855041504,RAW_CLOSE,37205860.0,,CNY
600958,XSHG,2026-09-24,8.920000076293945,8.930000305175781,8.6899995803833,8.710000038146973,8.710000038146973,RAW_CLOSE,57357896.0,,CNY
600989,XSHG,2026-09-24,22.68000030517578,22.899999618530273,22.239999771118164,22.329999923706055,22.329999923706055,RAW_CLOSE,37558166.0,,CNY
600999,XSHG,2026-09-24,17.809999465942383,17.81999969482422,17.350000381469727,17.440000534057617,17.440000534057617,RAW_CLOSE,31023535.0,,CNY
601006,XSHG,2026-09-24,4.679999828338623,4.690000057220459,4.650000095367432,4.659999847412109,4.659999847412109,RAW_CLOSE,81381896.0,,CNY
601009,XSHG,2026-09-24,11.75,12.029999732971191,11.699999809265137,11.949999809265137,11.949999809265137,RAW_CLOSE,56820507.0,,CNY
601012,XSHG,2026-09-24,11.399999618530273,11.40999984741211,11.029999732971191,11.039999961853027,11.039999961853027,RAW_CLOSE,70872756.0,,CNY
601021,XSHG,2026-09-24,41.29999923706055,41.439998626708984,39.099998474121094,39.849998474121094,39.849998474121094,RAW_CLOSE,10989087.0,,CNY
601066,XSHG,2026-09-24,23.670000076293945,23.829999923706055,23.350000381469727,23.399999618530273,23.399999618530273,RAW_CLOSE,8841315.0,,CNY
601077,XSHG,2026-09-24,6.539999961853027,6.710000038146973,6.53000020980835,6.639999866485596,6.639999866485596,RAW_CLOSE,90415463.0,,CNY
601088,XSHG,2026-09-24,47.34000015258789,48.15999984741211,47.150001525878906,48.029998779296875,48.029998779296875,RAW_CLOSE,25276695.0,,CNY
601100,XSHG,2026-09-24,91.5999984741211,93.9000015258789,90.69999694824219,92.30000305175781,92.30000305175781,RAW_CLOSE,9573159.0,,CNY
601108,XSHG,2026-09-24,8.550000190734863,8.579999923706055,8.350000381469727,8.359999656677246,8.359999656677246,RAW_CLOSE,32372870.0,,CNY
601111,XSHG,2026-09-24,5.929999828338623,5.929999828338623,5.809999942779541,5.809999942779541,5.809999942779541,RAW_CLOSE,59009100.0,,CNY
601138,XSHG,2026-09-24,62.29999923706055,62.56999969482422,60.79999923706055,61.0,61.0,RAW_CLOSE,67195029.0,,CNY
601155,XSHG,2026-09-24,12.899999618530273,13.079999923706055,12.510000228881836,12.5600004196167,12.5600004196167,RAW_CLOSE,19517640.0,,CNY
601162,XSHG,2026-09-24,3.6600000858306885,3.680000066757202,3.5799999237060547,3.5999999046325684,3.5999999046325684,RAW_CLOSE,96895500.0,,CNY
601166,XSHG,2026-09-24,17.889999389648438,18.0,17.8700008392334,17.8799991607666,17.8799991607666,RAW_CLOSE,59537130.0,,CNY
601169,XSHG,2026-09-24,5.480000019073486,5.539999961853027,5.46999979019165,5.489999771118164,5.489999771118164,RAW_CLOSE,131041604.0,,CNY
601186,XSHG,2026-09-24,6.019999980926514,6.03000020980835,5.96999979019165,5.980000019073486,5.980000019073486,RAW_CLOSE,25837171.0,,CNY
601211,XSHG,2026-09-24,17.549999237060547,17.6299991607666,17.15999984741211,17.209999084472656,17.209999084472656,RAW_CLOSE,57785709.0,,CNY
601216,XSHG,2026-09-24,4.510000228881836,4.579999923706055,4.460000038146973,4.46999979019165,4.46999979019165,RAW_CLOSE,41938125.0,,CNY
601225,XSHG,2026-09-24,25.600000381469727,26.100000381469727,25.479999542236328,25.829999923706055,25.829999923706055,RAW_CLOSE,28929268.0,,CNY
601229,XSHG,2026-09-24,9.470000267028809,9.579999923706055,9.430000305175781,9.510000228881836,9.510000228881836,RAW_CLOSE,37703133.0,,CNY
601231,XSHG,2026-09-24,26.709999084472656,26.709999084472656,25.440000534057617,25.450000762939453,25.450000762939453,RAW_CLOSE,26537896.0,,CNY
601236,XSHG,2026-09-24,7.0,7.010000228881836,6.860000133514404,6.889999866485596,6.889999866485596,RAW_CLOSE,17205380.0,,CNY
601238,XSHG,2026-09-24,5.090000152587891,5.090000152587891,5.090000152587891,5.090000152587891,5.090000152587891,RAW_CLOSE,0.0,,CNY
601288,XSHG,2026-09-24,6.829999923706055,6.940000057220459,6.809999942779541,6.869999885559082,6.869999885559082,RAW_CLOSE,288653689.0,,CNY
601318,XSHG,2026-09-24,53.79999923706055,53.91999816894531,53.150001525878906,53.25,53.25,RAW_CLOSE,54045936.0,,CNY
601319,XSHG,2026-09-24,8.039999961853027,8.119999885559082,7.96999979019165,8.069999694824219,8.069999694824219,RAW_CLOSE,63967783.0,,CNY
601328,XSHG,2026-09-24,7.550000190734863,7.610000133514404,7.519999980926514,7.559999942779541,7.559999942779541,RAW_CLOSE,136022818.0,,CNY
601336,XSHG,2026-09-24,57.79999923706055,57.880001068115234,56.880001068115234,57.58000183105469,57.58000183105469,RAW_CLOSE,12178154.0,,CNY
601360,XSHG,2026-09-24,9.029999732971191,9.050000190734863,8.90999984741211,8.949999809265137,8.949999809265137,RAW_CLOSE,59115136.0,,CNY
601377,XSHG,2026-09-24,5.909999847412109,5.909999847412109,5.820000171661377,5.869999885559082,5.869999885559082,RAW_CLOSE,48021465.0,,CNY
601390,XSHG,2026-09-24,4.28000020980835,4.289999961853027,4.239999771118164,4.25,4.25,RAW_CLOSE,66141979.0,,CNY
601398,XSHG,2026-09-24,8.100000381469727,8.220000267028809,8.09000015258789,8.130000114440918,8.130000114440918,RAW_CLOSE,267588974.0,,CNY
601555,XSHG,2026-09-24,8.239999771118164,8.270000457763672,8.130000114440918,8.170000076293945,8.170000076293945,RAW_CLOSE,31603457.0,,CNY
601600,XSHG,2026-09-24,9.0600004196167,9.079999923706055,8.869999885559082,8.880000114440918,8.880000114440918,RAW_CLOSE,145907247.0,,CNY
601601,XSHG,2026-09-24,31.600000381469727,31.600000381469727,30.799999237060547,30.8799991607666,30.8799991607666,RAW_CLOSE,43212373.0,,CNY
601607,XSHG,2026-09-24,16.059999465942383,16.139999389648438,15.979999542236328,16.020000457763672,16.020000457763672,RAW_CLOSE,6721808.0,,CNY
601618,XSHG,2026-09-24,2.549999952316284,2.559999942779541,2.4800000190734863,2.490000009536743,2.490000009536743,RAW_CLOSE,99275241.0,,CNY
601628,XSHG,2026-09-24,38.59000015258789,38.599998474121094,37.36000061035156,37.43000030517578,37.43000030517578,RAW_CLOSE,24730130.0,,CNY
601633,XSHG,2026-09-24,14.079999923706055,14.09000015258789,13.899999618530273,13.90999984741211,13.90999984741211,RAW_CLOSE,11783194.0,,CNY
601658,XSHG,2026-09-24,5.320000171661377,5.389999866485596,5.309999942779541,5.329999923706055,5.329999923706055,RAW_CLOSE,125178714.0,,CNY
601668,XSHG,2026-09-24,4.28000020980835,4.28000020980835,4.239999771118164,4.260000228881836,4.260000228881836,RAW_CLOSE,151751672.0,,CNY
601669,XSHG,2026-09-24,4.579999923706055,4.579999923706055,4.53000020980835,4.539999961853027,4.539999961853027,RAW_CLOSE,53315685.0,,CNY
601688,XSHG,2026-09-24,18.309999465942383,18.350000381469727,18.06999969482422,18.15999984741211,18.15999984741211,RAW_CLOSE,40484928.0,,CNY
601696,XSHG,2026-09-24,11.229999542236328,11.5600004196167,11.170000076293945,11.180000305175781,11.180000305175781,RAW_CLOSE,24990446.0,,CNY
601698,XSHG,2026-09-24,23.5,24.040000915527344,23.309999465942383,23.559999465942383,23.559999465942383,RAW_CLOSE,18876375.0,,CNY
601727,XSHG,2026-09-24,6.619999885559082,6.650000095367432,6.559999942779541,6.559999942779541,6.559999942779541,RAW_CLOSE,52951732.0,,CNY
601766,XSHG,2026-09-24,5.920000076293945,6.0,5.880000114440918,5.96999979019165,5.96999979019165,RAW_CLOSE,108685465.0,,CNY
601788,XSHG,2026-09-24,13.949999809265137,13.960000038146973,13.739999771118164,13.770000457763672,13.770000457763672,RAW_CLOSE,12644637.0,,CNY
601799,XSHG,2026-09-24,70.79000091552734,71.9000015258789,70.44999694824219,70.70999908447266,70.70999908447266,RAW_CLOSE,4830917.0,,CNY
601800,XSHG,2026-09-24,5.849999904632568,5.860000133514404,5.78000020980835,5.800000190734863,5.800000190734863,RAW_CLOSE,18948964.0,,CNY
601808,XSHG,2026-09-24,12.130000114440918,12.260000228881836,12.119999885559082,12.119999885559082,12.119999885559082,RAW_CLOSE,9608229.0,,CNY
601816,XSHG,2026-09-24,4.710000038146973,4.730000019073486,4.690000057220459,4.690000057220459,4.690000057220459,RAW_CLOSE,98854352.0,,CNY
601818,XSHG,2026-09-24,3.0,3.0199999809265137,2.990000009536743,3.0,3.0,RAW_CLOSE,93589607.0,,CNY
601838,XSHG,2026-09-24,18.850000381469727,19.18000030517578,18.81999969482422,19.040000915527344,19.040000915527344,RAW_CLOSE,19090317.0,,CNY
601857,XSHG,2026-09-24,10.6899995803833,11.039999961853027,10.680000305175781,10.949999809265137,10.949999809265137,RAW_CLOSE,158043573.0,,CNY
601872,XSHG,2026-09-24,20.979999542236328,21.350000381469727,20.780000686645508,20.93000030517578,20.93000030517578,RAW_CLOSE,115008453.0,,CNY
601877,XSHG,2026-09-24,25.139999389648438,25.270000457763672,24.899999618530273,24.899999618530273,24.899999618530273,RAW_CLOSE,7095094.0,,CNY
601878,XSHG,2026-09-24,9.130000114440918,9.140000343322754,9.010000228881836,9.020000457763672,9.020000457763672,RAW_CLOSE,13561345.0,,CNY
601881,XSHG,2026-09-24,12.069999694824219,12.069999694824219,11.859999656677246,11.859999656677246,11.859999656677246,RAW_CLOSE,23085674.0,,CNY
601888,XSHG,2026-09-24,52.0,52.290000915527344,51.27000045776367,51.459999084472656,51.459999084472656,RAW_CLOSE,12431895.0,,CNY
601899,XSHG,2026-09-24,30.989999771118164,31.020000457763672,29.989999771118164,30.010000228881836,30.010000228881836,RAW_CLOSE,214513976.0,,CNY
601901,XSHG,2026-09-24,6.849999904632568,6.869999885559082,6.71999979019165,6.739999771118164,6.739999771118164,RAW_CLOSE,32179000.0,,CNY
601916,XSHG,2026-09-24,2.859999895095825,2.869999885559082,2.8399999141693115,2.8399999141693115,2.8399999141693115,RAW_CLOSE,87947232.0,,CNY
601919,XSHG,2026-09-24,16.309999465942383,16.399999618530273,16.200000762939453,16.299999237060547,16.299999237060547,RAW_CLOSE,43364660.0,,CNY
601933,XSHG,2026-09-24,3.009999990463257,3.0399999618530273,2.990000009536743,3.0,3.0,RAW_CLOSE,61422400.0,,CNY
601939,XSHG,2026-09-24,10.829999923706055,11.069999694824219,10.8100004196167,10.979999542236328,10.979999542236328,RAW_CLOSE,122231773.0,,CNY
601985,XSHG,2026-09-24,8.850000381469727,8.9399995803833,8.819999694824219,8.899999618530273,8.899999618530273,RAW_CLOSE,61322387.0,,CNY
601988,XSHG,2026-09-24,6.590000152587891,6.699999809265137,6.579999923706055,6.619999885559082,6.619999885559082,RAW_CLOSE,236386419.0,,CNY
601990,XSHG,2026-09-24,6.690000057220459,6.710000038146973,6.579999923706055,6.579999923706055,6.579999923706055,RAW_CLOSE,15253653.0,,CNY
601995,XSHG,2026-09-24,32.189998626708984,32.20000076293945,31.020000457763672,31.020000457763672,31.020000457763672,RAW_CLOSE,34969714.0,,CNY
601998,XSHG,2026-09-24,9.039999961853027,9.119999885559082,9.0,9.010000228881836,9.010000228881836,RAW_CLOSE,41726011.0,,CNY
603019,XSHG,2026-09-24,83.11000061035156,83.41999816894531,82.0999984741211,82.16999816894531,82.16999816894531,RAW_CLOSE,12994309.0,,CNY
603087,XSHG,2026-09-24,74.5,75.98999786376953,73.29000091552734,73.44000244140625,73.44000244140625,RAW_CLOSE,10264639.0,,CNY
603160,XSHG,2026-09-24,54.9900016784668,55.5,54.369998931884766,54.400001525878906,54.400001525878906,RAW_CLOSE,3151945.0,,CNY
603195,XSHG,2026-09-24,38.0,38.25,37.869998931884766,37.88999938964844,37.88999938964844,RAW_CLOSE,1319706.0,,CNY
603233,XSHG,2026-09-24,18.0,18.209999084472656,17.510000228881836,17.549999237060547,17.549999237060547,RAW_CLOSE,7448269.0,,CNY
603259,XSHG,2026-09-24,166.8000030517578,168.57000732421875,162.3000030517578,162.39999389648438,162.39999389648438,RAW_CLOSE,34691908.0,,CNY
603288,XSHG,2026-09-24,34.099998474121094,34.31999969482422,33.88999938964844,33.93000030517578,33.93000030517578,RAW_CLOSE,5807563.0,,CNY
603338,XSHG,2026-09-24,54.0,54.56999969482422,52.75,52.779998779296875,52.779998779296875,RAW_CLOSE,3270500.0,,CNY
603369,XSHG,2026-09-24,27.270000457763672,27.479999542236328,26.700000762939453,26.920000076293945,26.920000076293945,RAW_CLOSE,6753347.0,,CNY
603392,XSHG,2026-09-24,26.790000915527344,27.31999969482422,26.299999237060547,26.3799991607666,26.3799991607666,RAW_CLOSE,5942538.0,,CNY
603501,XSHG,2026-09-24,82.33000183105469,82.68000030517578,81.23999786376953,81.4000015258789,81.4000015258789,RAW_CLOSE,7318290.0,,CNY
603517,XSHG,2026-09-24,11.40999984741211,11.510000228881836,11.34000015258789,11.430000305175781,11.430000305175781,RAW_CLOSE,3629200.0,,CNY
603658,XSHG,2026-09-24,34.709999084472656,34.81999969482422,33.599998474121094,33.650001525878906,33.650001525878906,RAW_CLOSE,6078294.0,,CNY
603659,XSHG,2026-09-24,21.920000076293945,22.149999618530273,21.5,21.5,21.5,RAW_CLOSE,11766042.0,,CNY
603799,XSHG,2026-09-24,35.900001525878906,36.040000915527344,35.41999816894531,35.41999816894531,35.41999816894531,RAW_CLOSE,25983621.0,,CNY
603806,XSHG,2026-09-24,14.300000190734863,14.34000015258789,13.899999618530273,13.899999618530273,13.899999618530273,RAW_CLOSE,19456234.0,,CNY
603833,XSHG,2026-09-24,30.0,30.299999237060547,29.149999618530273,29.360000610351562,29.360000610351562,RAW_CLOSE,2784100.0,,CNY
603882,XSHG,2026-09-24,28.809999465942383,30.139999389648438,28.729999542236328,29.389999389648438,29.389999389648438,RAW_CLOSE,13936519.0,,CNY
603899,XSHG,2026-09-24,22.34000015258789,22.40999984741211,21.899999618530273,21.899999618530273,21.899999618530273,RAW_CLOSE,1822400.0,,CNY
603939,XSHG,2026-09-24,22.049999237060547,22.329999923706055,21.940000534057617,22.079999923706055,22.079999923706055,RAW_CLOSE,5259811.0,,CNY
603986,XSHG,2026-09-24,393.0,394.7699890136719,383.7200012207031,383.7699890136719,383.7699890136719,RAW_CLOSE,22659484.0,,CNY
603993,XSHG,2026-09-24,17.479999542236328,17.479999542236328,17.020000457763672,17.079999923706055,17.079999923706055,RAW_CLOSE,150553166.0,,CNY
688008,XSHG,2026-09-24,222.05999755859375,222.05999755859375,214.36000061035156,214.5,214.5,RAW_CLOSE,25974047.0,,CNY
688009,XSHG,2026-09-24,4.659999847412109,4.659999847412109,4.630000114440918,4.639999866485596,4.639999866485596,RAW_CLOSE,12617326.0,,CNY
688012,XSHG,2026-09-24,347.010009765625,347.94000244140625,338.989990234375,339.29998779296875,339.29998779296875,RAW_CLOSE,9973753.0,,CNY
688036,XSHG,2026-09-24,55.5,55.97999954223633,54.599998474121094,54.91999816894531,54.91999816894531,RAW_CLOSE,5949449.0,,CNY
688111,XSHG,2026-09-24,226.0,226.8800048828125,222.02999877929688,222.02999877929688,222.02999877929688,RAW_CLOSE,3130845.0,,CNY
688126,XSHG,2026-09-24,25.399999618530273,25.739999771118164,24.760000228881836,24.799999237060547,24.799999237060547,RAW_CLOSE,70268064.0,,CNY
688169,XSHG,2026-09-24,116.37999725341797,116.5,114.51000213623047,114.5999984741211,114.5999984741211,RAW_CLOSE,2664816.0,,CNY
688363,XSHG,2026-09-24,35.04999923706055,35.52000045776367,34.61000061035156,34.70000076293945,34.70000076293945,RAW_CLOSE,2398986.0,,CNY
688396,XSHG,2026-09-24,60.79999923706055,61.099998474121094,59.16999816894531,59.16999816894531,59.16999816894531,RAW_CLOSE,11495757.0,,CNY
000001,XSHE,2026-09-28,11.279999732971191,11.40999984741211,11.270000457763672,11.300000190734863,11.300000190734863,RAW_CLOSE,71534143.0,,CNY
000002,XSHE,2026-09-28,3.7799999713897705,3.869999885559082,3.6500000953674316,3.7100000381469727,3.7100000381469727,RAW_CLOSE,447633881.0,,CNY
000063,XSHE,2026-09-28,31.700000762939453,31.739999771118164,30.6299991607666,30.790000915527344,30.790000915527344,RAW_CLOSE,69551039.0,,CNY
000066,XSHE,2026-09-28,14.84000015258789,14.899999618530273,14.119999885559082,14.15999984741211,14.15999984741211,RAW_CLOSE,111679363.0,,CNY
000069,XSHE,2026-09-28,1.850000023841858,1.9199999570846558,1.809999942779541,1.8600000143051147,1.8600000143051147,RAW_CLOSE,97672100.0,,CNY
000100,XSHE,2026-09-28,4.900000095367432,4.940000057220459,4.760000228881836,4.800000190734863,4.800000190734863,RAW_CLOSE,305507418.0,,CNY
000157,XSHE,2026-09-28,6.019999980926514,6.03000020980835,5.889999866485596,5.900000095367432,5.900000095367432,RAW_CLOSE,47851728.0,,CNY
000166,XSHE,2026-09-28,4.380000114440918,4.389999866485596,4.309999942779541,4.340000152587891,4.340000152587891,RAW_CLOSE,59371751.0,,CNY
000333,XSHE,2026-09-28,82.18000030517578,82.97000122070312,81.2699966430664,82.0,82.0,RAW_CLOSE,25657298.0,,CNY
000338,XSHE,2026-09-28,25.0,25.1299991607666,24.329999923706055,24.6200008392334,24.6200008392334,RAW_CLOSE,74939220.0,,CNY
000425,XSHE,2026-09-28,7.159999847412109,7.159999847412109,7.03000020980835,7.059999942779541,7.059999942779541,RAW_CLOSE,72914801.0,,CNY
000538,XSHE,2026-09-28,49.869998931884766,50.470001220703125,49.7599983215332,50.33000183105469,50.33000183105469,RAW_CLOSE,6987738.0,,CNY
000568,XSHE,2026-09-28,70.6500015258789,70.94999694824219,69.69999694824219,69.95999908447266,69.95999908447266,RAW_CLOSE,5682219.0,,CNY
000596,XSHE,2026-09-28,91.0,91.05999755859375,87.5,87.9000015258789,87.9000015258789,RAW_CLOSE,2960974.0,,CNY
000625,XSHE,2026-09-28,7.03000020980835,7.130000114440918,7.010000228881836,7.050000190734863,7.050000190734863,RAW_CLOSE,46145531.0,,CNY
000651,XSHE,2026-09-28,38.5,38.68000030517578,38.209999084472656,38.400001525878906,38.400001525878906,RAW_CLOSE,24144914.0,,CNY
000656,XSHE,2026-09-28,1.2300000190734863,1.2400000095367432,1.2000000476837158,1.2100000381469727,1.2100000381469727,RAW_CLOSE,139754654.0,,CNY
000661,XSHE,2026-09-28,70.5999984741211,71.5,70.08000183105469,70.5,70.5,RAW_CLOSE,3116199.0,,CNY
000703,XSHE,2026-09-28,17.15999984741211,17.489999771118164,16.780000686645508,17.260000228881836,17.260000228881836,RAW_CLOSE,67426174.0,,CNY
000708,XSHE,2026-09-28,12.890000343322754,12.979999542236328,12.770000457763672,12.789999961853027,12.789999961853027,RAW_CLOSE,8229968.0,,CNY
000725,XSHE,2026-09-28,6.019999980926514,6.090000152587891,5.760000228881836,5.800000190734863,5.800000190734863,RAW_CLOSE,1400302308.0,,CNY
000728,XSHE,2026-09-28,7.289999961853027,7.320000171661377,7.139999866485596,7.179999828338623,7.179999828338623,RAW_CLOSE,18503784.0,,CNY
000768,XSHE,2026-09-28,22.200000762939453,23.049999237060547,22.020000457763672,22.920000076293945,22.920000076293945,RAW_CLOSE,42177410.0,,CNY
000776,XSHE,2026-09-28,20.299999237060547,20.360000610351562,19.799999237060547,19.809999465942383,19.809999465942383,RAW_CLOSE,41433584.0,,CNY
000783,XSHE,2026-09-28,8.25,8.260000228881836,7.900000095367432,7.920000076293945,7.920000076293945,RAW_CLOSE,90577453.0,,CNY
000786,XSHE,2026-09-28,15.880000114440918,15.9399995803833,15.539999961853027,15.850000381469727,15.850000381469727,RAW_CLOSE,19168970.0,,CNY
000800,XSHE,2026-09-28,5.849999904632568,5.920000076293945,5.809999942779541,5.840000152587891,5.840000152587891,RAW_CLOSE,10272712.0,,CNY
000858,XSHE,2026-09-28,69.5,69.66000366210938,68.72000122070312,68.91000366210938,68.91000366210938,RAW_CLOSE,15362198.0,,CNY
000860,XSHE,2026-09-28,10.09000015258789,10.220000267028809,9.989999771118164,10.109999656677246,10.109999656677246,RAW_CLOSE,8078482.0,,CNY
000876,XSHE,2026-09-28,6.860000133514404,6.900000095367432,6.71999979019165,6.820000171661377,6.820000171661377,RAW_CLOSE,37148773.0,,CNY
000895,XSHE,2026-09-28,23.190000534057617,23.780000686645508,23.1299991607666,23.56999969482422,23.56999969482422,RAW_CLOSE,15978857.0,,CNY
000938,XSHE,2026-09-28,32.900001525878906,33.0,31.290000915527344,31.459999084472656,31.459999084472656,RAW_CLOSE,115917174.0,,CNY
000963,XSHE,2026-09-28,26.799999237060547,27.170000076293945,26.600000381469727,27.020000457763672,27.020000457763672,RAW_CLOSE,27909245.0,,CNY
000977,XSHE,2026-09-28,69.48999786376953,69.5,66.80000305175781,67.05000305175781,67.05000305175781,RAW_CLOSE,43618194.0,,CNY
001979,XSHE,2026-09-28,7.170000076293945,7.21999979019165,7.039999961853027,7.190000057220459,7.190000057220459,RAW_CLOSE,100223799.0,,CNY
002001,XSHE,2026-09-28,25.600000381469727,25.850000381469727,25.40999984741211,25.540000915527344,25.540000915527344,RAW_CLOSE,13461904.0,,CNY
002007,XSHE,2026-09-28,13.170000076293945,13.25,13.029999732971191,13.1899995803833,13.1899995803833,RAW_CLOSE,8788941.0,,CNY
002008,XSHE,2026-09-28,88.5199966430664,88.55999755859375,81.5999984741211,82.0,82.0,RAW_CLOSE,44783280.0,,CNY
002024,XSHE,2026-09-28,1.159999966621399,1.159999966621399,1.1399999856948853,1.1399999856948853,1.1399999856948853,RAW_CLOSE,13729483.0,,CNY
002027,XSHE,2026-09-28,4.659999847412109,4.739999771118164,4.659999847412109,4.679999828338623,4.679999828338623,RAW_CLOSE,118273637.0,,CNY
002032,XSHE,2026-09-28,39.400001525878906,39.88999938964844,39.220001220703125,39.65999984741211,39.65999984741211,RAW_CLOSE,2305800.0,,CNY
002044,XSHE,2026-09-28,4.5,4.519999980926514,4.380000114440918,4.409999847412109,4.409999847412109,RAW_CLOSE,49162649.0,,CNY
002049,XSHE,2026-09-28,60.45000076293945,60.45000076293945,58.380001068115234,58.630001068115234,58.630001068115234,RAW_CLOSE,10955084.0,,CNY
002050,XSHE,2026-09-28,36.08000183105469,36.400001525878906,35.31999969482422,35.439998626708984,35.439998626708984,RAW_CLOSE,36745528.0,,CNY
002120,XSHE,2026-09-28,6.800000190734863,6.829999923706055,6.710000038146973,6.769999980926514,6.769999980926514,RAW_CLOSE,24046211.0,,CNY
002129,XSHE,2026-09-28,9.399999618530273,9.4399995803833,9.109999656677246,9.119999885559082,9.119999885559082,RAW_CLOSE,68963249.0,,CNY
002142,XSHE,2026-09-28,34.970001220703125,35.2400016784668,34.5,34.54999923706055,34.54999923706055,RAW_CLOSE,22591722.0,,CNY
002153,XSHE,2026-09-28,7.429999828338623,7.460000038146973,7.21999979019165,7.289999961853027,7.289999961853027,RAW_CLOSE,14852843.0,,CNY
002157,XSHE,2026-09-28,2.9000000953674316,2.940000057220459,2.880000114440918,2.9100000858306885,2.9100000858306885,RAW_CLOSE,116994307.0,,CNY
002179,XSHE,2026-09-28,34.2400016784668,34.25,32.869998931884766,33.27000045776367,33.27000045776367,RAW_CLOSE,22427063.0,,CNY
002202,XSHE,2026-09-28,17.899999618530273,17.90999984741211,17.100000381469727,17.229999542236328,17.229999542236328,RAW_CLOSE,66763148.0,,CNY
002230,XSHE,2026-09-28,38.279998779296875,38.439998626708984,37.25,37.25,37.25,RAW_CLOSE,20623296.0,,CNY
002236,XSHE,2026-09-28,15.5,15.529999732971191,15.170000076293945,15.220000267028809,15.220000267028809,RAW_CLOSE,19261794.0,,CNY
002241,XSHE,2026-09-28,24.239999771118164,24.299999237060547,22.979999542236328,23.149999618530273,23.149999618530273,RAW_CLOSE,73753831.0,,CNY
002252,XSHE,2026-09-28,5.019999980926514,5.099999904632568,5.010000228881836,5.079999923706055,5.079999923706055,RAW_CLOSE,64376018.0,,CNY
002271,XSHE,2026-09-28,10.390000343322754,10.460000038146973,10.069999694824219,10.119999885559082,10.119999885559082,RAW_CLOSE,33525344.0,,CNY
002304,XSHE,2026-09-28,37.400001525878906,37.529998779296875,36.95000076293945,37.0099983215332,37.0099983215332,RAW_CLOSE,4099955.0,,CNY
002311,XSHE,2026-09-28,41.0,41.54999923706055,40.41999816894531,41.380001068115234,41.380001068115234,RAW_CLOSE,11790033.0,,CNY
002352,XSHE,2026-09-28,30.540000915527344,30.700000762939453,30.299999237060547,30.440000534057617,30.440000534057617,RAW_CLOSE,11038929.0,,CNY
002371,XSHE,2026-09-28,654.1900024414062,655.5999755859375,625.1300048828125,633.9299926757812,633.9299926757812,RAW_CLOSE,5960740.0,,CNY
002384,XSHE,2026-09-28,184.0800018310547,184.61000061035156,167.83999633789062,168.27999877929688,168.27999877929688,RAW_CLOSE,57805568.0,,CNY
002410,XSHE,2026-09-28,8.399999618530273,8.430000305175781,8.270000457763672,8.3100004196167,8.3100004196167,RAW_CLOSE,17893743.0,,CNY
002414,XSHE,2026-09-28,11.869999885559082,11.869999885559082,11.3100004196167,11.369999885559082,11.369999885559082,RAW_CLOSE,43221199.0,,CNY
002415,XSHE,2026-09-28,32.540000915527344,32.63999938964844,31.989999771118164,32.15999984741211,32.15999984741211,RAW_CLOSE,38456004.0,,CNY
002456,XSHE,2026-09-28,6.699999809265137,6.71999979019165,6.489999771118164,6.510000228881836,6.510000228881836,RAW_CLOSE,61022856.0,,CNY
002460,XSHE,2026-09-28,43.0,43.209999084472656,41.66999816894531,41.900001525878906,41.900001525878906,RAW_CLOSE,28920673.0,,CNY
002463,XSHE,2026-09-28,123.0,123.75,116.2300033569336,117.19999694824219,117.19999694824219,RAW_CLOSE,42123735.0,,CNY
002475,XSHE,2026-09-28,52.060001373291016,52.16999816894531,49.29999923706055,49.91999816894531,49.91999816894531,RAW_CLOSE,92859513.0,,CNY
002493,XSHE,2026-09-28,13.039999961853027,13.850000381469727,12.979999542236328,13.6899995803833,13.6899995803833,RAW_CLOSE,62486386.0,,CNY
002508,XSHE,2026-09-28,16.579999923706055,16.700000762939453,16.309999465942383,16.549999237060547,16.549999237060547,RAW_CLOSE,6707953.0,,CNY
002555,XSHE,2026-09-28,17.3700008392334,17.420000076293945,17.020000457763672,17.049999237060547,17.049999237060547,RAW_CLOSE,15452605.0,,CNY
002558,XSHE,2026-09-28,23.6200008392334,23.639999389648438,22.1200008392334,22.18000030517578,22.18000030517578,RAW_CLOSE,60647197.0,,CNY
002594,XSHE,2026-09-28,83.61000061035156,84.27999877929688,83.18000030517578,83.3499984741211,83.3499984741211,RAW_CLOSE,18236497.0,,CNY
002600,XSHE,2026-09-28,12.15999984741211,12.25,11.800000190734863,12.010000228881836,12.010000228881836,RAW_CLOSE,72584079.0,,CNY
002601,XSHE,2026-09-28,15.0,15.0,14.680000305175781,14.75,14.75,RAW_CLOSE,9675300.0,,CNY
002602,XSHE,2026-09-28,14.369999885559082,14.40999984741211,13.770000457763672,13.869999885559082,13.869999885559082,RAW_CLOSE,66448914.0,,CNY
002607,XSHE,2026-09-28,1.8700000047683716,1.8799999952316284,1.809999942779541,1.8300000429153442,1.8300000429153442,RAW_CLOSE,113705279.0,,CNY
002624,XSHE,2026-09-28,9.579999923706055,9.630000114440918,9.319999694824219,9.369999885559082,9.369999885559082,RAW_CLOSE,41672023.0,,CNY
002673,XSHE,2026-09-28,6.599999904632568,6.619999885559082,6.489999771118164,6.53000020980835,6.53000020980835,RAW_CLOSE,20144181.0,,CNY
002714,XSHE,2026-09-28,40.380001068115234,41.95000076293945,40.2400016784668,41.709999084472656,41.709999084472656,RAW_CLOSE,46567139.0,,CNY
002736,XSHE,2026-09-28,9.84000015258789,9.869999885559082,9.619999885559082,9.680000305175781,9.680000305175781,RAW_CLOSE,19540066.0,,CNY
002739,XSHE,2026-09-28,8.420000076293945,8.489999771118164,8.180000305175781,8.1899995803833,8.1899995803833,RAW_CLOSE,34034492.0,,CNY
002773,XSHE,2026-09-28,20.489999771118164,21.989999771118164,20.010000228881836,21.100000381469727,21.100000381469727,RAW_CLOSE,17724394.0,,CNY
002812,XSHE,2026-09-28,46.29999923706055,46.40999984741211,44.70000076293945,45.09000015258789,45.09000015258789,RAW_CLOSE,10794143.0,,CNY
002821,XSHE,2026-09-28,180.6300048828125,181.66000366210938,176.8000030517578,180.52999877929688,180.52999877929688,RAW_CLOSE,6719166.0,,CNY
002841,XSHE,2026-09-28,44.939998626708984,46.79999923706055,44.0099983215332,44.099998474121094,44.099998474121094,RAW_CLOSE,8010134.0,,CNY
002916,XSHE,2026-09-28,390.2099914550781,393.5,368.8299865722656,370.9800109863281,370.9800109863281,RAW_CLOSE,7666433.0,,CNY
002938,XSHE,2026-09-28,82.5,82.70999908447266,78.0999984741211,79.66000366210938,79.66000366210938,RAW_CLOSE,22030925.0,,CNY
002939,XSHE,2026-09-28,7.730000019073486,7.760000228881836,7.630000114440918,7.670000076293945,7.670000076293945,RAW_CLOSE,13404875.0,,CNY
002945,XSHE,2026-09-28,14.350000381469727,14.420000076293945,13.9399995803833,14.069999694824219,14.069999694824219,RAW_CLOSE,9144105.0,,CNY
003816,XSHE,2026-09-28,4.199999809265137,4.300000190734863,4.190000057220459,4.260000228881836,4.260000228881836,RAW_CLOSE,117857962.0,,CNY
300003,XSHE,2026-09-28,11.460000038146973,11.539999961853027,11.319999694824219,11.399999618530273,11.399999618530273,RAW_CLOSE,11104897.0,,CNY
300014,XSHE,2026-09-28,48.70000076293945,48.79999923706055,47.310001373291016,47.58000183105469,47.58000183105469,RAW_CLOSE,24173447.0,,CNY
300015,XSHE,2026-09-28,7.909999847412109,7.980000019073486,7.840000152587891,7.860000133514404,7.860000133514404,RAW_CLOSE,36403618.0,,CNY
300033,XSHE,2026-09-28,204.10000610351562,204.8000030517578,197.97000122070312,198.0500030517578,198.0500030517578,RAW_CLOSE,7001803.0,,CNY
300059,XSHE,2026-09-28,18.200000762939453,18.299999237060547,17.84000015258789,17.8700008392334,17.8700008392334,RAW_CLOSE,154647212.0,,CNY
300122,XSHE,2026-09-28,13.1899995803833,13.199999809265137,12.869999885559082,12.930000305175781,12.930000305175781,RAW_CLOSE,21778799.0,,CNY
300124,XSHE,2026-09-28,51.88999938964844,53.08000183105469,51.88999938964844,52.290000915527344,52.290000915527344,RAW_CLOSE,30067229.0,,CNY
300136,XSHE,2026-09-28,56.220001220703125,56.900001525878906,52.38999938964844,52.79999923706055,52.79999923706055,RAW_CLOSE,44658432.0,,CNY
300142,XSHE,2026-09-28,13.850000381469727,14.010000228881836,13.470000267028809,13.600000381469727,13.600000381469727,RAW_CLOSE,82401733.0,,CNY
300144,XSHE,2026-09-28,5.690000057220459,5.710000038146973,5.579999923706055,5.590000152587891,5.590000152587891,RAW_CLOSE,22487790.0,,CNY
300274,XSHE,2026-09-28,83.83000183105469,84.0,80.76000213623047,81.05999755859375,81.05999755859375,RAW_CLOSE,40438623.0,,CNY
300347,XSHE,2026-09-28,56.900001525878906,58.79999923706055,56.45000076293945,56.79999923706055,56.79999923706055,RAW_CLOSE,9527672.0,,CNY
300408,XSHE,2026-09-28,123.7300033569336,124.0999984741211,114.9000015258789,115.54000091552734,115.54000091552734,RAW_CLOSE,39180228.0,,CNY
300413,XSHE,2026-09-28,19.18000030517578,19.399999618530273,18.489999771118164,18.760000228881836,18.760000228881836,RAW_CLOSE,46980254.0,,CNY
300433,XSHE,2026-09-28,33.15999984741211,33.290000915527344,31.440000534057617,31.600000381469727,31.600000381469727,RAW_CLOSE,58377765.0,,CNY
300450,XSHE,2026-09-28,31.93000030517578,32.02000045776367,30.940000534057617,31.200000762939453,31.200000762939453,RAW_CLOSE,24334847.0,,CNY
300498,XSHE,2026-09-28,14.5,14.960000038146973,14.460000038146973,14.90999984741211,14.90999984741211,RAW_CLOSE,38808000.0,,CNY
300529,XSHE,2026-09-28,15.029999732971191,15.100000381469727,14.859999656677246,15.0,15.0,RAW_CLOSE,3214659.0,,CNY
300558,XSHE,2026-09-28,48.22999954223633,48.65999984741211,47.22999954223633,47.709999084472656,47.709999084472656,RAW_CLOSE,7218793.0,,CNY
300595,XSHE,2026-09-28,10.119999885559082,10.170000076293945,9.9399995803833,10.020000457763672,10.020000457763672,RAW_CLOSE,5836267.0,,CNY
300601,XSHE,2026-09-28,12.899999618530273,13.0,12.75,12.859999656677246,12.859999656677246,RAW_CLOSE,11795234.0,,CNY
300628,XSHE,2026-09-28,41.310001373291016,42.20000076293945,40.900001525878906,41.099998474121094,41.099998474121094,RAW_CLOSE,8505310.0,,CNY
300677,XSHE,2026-09-28,49.619998931884766,50.2400016784668,48.31999969482422,48.400001525878906,48.400001525878906,RAW_CLOSE,6867812.0,,CNY
600000,XSHG,2026-09-28,9.029999732971191,9.180000305175781,9.0,9.15999984741211,9.15999984741211,RAW_CLOSE,118485298.0,,CNY
600009,XSHG,2026-09-28,22.479999542236328,22.5,22.25,22.360000610351562,22.360000610351562,RAW_CLOSE,5150224.0,,CNY
600010,XSHG,2026-09-28,2.0799999237060547,2.0899999141693115,2.049999952316284,2.059999942779541,2.059999942779541,RAW_CLOSE,232217340.0,,CNY
600011,XSHG,2026-09-28,6.75,6.960000038146973,6.730000019073486,6.940000057220459,6.940000057220459,RAW_CLOSE,127771234.0,,CNY
600015,XSHG,2026-09-28,6.230000019073486,6.25,6.159999847412109,6.179999828338623,6.179999828338623,RAW_CLOSE,77944466.0,,CNY
600016,XSHG,2026-09-28,3.4600000381469727,3.490000009536743,3.4200000762939453,3.440000057220459,3.440000057220459,RAW_CLOSE,182244410.0,,CNY
600018,XSHG,2026-09-28,5.380000114440918,5.420000076293945,5.360000133514404,5.380000114440918,5.380000114440918,RAW_CLOSE,44848163.0,,CNY
600019,XSHG,2026-09-28,5.820000171661377,5.880000114440918,5.789999961853027,5.800000190734863,5.800000190734863,RAW_CLOSE,78134505.0,,CNY
600025,XSHG,2026-09-28,9.770000457763672,9.899999618530273,9.729999542236328,9.869999885559082,9.869999885559082,RAW_CLOSE,36039734.0,,CNY
600028,XSHG,2026-09-28,5.320000171661377,5.420000076293945,5.28000020980835,5.409999847412109,5.409999847412109,RAW_CLOSE,226131730.0,,CNY
600029,XSHG,2026-09-28,4.860000133514404,4.860000133514404,4.789999961853027,4.820000171661377,4.820000171661377,RAW_CLOSE,44469057.0,,CNY
600030,XSHG,2026-09-28,26.260000228881836,26.31999969482422,25.790000915527344,25.940000534057617,25.940000534057617,RAW_CLOSE,83608603.0,,CNY
600031,XSHG,2026-09-28,17.100000381469727,17.329999923706055,17.0,17.190000534057617,17.190000534057617,RAW_CLOSE,55650575.0,,CNY
600036,XSHG,2026-09-28,40.66999816894531,41.08000183105469,40.380001068115234,40.63999938964844,40.63999938964844,RAW_CLOSE,54391836.0,,CNY
600048,XSHG,2026-09-28,5.550000190734863,5.639999866485596,5.510000228881836,5.610000133514404,5.610000133514404,RAW_CLOSE,146873789.0,,CNY
600050,XSHG,2026-09-28,4.139999866485596,4.150000095367432,4.090000152587891,4.130000114440918,4.130000114440918,RAW_CLOSE,106787504.0,,CNY
600061,XSHG,2026-09-28,6.199999809265137,6.21999979019165,6.070000171661377,6.090000152587891,6.090000152587891,RAW_CLOSE,31775327.0,,CNY
600079,XSHG,2026-09-28,18.860000610351562,18.969999313354492,18.600000381469727,18.809999465942383,18.809999465942383,RAW_CLOSE,7510700.0,,CNY
600085,XSHG,2026-09-28,23.34000015258789,23.540000915527344,23.18000030517578,23.329999923706055,23.329999923706055,RAW_CLOSE,3337643.0,,CNY
600104,XSHG,2026-09-28,10.699999809265137,10.899999618530273,10.6899995803833,10.770000457763672,10.770000457763672,RAW_CLOSE,37372987.0,,CNY
600109,XSHG,2026-09-28,8.100000381469727,8.119999885559082,7.949999809265137,8.0,8.0,RAW_CLOSE,19771300.0,,CNY
600111,XSHG,2026-09-28,36.90999984741211,36.95000076293945,35.41999816894531,35.56999969482422,35.56999969482422,RAW_CLOSE,40586415.0,,CNY
600115,XSHG,2026-09-28,3.359999895095825,3.359999895095825,3.2799999713897705,3.309999942779541,3.309999942779541,RAW_CLOSE,152926779.0,,CNY
600118,XSHG,2026-09-28,57.400001525878906,57.540000915527344,55.75,56.11000061035156,56.11000061035156,RAW_CLOSE,19878939.0,,CNY
600132,XSHG,2026-09-28,37.5099983215332,38.02000045776367,37.38999938964844,37.599998474121094,37.599998474121094,RAW_CLOSE,2018960.0,,CNY
600143,XSHG,2026-09-28,13.050000190734863,13.149999618530273,12.850000381469727,12.880000114440918,12.880000114440918,RAW_CLOSE,17610492.0,,CNY
600150,XSHG,2026-09-28,38.369998931884766,38.939998626708984,37.84000015258789,38.08000183105469,38.08000183105469,RAW_CLOSE,98241779.0,,CNY
600161,XSHG,2026-09-28,12.079999923706055,12.279999732971191,12.0600004196167,12.220000267028809,12.220000267028809,RAW_CLOSE,8389213.0,,CNY
600176,XSHG,2026-09-28,42.65999984741211,42.849998474121094,39.0,39.27000045776367,39.27000045776367,RAW_CLOSE,215637170.0,,CNY
600183,XSHG,2026-09-28,136.0,138.5,130.0,131.9499969482422,131.9499969482422,RAW_CLOSE,45706868.0,,CNY
600196,XSHG,2026-09-28,22.899999618530273,23.31999969482422,22.790000915527344,23.239999771118164,23.239999771118164,RAW_CLOSE,24656255.0,,CNY
600233,XSHG,2026-09-28,17.90999984741211,18.100000381469727,17.610000610351562,18.030000686645508,18.030000686645508,RAW_CLOSE,20257539.0,,CNY
600276,XSHG,2026-09-28,44.86000061035156,45.220001220703125,44.349998474121094,44.470001220703125,44.470001220703125,RAW_CLOSE,37071126.0,,CNY
600299,XSHG,2026-09-28,8.079999923706055,8.359999656677246,8.029999732971191,8.0600004196167,8.0600004196167,RAW_CLOSE,37877291.0,,CNY
600309,XSHG,2026-09-28,69.45999908447266,69.98999786376953,69.0,69.4000015258789,69.4000015258789,RAW_CLOSE,18157443.0,,CNY
600332,XSHG,2026-09-28,19.3799991607666,19.549999237060547,19.329999923706055,19.450000762939453,19.450000762939453,RAW_CLOSE,4554907.0,,CNY
600340,XSHG,2026-09-28,1.1799999475479126,1.2899999618530273,1.1799999475479126,1.2899999618530273,1.2899999618530273,RAW_CLOSE,185170600.0,,CNY
600352,XSHG,2026-09-28,12.15999984741211,12.380000114440918,11.90999984741211,12.25,12.25,RAW_CLOSE,35761888.0,,CNY
600362,XSHG,2026-09-28,41.02000045776367,41.459999084472656,40.77000045776367,40.91999816894531,40.91999816894531,RAW_CLOSE,31566250.0,,CNY
600383,XSHG,2026-09-28,2.4000000953674316,2.430000066757202,2.369999885559082,2.4000000953674316,2.4000000953674316,RAW_CLOSE,111048645.0,,CNY
600406,XSHG,2026-09-28,22.270000457763672,22.690000534057617,22.149999618530273,22.639999389648438,22.48699951171875,RAW_CLOSE,57690062.0,,CNY
600426,XSHG,2026-09-28,19.700000762939453,19.899999618530273,19.31999969482422,19.399999618530273,19.399999618530273,RAW_CLOSE,19609629.0,,CNY
600436,XSHG,2026-09-28,117.36000061035156,117.93000030517578,116.20999908447266,116.66000366210938,116.66000366210938,RAW_CLOSE,1369619.0,,CNY
600438,XSHG,2026-09-28,11.140000343322754,11.449999809265137,11.010000228881836,11.0600004196167,11.0600004196167,RAW_CLOSE,29142363.0,,CNY
600482,XSHG,2026-09-28,34.45000076293945,34.5099983215332,33.54999923706055,33.7400016784668,33.7400016784668,RAW_CLOSE,12131532.0,,CNY
600489,XSHG,2026-09-28,21.520000457763672,21.600000381469727,20.850000381469727,20.950000762939453,20.950000762939453,RAW_CLOSE,69706508.0,,CNY
600519,XSHG,2026-09-28,1236.0,1244.010009765625,1228.0999755859375,1243.8800048828125,1243.8800048828125,RAW_CLOSE,2821830.0,,CNY
600521,XSHG,2026-09-28,15.869999885559082,16.110000610351562,15.819999694824219,15.90999984741211,15.90999984741211,RAW_CLOSE,14331717.0,,CNY
600522,XSHG,2026-09-28,34.5,34.54999923706055,31.31999969482422,31.31999969482422,31.31999969482422,RAW_CLOSE,235313184.0,,CNY
600547,XSHG,2026-09-28,27.399999618530273,27.600000381469727,26.15999984741211,26.15999984741211,26.15999984741211,RAW_CLOSE,140335059.0,,CNY
600570,XSHG,2026-09-28,19.920000076293945,19.989999771118164,19.420000076293945,19.420000076293945,19.420000076293945,RAW_CLOSE,14242031.0,,CNY
600584,XSHG,2026-09-28,68.4000015258789,68.75,65.05999755859375,65.43000030517578,65.43000030517578,RAW_CLOSE,60657350.0,,CNY
600585,XSHG,2026-09-28,16.93000030517578,17.0,16.690000534057617,16.770000457763672,16.770000457763672,RAW_CLOSE,15715654.0,,CNY
600588,XSHG,2026-09-28,9.289999961853027,9.319999694824219,9.010000228881836,9.109999656677246,9.109999656677246,RAW_CLOSE,33020119.0,,CNY
600600,XSHG,2026-09-28,49.88999938964844,50.099998474121094,49.70000076293945,49.70000076293945,49.70000076293945,RAW_CLOSE,2296132.0,,CNY
600606,XSHG,2026-09-28,1.409999966621399,1.4500000476837158,1.3799999952316284,1.409999966621399,1.409999966621399,RAW_CLOSE,226539706.0,,CNY
600655,XSHG,2026-09-28,4.460000038146973,4.489999771118164,4.389999866485596,4.460000038146973,4.460000038146973,RAW_CLOSE,11657599.0,,CNY
600660,XSHG,2026-09-28,52.380001068115234,53.29999923706055,52.189998626708984,52.90999984741211,52.90999984741211,RAW_CLOSE,10821979.0,,CNY
600690,XSHG,2026-09-28,20.190000534057617,20.389999389648438,20.100000381469727,20.15999984741211,20.15999984741211,RAW_CLOSE,26684140.0,,CNY
600703,XSHG,2026-09-28,12.0,12.130000114440918,11.59000015258789,11.59000015258789,11.59000015258789,RAW_CLOSE,127865970.0,,CNY
600741,XSHG,2026-09-28,14.710000038146973,15.010000228881836,14.680000305175781,14.979999542236328,14.979999542236328,RAW_CLOSE,21459501.0,,CNY
600745,XSHG,2026-09-28,16.90999984741211,16.90999984741211,16.290000915527344,16.299999237060547,16.299999237060547,RAW_CLOSE,25253366.0,,CNY
600760,XSHG,2026-09-28,42.70000076293945,43.4900016784668,42.70000076293945,43.34000015258789,43.34000015258789,RAW_CLOSE,9260069.0,,CNY
600763,XSHG,2026-09-28,33.369998931884766,33.7599983215332,33.11000061035156,33.2599983215332,33.2599983215332,RAW_CLOSE,4097312.0,,CNY
600795,XSHG,2026-09-28,5.25,5.420000076293945,5.230000019073486,5.400000095367432,5.400000095367432,RAW_CLOSE,173000295.0,,CNY
600809,XSHG,2026-09-28,111.0,111.56999969482422,109.1500015258789,110.26000213623047,110.26000213623047,RAW_CLOSE,3550574.0,,CNY
600845,XSHG,2026-09-28,18.15999984741211,18.239999771118164,17.780000686645508,18.010000228881836,18.010000228881836,RAW_CLOSE,14247861.0,,CNY
600848,XSHG,2026-09-28,8.489999771118164,8.539999961853027,8.399999618530273,8.479999542236328,8.479999542236328,RAW_CLOSE,5853660.0,,CNY
600872,XSHG,2026-09-28,17.079999923706055,17.200000762939453,16.950000762939453,17.1299991607666,17.1299991607666,RAW_CLOSE,6079911.0,,CNY
600887,XSHG,2026-09-28,26.809999465942383,27.049999237060547,26.700000762939453,27.030000686645508,27.030000686645508,RAW_CLOSE,41586445.0,,CNY
600893,XSHG,2026-09-28,38.279998779296875,39.43000030517578,38.2400016784668,38.68000030517578,38.68000030517578,RAW_CLOSE,27557513.0,,CNY
600900,XSHG,2026-09-28,28.350000381469727,28.600000381469727,28.309999465942383,28.549999237060547,28.549999237060547,RAW_CLOSE,108013753.0,,CNY
600918,XSHG,2026-09-28,5.400000095367432,5.420000076293945,5.309999942779541,5.340000152587891,5.340000152587891,RAW_CLOSE,25210013.0,,CNY
600919,XSHG,2026-09-28,12.260000228881836,12.430000305175781,12.210000038146973,12.220000267028809,12.220000267028809,RAW_CLOSE,99454096.0,,CNY
600926,XSHG,2026-09-28,16.8799991607666,16.959999084472656,16.75,16.809999465942383,16.809999465942383,RAW_CLOSE,36636036.0,,CNY
600958,XSHG,2026-09-28,8.699999809265137,8.720000267028809,8.569999694824219,8.59000015258789,8.59000015258789,RAW_CLOSE,39841968.0,,CNY
600989,XSHG,2026-09-28,22.219999313354492,22.68000030517578,22.100000381469727,22.450000762939453,22.450000762939453,RAW_CLOSE,50340045.0,,CNY
600999,XSHG,2026-09-28,17.399999618530273,17.440000534057617,16.90999984741211,16.920000076293945,16.920000076293945,RAW_CLOSE,39960523.0,,CNY
601006,XSHG,2026-09-28,4.659999847412109,4.670000076293945,4.619999885559082,4.650000095367432,4.650000095367432,RAW_CLOSE,73586215.0,,CNY
601009,XSHG,2026-09-28,11.949999809265137,12.109999656677246,11.859999656677246,11.899999618530273,11.899999618530273,RAW_CLOSE,69259417.0,,CNY
601012,XSHG,2026-09-28,11.069999694824219,11.210000038146973,10.75,10.8100004196167,10.8100004196167,RAW_CLOSE,86085888.0,,CNY
601021,XSHG,2026-09-28,39.650001525878906,40.81999969482422,38.18000030517578,40.439998626708984,40.439998626708984,RAW_CLOSE,12346442.0,,CNY
601066,XSHG,2026-09-28,23.329999923706055,23.389999389648438,22.940000534057617,23.030000686645508,23.030000686645508,RAW_CLOSE,10458948.0,,CNY
601077,XSHG,2026-09-28,6.639999866485596,6.75,6.610000133514404,6.659999847412109,6.659999847412109,RAW_CLOSE,82424711.0,,CNY
601088,XSHG,2026-09-28,47.790000915527344,48.40999984741211,47.560001373291016,48.38999938964844,48.38999938964844,RAW_CLOSE,23073114.0,,CNY
601100,XSHG,2026-09-28,91.5,92.25,89.58000183105469,90.0,90.0,RAW_CLOSE,10088079.0,,CNY
601108,XSHG,2026-09-28,8.34000015258789,8.359999656677246,8.100000381469727,8.119999885559082,8.119999885559082,RAW_CLOSE,39381895.0,,CNY
601111,XSHG,2026-09-28,5.820000171661377,5.820000171661377,5.699999809265137,5.760000228881836,5.760000228881836,RAW_CLOSE,82179634.0,,CNY
601138,XSHG,2026-09-28,61.0,61.0,58.279998779296875,58.91999816894531,58.91999816894531,RAW_CLOSE,64381494.0,,CNY
601155,XSHG,2026-09-28,12.569999694824219,12.8100004196167,12.420000076293945,12.65999984741211,12.65999984741211,RAW_CLOSE,22385899.0,,CNY
601162,XSHG,2026-09-28,3.569999933242798,3.5899999141693115,3.4800000190734863,3.490000009536743,3.490000009536743,RAW_CLOSE,125480789.0,,CNY
601166,XSHG,2026-09-28,17.920000076293945,17.959999084472656,17.719999313354492,17.770000457763672,17.770000457763672,RAW_CLOSE,62768693.0,,CNY
601169,XSHG,2026-09-28,5.489999771118164,5.53000020980835,5.429999828338623,5.449999809265137,5.449999809265137,RAW_CLOSE,143885731.0,,CNY
601186,XSHG,2026-09-28,5.96999979019165,5.989999771118164,5.920000076293945,5.929999828338623,5.929999828338623,RAW_CLOSE,23223500.0,,CNY
601211,XSHG,2026-09-28,17.200000762939453,17.229999542236328,16.739999771118164,16.809999465942383,16.809999465942383,RAW_CLOSE,66218040.0,,CNY
601216,XSHG,2026-09-28,4.46999979019165,4.489999771118164,4.409999847412109,4.460000038146973,4.460000038146973,RAW_CLOSE,41451708.0,,CNY
601225,XSHG,2026-09-28,25.510000228881836,26.0,25.25,25.850000381469727,25.850000381469727,RAW_CLOSE,30886519.0,,CNY
601229,XSHG,2026-09-28,9.529999732971191,9.609999656677246,9.479999542236328,9.510000228881836,9.510000228881836,RAW_CLOSE,50418818.0,,CNY
601231,XSHG,2026-09-28,25.510000228881836,25.530000686645508,23.389999389648438,23.670000076293945,23.670000076293945,RAW_CLOSE,32931931.0,,CNY
601236,XSHG,2026-09-28,6.849999904632568,6.889999866485596,6.75,6.860000133514404,6.860000133514404,RAW_CLOSE,14364480.0,,CNY
601238,XSHG,2026-09-28,5.090000152587891,5.090000152587891,5.090000152587891,5.090000152587891,5.090000152587891,RAW_CLOSE,0.0,,CNY
601288,XSHG,2026-09-28,6.880000114440918,6.980000019073486,6.840000152587891,6.860000133514404,6.860000133514404,RAW_CLOSE,317315333.0,,CNY
601318,XSHG,2026-09-28,53.09000015258789,53.400001525878906,52.189998626708984,52.400001525878906,52.400001525878906,RAW_CLOSE,71194468.0,,CNY
601319,XSHG,2026-09-28,8.029999732971191,8.170000076293945,7.960000038146973,8.0,8.0,RAW_CLOSE,56014931.0,,CNY
601328,XSHG,2026-09-28,7.570000171661377,7.619999885559082,7.519999980926514,7.590000152587891,7.590000152587891,RAW_CLOSE,215999439.0,,CNY
601336,XSHG,2026-09-28,57.2599983215332,57.45000076293945,55.86000061035156,55.900001525878906,55.900001525878906,RAW_CLOSE,13073588.0,,CNY
601360,XSHG,2026-09-28,9.079999923706055,9.149999618530273,8.760000228881836,8.949999809265137,8.949999809265137,RAW_CLOSE,99262929.0,,CNY
601377,XSHG,2026-09-28,5.849999904632568,5.860000133514404,5.710000038146973,5.739999771118164,5.739999771118164,RAW_CLOSE,60053501.0,,CNY
601390,XSHG,2026-09-28,4.25,4.25,4.199999809265137,4.21999979019165,4.21999979019165,RAW_CLOSE,55831864.0,,CNY
601398,XSHG,2026-09-28,8.119999885559082,8.25,8.109999656677246,8.149999618530273,8.149999618530273,RAW_CLOSE,299122932.0,,CNY
601555,XSHG,2026-09-28,8.149999618530273,8.180000305175781,8.050000190734863,8.079999923706055,8.079999923706055,RAW_CLOSE,30330430.0,,CNY
601600,XSHG,2026-09-28,8.800000190734863,8.8100004196167,8.619999885559082,8.680000305175781,8.680000305175781,RAW_CLOSE,146822102.0,,CNY
601601,XSHG,2026-09-28,30.709999084472656,31.219999313354492,30.360000610351562,30.5,30.5,RAW_CLOSE,36123770.0,,CNY
601607,XSHG,2026-09-28,16.010000228881836,16.110000610351562,15.829999923706055,15.890000343322754,15.890000343322754,RAW_CLOSE,8835984.0,,CNY
601618,XSHG,2026-09-28,2.490000009536743,2.5,2.450000047683716,2.4600000381469727,2.4600000381469727,RAW_CLOSE,67328000.0,,CNY
601628,XSHG,2026-09-28,37.33000183105469,37.709999084472656,36.75,36.77000045776367,36.77000045776367,RAW_CLOSE,18125384.0,,CNY
601633,XSHG,2026-09-28,13.800000190734863,13.899999618530273,13.720000267028809,13.789999961853027,13.789999961853027,RAW_CLOSE,11182727.0,,CNY
601658,XSHG,2026-09-28,5.329999923706055,5.409999847412109,5.300000190734863,5.320000171661377,5.320000171661377,RAW_CLOSE,173204381.0,,CNY
601668,XSHG,2026-09-28,4.25,4.269999980926514,4.199999809265137,4.21999979019165,4.21999979019165,RAW_CLOSE,177368683.0,,CNY
601669,XSHG,2026-09-28,4.539999961853027,4.539999961853027,4.5,4.519999980926514,4.519999980926514,RAW_CLOSE,53851893.0,,CNY
601688,XSHG,2026-09-28,18.15999984741211,18.200000762939453,17.790000915527344,17.84000015258789,17.84000015258789,RAW_CLOSE,43710641.0,,CNY
601696,XSHG,2026-09-28,11.100000381469727,11.15999984741211,10.899999618530273,10.930000305175781,10.930000305175781,RAW_CLOSE,25212837.0,,CNY
601698,XSHG,2026-09-28,23.469999313354492,23.56999969482422,22.84000015258789,23.030000686645508,23.030000686645508,RAW_CLOSE,16726547.0,,CNY
601727,XSHG,2026-09-28,6.570000171661377,6.579999923706055,6.409999847412109,6.440000057220459,6.440000057220459,RAW_CLOSE,46434250.0,,CNY
601766,XSHG,2026-09-28,5.96999979019165,6.130000114440918,5.960000038146973,6.119999885559082,6.119999885559082,RAW_CLOSE,193201754.0,,CNY
601788,XSHG,2026-09-28,13.729999542236328,13.779999732971191,13.5600004196167,13.579999923706055,13.579999923706055,RAW_CLOSE,11602486.0,,CNY
601799,XSHG,2026-09-28,70.70999908447266,71.08999633789062,68.80000305175781,69.22000122070312,69.22000122070312,RAW_CLOSE,2990605.0,,CNY
601800,XSHG,2026-09-28,5.809999942779541,5.809999942779541,5.730000019073486,5.760000228881836,5.760000228881836,RAW_CLOSE,16513059.0,,CNY
601808,XSHG,2026-09-28,12.069999694824219,12.210000038146973,12.0,12.170000076293945,12.170000076293945,RAW_CLOSE,9759981.0,,CNY
601816,XSHG,2026-09-28,4.699999809265137,4.800000190734863,4.690000057220459,4.78000020980835,4.78000020980835,RAW_CLOSE,233484428.0,,CNY
601818,XSHG,2026-09-28,3.0,3.009999990463257,2.9800000190734863,2.990000009536743,2.990000009536743,RAW_CLOSE,130275040.0,,CNY
601838,XSHG,2026-09-28,19.040000915527344,19.200000762939453,18.969999313354492,19.040000915527344,19.040000915527344,RAW_CLOSE,25698995.0,,CNY
601857,XSHG,2026-09-28,10.920000076293945,11.220000267028809,10.829999923706055,11.1899995803833,11.1899995803833,RAW_CLOSE,163104953.0,,CNY
601872,XSHG,2026-09-28,21.079999923706055,21.18000030517578,20.440000534057617,20.649999618530273,20.649999618530273,RAW_CLOSE,88827221.0,,CNY
601877,XSHG,2026-09-28,24.899999618530273,24.959999084472656,24.399999618530273,24.450000762939453,24.450000762939453,RAW_CLOSE,10414889.0,,CNY
601878,XSHG,2026-09-28,9.020000457763672,9.039999961853027,8.890000343322754,8.90999984741211,8.90999984741211,RAW_CLOSE,15826005.0,,CNY
601881,XSHG,2026-09-28,11.829999923706055,11.850000381469727,11.569999694824219,11.579999923706055,11.579999923706055,RAW_CLOSE,25192457.0,,CNY
601888,XSHG,2026-09-28,51.189998626708984,51.4900016784668,50.52000045776367,50.790000915527344,50.790000915527344,RAW_CLOSE,12169773.0,,CNY
601899,XSHG,2026-09-28,29.600000381469727,29.690000534057617,29.049999237060547,29.420000076293945,29.420000076293945,RAW_CLOSE,166502688.0,,CNY
601901,XSHG,2026-09-28,6.730000019073486,6.739999771118164,6.590000152587891,6.619999885559082,6.619999885559082,RAW_CLOSE,32782952.0,,CNY
601916,XSHG,2026-09-28,2.8399999141693115,2.869999885559082,2.809999942779541,2.819999933242798,2.819999933242798,RAW_CLOSE,117424951.0,,CNY
601919,XSHG,2026-09-28,16.440000534057617,16.579999923706055,16.190000534057617,16.459999084472656,16.459999084472656,RAW_CLOSE,73252615.0,,CNY
601933,XSHG,2026-09-28,3.0,3.009999990463257,2.950000047683716,2.9600000381469727,2.9600000381469727,RAW_CLOSE,73011569.0,,CNY
601939,XSHG,2026-09-28,10.989999771118164,11.130000114440918,10.949999809265137,11.0,11.0,RAW_CLOSE,98749644.0,,CNY
601985,XSHG,2026-09-28,8.890000343322754,9.020000457763672,8.880000114440918,9.0,9.0,RAW_CLOSE,96296789.0,,CNY
601988,XSHG,2026-09-28,6.610000133514404,6.710000038146973,6.590000152587891,6.630000114440918,6.630000114440918,RAW_CLOSE,260427615.0,,CNY
601990,XSHG,2026-09-28,6.579999923706055,6.610000133514404,6.46999979019165,6.5,6.5,RAW_CLOSE,16702387.0,,CNY
601995,XSHG,2026-09-28,30.950000762939453,30.989999771118164,30.360000610351562,30.5,30.5,RAW_CLOSE,19769415.0,,CNY
601998,XSHG,2026-09-28,9.050000190734863,9.100000381469727,8.949999809265137,9.069999694824219,9.069999694824219,RAW_CLOSE,70973280.0,,CNY
603019,XSHG,2026-09-28,82.19999694824219,82.48999786376953,80.0,80.0199966430664,80.0199966430664,RAW_CLOSE,22159757.0,,CNY
603087,XSHG,2026-09-28,73.44000244140625,75.0,73.43000030517578,73.95999908447266,73.95999908447266,RAW_CLOSE,9489574.0,,CNY
603160,XSHG,2026-09-28,54.099998474121094,54.63999938964844,53.349998474121094,53.720001220703125,53.720001220703125,RAW_CLOSE,3087819.0,,CNY
603195,XSHG,2026-09-28,37.880001068115234,38.029998779296875,37.38999938964844,37.52000045776367,37.52000045776367,RAW_CLOSE,2339473.0,,CNY
603233,XSHG,2026-09-28,17.549999237060547,17.809999465942383,17.31999969482422,17.770000457763672,17.770000457763672,RAW_CLOSE,5584707.0,,CNY
603259,XSHG,2026-09-28,164.75,165.8800048828125,159.88999938964844,161.8000030517578,161.8000030517578,RAW_CLOSE,35011872.0,,CNY
603288,XSHG,2026-09-28,33.79999923706055,33.959999084472656,32.93000030517578,32.93000030517578,32.93000030517578,RAW_CLOSE,16446019.0,,CNY
603338,XSHG,2026-09-28,52.7599983215332,52.880001068115234,51.779998779296875,52.13999938964844,52.13999938964844,RAW_CLOSE,2155366.0,,CNY
603369,XSHG,2026-09-28,26.899999618530273,27.139999389648438,26.479999542236328,26.639999389648438,26.639999389648438,RAW_CLOSE,5747919.0,,CNY
603392,XSHG,2026-09-28,26.360000610351562,26.719999313354492,26.040000915527344,26.690000534057617,26.690000534057617,RAW_CLOSE,5270082.0,,CNY
603501,XSHG,2026-09-28,81.18000030517578,82.19999694824219,80.63999938964844,80.75,80.75,RAW_CLOSE,11603546.0,,CNY
603517,XSHG,2026-09-28,11.430000305175781,11.430000305175781,10.930000305175781,11.020000457763672,11.020000457763672,RAW_CLOSE,5659900.0,,CNY
603658,XSHG,2026-09-28,34.15999984741211,34.56999969482422,33.79999923706055,34.130001068115234,34.130001068115234,RAW_CLOSE,3797820.0,,CNY
603659,XSHG,2026-09-28,21.479999542236328,21.5,20.729999542236328,20.799999237060547,20.799999237060547,RAW_CLOSE,18591828.0,,CNY
603799,XSHG,2026-09-28,35.099998474121094,35.099998474121094,34.029998779296875,34.13999938964844,34.13999938964844,RAW_CLOSE,37237858.0,,CNY
603806,XSHG,2026-09-28,13.920000076293945,14.0600004196167,13.59000015258789,13.699999809265137,13.699999809265137,RAW_CLOSE,17101774.0,,CNY
603833,XSHG,2026-09-28,29.3799991607666,29.809999465942383,28.84000015258789,29.719999313354492,29.719999313354492,RAW_CLOSE,2799187.0,,CNY
603882,XSHG,2026-09-28,29.579999923706055,29.600000381469727,28.31999969482422,29.010000228881836,29.010000228881836,RAW_CLOSE,11462079.0,,CNY
603899,XSHG,2026-09-28,21.8799991607666,22.350000381469727,21.729999542236328,21.790000915527344,21.790000915527344,RAW_CLOSE,2211552.0,,CNY
603939,XSHG,2026-09-28,22.0,22.479999542236328,21.989999771118164,22.469999313354492,22.469999313354492,RAW_CLOSE,6418761.0,,CNY
603986,XSHG,2026-09-28,380.0,380.0,357.1400146484375,358.510009765625,358.510009765625,RAW_CLOSE,28493600.0,,CNY
603993,XSHG,2026-09-28,16.780000686645508,16.950000762939453,16.610000610351562,16.829999923706055,16.829999923706055,RAW_CLOSE,114706311.0,,CNY
688008,XSHG,2026-09-28,212.5,213.94000244140625,205.0,208.60000610351562,208.60000610351562,RAW_CLOSE,33504312.0,,CNY
688009,XSHG,2026-09-28,4.659999847412109,4.670000076293945,4.619999885559082,4.659999847412109,4.659999847412109,RAW_CLOSE,19259065.0,,CNY
688012,XSHG,2026-09-28,342.0,344.4800109863281,323.1000061035156,324.5,324.5,RAW_CLOSE,14103957.0,,CNY
688036,XSHG,2026-09-28,54.900001525878906,55.20000076293945,53.540000915527344,53.720001220703125,53.720001220703125,RAW_CLOSE,8987810.0,,CNY
688111,XSHG,2026-09-28,222.0,223.0,217.10000610351562,222.0,222.0,RAW_CLOSE,3741211.0,,CNY
688126,XSHG,2026-09-28,24.399999618530273,24.700000762939453,23.729999542236328,23.829999923706055,23.829999923706055,RAW_CLOSE,58427067.0,,CNY
688169,XSHG,2026-09-28,115.93000030517578,117.7300033569336,115.05000305175781,116.38999938964844,116.38999938964844,RAW_CLOSE,5026966.0,,CNY
688363,XSHG,2026-09-28,34.70000076293945,35.099998474121094,34.22999954223633,34.29999923706055,34.29999923706055,RAW_CLOSE,2090005.0,,CNY
688396,XSHG,2026-09-28,59.0,59.150001525878906,55.79999923706055,56.310001373291016,56.310001373291016,RAW_CLOSE,15050004.0,,CNY
000001,XSHE,2026-09-29,11.350000381469727,11.380000114440918,11.279999732971191,11.319999694824219,11.319999694824219,RAW_CLOSE,19041748.0,,CNY
000002,XSHE,2026-09-29,3.890000104904175,4.070000171661377,3.7100000381469727,4.010000228881836,4.010000228881836,RAW_CLOSE,329949982.0,,CNY
000063,XSHE,2026-09-29,32.150001525878906,30.829999923706055,30.549999237060547,30.56999969482422,30.56999969482422,RAW_CLOSE,12335324.0,,CNY
000066,XSHE,2026-09-29,15.210000038146973,14.289999961853027,14.0600004196167,14.149999618530273,14.149999618530273,RAW_CLOSE,21236355.0,,CNY
000069,XSHE,2026-09-29,1.8899999856948853,1.9800000190734863,1.8799999952316284,1.9800000190734863,1.9800000190734863,RAW_CLOSE,80286589.0,,CNY
000100,XSHE,2026-09-29,4.929999828338623,4.78000020980835,4.730000019073486,4.75,4.75,RAW_CLOSE,63321376.0,,CNY
000157,XSHE,2026-09-29,6.079999923706055,5.909999847412109,5.840000152587891,5.869999885559082,5.869999885559082,RAW_CLOSE,12595480.0,,CNY
000166,XSHE,2026-09-29,4.46999979019165,4.369999885559082,4.320000171661377,4.360000133514404,4.360000133514404,RAW_CLOSE,13977820.0,,CNY
000333,XSHE,2026-09-29,82.18000030517578,82.44000244140625,81.3499984741211,81.63999938964844,81.63999938964844,RAW_CLOSE,5678364.0,,CNY
000338,XSHE,2026-09-29,25.889999389648438,24.780000686645508,24.3799991607666,24.56999969482422,24.56999969482422,RAW_CLOSE,13208995.0,,CNY
000425,XSHE,2026-09-29,7.210000038146973,7.079999923706055,6.96999979019165,7.0,7.0,RAW_CLOSE,31634710.0,,CNY
000538,XSHE,2026-09-29,50.40999984741211,50.349998474121094,50.099998474121094,50.13999938964844,50.13999938964844,RAW_CLOSE,1323687.0,,CNY
000568,XSHE,2026-09-29,71.69000244140625,70.37999725341797,69.68000030517578,70.20999908447266,70.20999908447266,RAW_CLOSE,1693586.0,,CNY
000596,XSHE,2026-09-29,95.9800033569336,90.0,87.0,89.51000213623047,89.51000213623047,RAW_CLOSE,879700.0,,CNY
000625,XSHE,2026-09-29,7.090000152587891,7.139999866485596,7.019999980926514,7.059999942779541,7.059999942779541,RAW_CLOSE,19264629.0,,CNY
000651,XSHE,2026-09-29,38.22999954223633,38.529998779296875,38.2599983215332,38.310001373291016,38.310001373291016,RAW_CLOSE,4390577.0,,CNY
000656,XSHE,2026-09-29,1.25,1.2699999809265137,1.2200000286102295,1.2599999904632568,1.2599999904632568,RAW_CLOSE,135792822.0,,CNY
000661,XSHE,2026-09-29,72.80000305175781,72.11000061035156,70.08000183105469,71.2699966430664,71.2699966430664,RAW_CLOSE,1511800.0,,CNY
000703,XSHE,2026-09-29,17.3799991607666,17.299999237060547,15.739999771118164,15.960000038146973,15.960000038146973,RAW_CLOSE,53848578.0,,CNY
000708,XSHE,2026-09-29,12.930000305175781,12.899999618530273,12.710000038146973,12.739999771118164,12.739999771118164,RAW_CLOSE,1966270.0,,CNY
000725,XSHE,2026-09-29,5.96999979019165,5.769999980926514,5.619999885559082,5.710000038146973,5.710000038146973,RAW_CLOSE,368698223.0,,CNY
000728,XSHE,2026-09-29,7.400000095367432,7.21999979019165,7.159999847412109,7.210000038146973,7.210000038146973,RAW_CLOSE,3592000.0,,CNY
000768,XSHE,2026-09-29,22.6299991607666,22.940000534057617,22.229999542236328,22.260000228881836,22.260000228881836,RAW_CLOSE,8409425.0,,CNY
000776,XSHE,2026-09-29,20.739999771118164,19.899999618530273,19.709999084472656,19.790000915527344,19.790000915527344,RAW_CLOSE,7096700.0,,CNY
000783,XSHE,2026-09-29,8.40999984741211,8.0,7.889999866485596,7.980000019073486,7.980000019073486,RAW_CLOSE,12964805.0,,CNY
000786,XSHE,2026-09-29,16.0,16.3700008392334,15.880000114440918,16.3700008392334,16.3700008392334,RAW_CLOSE,7528902.0,,CNY
000800,XSHE,2026-09-29,5.920000076293945,5.900000095367432,5.829999923706055,5.860000133514404,5.860000133514404,RAW_CLOSE,3413156.0,,CNY
000858,XSHE,2026-09-29,70.0999984741211,69.12999725341797,68.73999786376953,68.93000030517578,68.93000030517578,RAW_CLOSE,3406254.0,,CNY
000860,XSHE,2026-09-29,10.399999618530273,10.180000305175781,10.0600004196167,10.170000076293945,10.170000076293945,RAW_CLOSE,1971931.0,,CNY
000876,XSHE,2026-09-29,7.0,6.869999885559082,6.789999961853027,6.829999923706055,6.829999923706055,RAW_CLOSE,7645700.0,,CNY
000895,XSHE,2026-09-29,23.299999237060547,23.639999389648438,23.299999237060547,23.31999969482422,23.31999969482422,RAW_CLOSE,3218186.0,,CNY
000938,XSHE,2026-09-29,33.58000183105469,31.729999542236328,31.31999969482422,31.3700008392334,31.3700008392334,RAW_CLOSE,18633350.0,,CNY
000963,XSHE,2026-09-29,26.43000030517578,27.350000381469727,26.510000228881836,26.969999313354492,26.969999313354492,RAW_CLOSE,10504499.0,,CNY
000977,XSHE,2026-09-29,70.8499984741211,68.0999984741211,66.8499984741211,67.18000030517578,67.18000030517578,RAW_CLOSE,10135784.0,,CNY
001979,XSHE,2026-09-29,7.179999828338623,7.679999828338623,7.269999980926514,7.679999828338623,7.679999828338623,RAW_CLOSE,76790205.0,,CNY
002001,XSHE,2026-09-29,26.399999618530273,25.579999923706055,25.18000030517578,25.239999771118164,25.239999771118164,RAW_CLOSE,5606414.0,,CNY
002007,XSHE,2026-09-29,13.3100004196167,13.239999771118164,13.050000190734863,13.170000076293945,13.170000076293945,RAW_CLOSE,2264534.0,,CNY
002008,XSHE,2026-09-29,92.05000305175781,82.47000122070312,80.83999633789062,81.36000061035156,81.36000061035156,RAW_CLOSE,9349703.0,,CNY
002024,XSHE,2026-09-29,1.159999966621399,1.149999976158142,1.1399999856948853,1.149999976158142,1.149999976158142,RAW_CLOSE,3779100.0,,CNY
002027,XSHE,2026-09-29,4.730000019073486,4.690000057220459,4.639999866485596,4.670000076293945,4.670000076293945,RAW_CLOSE,30980350.0,,CNY
002032,XSHE,2026-09-29,39.11000061035156,39.880001068115234,39.40999984741211,39.77000045776367,39.77000045776367,RAW_CLOSE,739700.0,,CNY
002044,XSHE,2026-09-29,4.480000019073486,4.5,4.389999866485596,4.46999979019165,4.46999979019165,RAW_CLOSE,16836600.0,,CNY
002049,XSHE,2026-09-29,61.0,58.880001068115234,58.25,58.290000915527344,58.290000915527344,RAW_CLOSE,2261397.0,,CNY
002050,XSHE,2026-09-29,35.849998474121094,35.81999969482422,34.70000076293945,35.439998626708984,35.439998626708984,RAW_CLOSE,12484475.0,,CNY
002120,XSHE,2026-09-29,6.860000133514404,6.849999904632568,6.75,6.820000171661377,6.820000171661377,RAW_CLOSE,7534700.0,,CNY
002129,XSHE,2026-09-29,9.600000381469727,9.449999809265137,9.199999809265137,9.3100004196167,9.3100004196167,RAW_CLOSE,38564175.0,,CNY
002142,XSHE,2026-09-29,34.65999984741211,34.88999938964844,34.380001068115234,34.56999969482422,34.56999969482422,RAW_CLOSE,5198759.0,,CNY
002153,XSHE,2026-09-29,7.630000114440918,7.360000133514404,7.260000228881836,7.340000152587891,7.340000152587891,RAW_CLOSE,2325482.0,,CNY
002157,XSHE,2026-09-29,2.9600000381469727,2.940000057220459,2.9000000953674316,2.930000066757202,2.930000066757202,RAW_CLOSE,24669505.0,,CNY
002179,XSHE,2026-09-29,34.599998474121094,33.38999938964844,32.88999938964844,32.970001220703125,32.970001220703125,RAW_CLOSE,3869998.0,,CNY
002202,XSHE,2026-09-29,17.84000015258789,17.25,17.020000457763672,17.059999465942383,17.059999465942383,RAW_CLOSE,14608832.0,,CNY
002230,XSHE,2026-09-29,38.7599983215332,37.38999938964844,37.029998779296875,37.27000045776367,37.27000045776367,RAW_CLOSE,3195050.0,,CNY
002236,XSHE,2026-09-29,15.8100004196167,15.279999732971191,15.180000305175781,15.1899995803833,15.1899995803833,RAW_CLOSE,3283300.0,,CNY
002241,XSHE,2026-09-29,24.40999984741211,23.18000030517578,22.850000381469727,22.8700008392334,22.8700008392334,RAW_CLOSE,14578722.0,,CNY
002252,XSHE,2026-09-29,5.03000020980835,5.130000114440918,5.050000190734863,5.130000114440918,5.130000114440918,RAW_CLOSE,17100400.0,,CNY
002271,XSHE,2026-09-29,10.649999618530273,10.420000076293945,10.109999656677246,10.40999984741211,10.40999984741211,RAW_CLOSE,12405100.0,,CNY
002304,XSHE,2026-09-29,37.939998626708984,37.189998626708984,36.90999984741211,37.040000915527344,37.040000915527344,RAW_CLOSE,874514.0,,CNY
002311,XSHE,2026-09-29,41.40999984741211,41.70000076293945,40.90999984741211,41.119998931884766,41.119998931884766,RAW_CLOSE,1211771.0,,CNY
002352,XSHE,2026-09-29,30.809999465942383,30.610000610351562,30.219999313354492,30.239999771118164,30.239999771118164,RAW_CLOSE,3216760.0,,CNY
002371,XSHE,2026-09-29,663.1599731445312,640.7999877929688,626.0,627.0700073242188,627.0700073242188,RAW_CLOSE,1342671.0,,CNY
002384,XSHE,2026-09-29,192.0,171.11000061035156,168.27999877929688,168.6699981689453,168.6699981689453,RAW_CLOSE,12870071.0,,CNY
002410,XSHE,2026-09-29,8.479999542236328,8.489999771118164,8.279999732971191,8.479999542236328,8.479999542236328,RAW_CLOSE,6286580.0,,CNY
002414,XSHE,2026-09-29,11.979999542236328,11.420000076293945,11.260000228881836,11.270000457763672,11.270000457763672,RAW_CLOSE,7888200.0,,CNY
002415,XSHE,2026-09-29,33.0099983215332,32.400001525878906,32.0099983215332,32.08000183105469,32.08000183105469,RAW_CLOSE,7817681.0,,CNY
002456,XSHE,2026-09-29,6.849999904632568,6.539999961853027,6.460000038146973,6.5,6.5,RAW_CLOSE,12646492.0,,CNY
002460,XSHE,2026-09-29,45.380001068115234,42.97999954223633,42.060001373291016,42.5,42.5,RAW_CLOSE,12098189.0,,CNY
002463,XSHE,2026-09-29,126.61000061035156,118.68000030517578,115.69000244140625,117.01000213623047,117.01000213623047,RAW_CLOSE,7677745.0,,CNY
002475,XSHE,2026-09-29,54.150001525878906,50.40999984741211,49.79999923706055,50.040000915527344,50.040000915527344,RAW_CLOSE,14300518.0,,CNY
002493,XSHE,2026-09-29,13.420000076293945,13.760000228881836,13.0600004196167,13.229999542236328,13.229999542236328,RAW_CLOSE,20203420.0,,CNY
002508,XSHE,2026-09-29,16.399999618530273,16.6200008392334,16.399999618530273,16.59000015258789,16.59000015258789,RAW_CLOSE,1028928.0,,CNY
002555,XSHE,2026-09-29,17.3700008392334,17.139999389648438,17.0,17.059999465942383,17.059999465942383,RAW_CLOSE,2714700.0,,CNY
002558,XSHE,2026-09-29,23.600000381469727,22.440000534057617,22.020000457763672,22.239999771118164,22.239999771118164,RAW_CLOSE,13907210.0,,CNY
002594,XSHE,2026-09-29,85.69999694824219,83.41999816894531,82.22000122070312,82.29000091552734,82.29000091552734,RAW_CLOSE,6816674.0,,CNY
002600,XSHE,2026-09-29,12.279999732971191,12.029999732971191,11.859999656677246,11.899999618530273,11.899999618530273,RAW_CLOSE,12955422.0,,CNY
002601,XSHE,2026-09-29,15.199999809265137,14.829999923706055,14.529999732971191,14.579999923706055,14.579999923706055,RAW_CLOSE,3885382.0,,CNY
002602,XSHE,2026-09-29,14.210000038146973,13.930000305175781,13.760000228881836,13.899999618530273,13.899999618530273,RAW_CLOSE,14374870.0,,CNY
002607,XSHE,2026-09-29,1.8899999856948853,1.8700000047683716,1.8300000429153442,1.850000023841858,1.850000023841858,RAW_CLOSE,47098795.0,,CNY
002624,XSHE,2026-09-29,9.880000114440918,9.460000038146973,9.319999694824219,9.40999984741211,9.40999984741211,RAW_CLOSE,9033400.0,,CNY
002673,XSHE,2026-09-29,6.71999979019165,6.599999904632568,6.510000228881836,6.590000152587891,6.590000152587891,RAW_CLOSE,5413584.0,,CNY
002714,XSHE,2026-09-29,41.29999923706055,42.040000915527344,41.47999954223633,41.880001068115234,41.880001068115234,RAW_CLOSE,7702214.0,,CNY
002736,XSHE,2026-09-29,9.949999809265137,9.760000228881836,9.6899995803833,9.720000267028809,9.720000267028809,RAW_CLOSE,3270362.0,,CNY
002739,XSHE,2026-09-29,8.520000457763672,8.319999694824219,8.199999809265137,8.289999961853027,8.289999961853027,RAW_CLOSE,11605786.0,,CNY
002773,XSHE,2026-09-29,20.100000381469727,23.079999923706055,21.200000762939453,22.299999237060547,22.299999237060547,RAW_CLOSE,18038733.0,,CNY
002812,XSHE,2026-09-29,47.310001373291016,45.900001525878906,45.09000015258789,45.720001220703125,45.720001220703125,RAW_CLOSE,3965672.0,,CNY
002821,XSHE,2026-09-29,188.0800018310547,188.9600067138672,179.0800018310547,183.22999572753906,183.22999572753906,RAW_CLOSE,3644403.0,,CNY
002841,XSHE,2026-09-29,46.150001525878906,44.689998626708984,43.560001373291016,43.7400016784668,43.7400016784668,RAW_CLOSE,1750275.0,,CNY
002916,XSHE,2026-09-29,414.7699890136719,377.3500061035156,365.010009765625,370.1199951171875,370.1199951171875,RAW_CLOSE,2081337.0,,CNY
002938,XSHE,2026-09-29,87.0999984741211,80.58000183105469,79.05000305175781,79.06999969482422,79.06999969482422,RAW_CLOSE,4619942.0,,CNY
002939,XSHE,2026-09-29,7.860000133514404,7.710000038146973,7.650000095367432,7.710000038146973,7.710000038146973,RAW_CLOSE,2899799.0,,CNY
002945,XSHE,2026-09-29,14.770000457763672,14.140000343322754,14.0,14.069999694824219,14.069999694824219,RAW_CLOSE,2492400.0,,CNY
003816,XSHE,2026-09-29,4.170000076293945,4.300000190734863,4.230000019073486,4.230000019073486,4.230000019073486,RAW_CLOSE,33324105.0,,CNY
300003,XSHE,2026-09-29,11.5600004196167,11.59000015258789,11.369999885559082,11.520000457763672,11.520000457763672,RAW_CLOSE,4638500.0,,CNY
300014,XSHE,2026-09-29,49.61000061035156,48.47999954223633,47.709999084472656,48.119998931884766,48.119998931884766,RAW_CLOSE,11396963.0,,CNY
300015,XSHE,2026-09-29,7.960000038146973,7.940000057220459,7.840000152587891,7.909999847412109,7.909999847412109,RAW_CLOSE,9337350.0,,CNY
300033,XSHE,2026-09-29,207.5,200.22000122070312,198.61000061035156,199.3300018310547,199.3300018310547,RAW_CLOSE,1378041.0,,CNY
300059,XSHE,2026-09-29,18.559999465942383,17.979999542236328,17.8700008392334,17.93000030517578,17.93000030517578,RAW_CLOSE,28352444.0,,CNY
300122,XSHE,2026-09-29,13.329999923706055,13.239999771118164,12.789999961853027,13.029999732971191,13.029999732971191,RAW_CLOSE,9720417.0,,CNY
300124,XSHE,2026-09-29,52.5,52.970001220703125,52.130001068115234,52.56999969482422,52.56999969482422,RAW_CLOSE,5746209.0,,CNY
300136,XSHE,2026-09-29,57.900001525878906,52.970001220703125,52.0099983215332,52.279998779296875,52.279998779296875,RAW_CLOSE,8044861.0,,CNY
300142,XSHE,2026-09-29,13.979999542236328,13.880000114440918,13.369999885559082,13.630000114440918,13.630000114440918,RAW_CLOSE,33997528.0,,CNY
300144,XSHE,2026-09-29,5.760000228881836,5.619999885559082,5.579999923706055,5.610000133514404,5.610000133514404,RAW_CLOSE,5040370.0,,CNY
300274,XSHE,2026-09-29,86.4000015258789,82.0999984741211,80.80999755859375,81.41000366210938,81.41000366210938,RAW_CLOSE,8516451.0,,CNY
300347,XSHE,2026-09-29,57.91999816894531,58.63999938964844,56.65999984741211,57.650001525878906,57.650001525878906,RAW_CLOSE,4428765.0,,CNY
300408,XSHE,2026-09-29,129.50999450683594,117.38999938964844,114.0999984741211,115.66000366210938,115.66000366210938,RAW_CLOSE,8537813.0,,CNY
300413,XSHE,2026-09-29,19.110000610351562,19.200000762939453,18.510000228881836,19.1299991607666,19.1299991607666,RAW_CLOSE,16502072.0,,CNY
300433,XSHE,2026-09-29,33.72999954223633,32.0,31.25,31.639999389648438,31.639999389648438,RAW_CLOSE,13167399.0,,CNY
300450,XSHE,2026-09-29,32.349998474121094,32.93000030517578,31.770000457763672,32.56999969482422,32.56999969482422,RAW_CLOSE,34923839.0,,CNY
300498,XSHE,2026-09-29,14.760000228881836,15.020000457763672,14.800000190734863,14.989999771118164,14.989999771118164,RAW_CLOSE,8689102.0,,CNY
300529,XSHE,2026-09-29,15.15999984741211,15.050000190734863,14.859999656677246,15.010000228881836,15.010000228881836,RAW_CLOSE,895300.0,,CNY
300558,XSHE,2026-09-29,50.04999923706055,50.880001068115234,47.47999954223633,49.52000045776367,49.52000045776367,RAW_CLOSE,6704755.0,,CNY
300595,XSHE,2026-09-29,10.270000457763672,10.119999885559082,9.960000038146973,10.069999694824219,10.069999694824219,RAW_CLOSE,1574646.0,,CNY
300601,XSHE,2026-09-29,13.140000343322754,13.020000457763672,12.680000305175781,12.84000015258789,12.84000015258789,RAW_CLOSE,4903367.0,,CNY
300628,XSHE,2026-09-29,41.25,41.5,40.20000076293945,40.290000915527344,40.290000915527344,RAW_CLOSE,2865706.0,,CNY
300677,XSHE,2026-09-29,49.5,49.18000030517578,47.91999816894531,48.91999816894531,48.91999816894531,RAW_CLOSE,1946300.0,,CNY
600000,XSHG,2026-09-29,9.149999618530273,9.25,9.109999656677246,9.130000114440918,9.130000114440918,RAW_CLOSE,25609712.0,,CNY
600009,XSHG,2026-09-29,22.350000381469727,22.450000762939453,22.299999237060547,22.3799991607666,22.3799991607666,RAW_CLOSE,1432600.0,,CNY
600010,XSHG,2026-09-29,2.059999942779541,2.0799999237060547,2.049999952316284,2.069999933242798,2.069999933242798,RAW_CLOSE,63695907.0,,CNY
600011,XSHG,2026-09-29,6.909999847412109,7.0,6.889999866485596,6.96999979019165,6.96999979019165,RAW_CLOSE,32574039.0,,CNY
600015,XSHG,2026-09-29,6.190000057220459,6.21999979019165,6.170000076293945,6.199999809265137,6.199999809265137,RAW_CLOSE,15342936.0,,CNY
600016,XSHG,2026-09-29,3.440000057220459,3.4700000286102295,3.430000066757202,3.4600000381469727,3.4600000381469727,RAW_CLOSE,48097807.0,,CNY
600018,XSHG,2026-09-29,5.389999866485596,5.440000057220459,5.380000114440918,5.420000076293945,5.420000076293945,RAW_CLOSE,16077287.0,,CNY
600019,XSHG,2026-09-29,5.800000190734863,5.840000152587891,5.78000020980835,5.800000190734863,5.800000190734863,RAW_CLOSE,23769719.0,,CNY
600025,XSHG,2026-09-29,9.869999885559082,9.9399995803833,9.789999961853027,9.800000190734863,9.800000190734863,RAW_CLOSE,10425975.0,,CNY
600028,XSHG,2026-09-29,5.369999885559082,5.420000076293945,5.28000020980835,5.300000190734863,5.300000190734863,RAW_CLOSE,58437100.0,,CNY
600029,XSHG,2026-09-29,4.809999942779541,4.829999923706055,4.800000190734863,4.809999942779541,4.809999942779541,RAW_CLOSE,6177894.0,,CNY
600030,XSHG,2026-09-29,25.809999465942383,26.030000686645508,25.799999237060547,25.940000534057617,25.940000534057617,RAW_CLOSE,17325716.0,,CNY
600031,XSHG,2026-09-29,17.170000076293945,17.360000610351562,16.950000762939453,17.030000686645508,17.030000686645508,RAW_CLOSE,18606818.0,,CNY
600036,XSHG,2026-09-29,40.4900016784668,40.779998779296875,40.29999923706055,40.310001373291016,40.310001373291016,RAW_CLOSE,11473543.0,,CNY
600048,XSHG,2026-09-29,5.630000114440918,5.869999885559082,5.630000114440918,5.849999904632568,5.849999904632568,RAW_CLOSE,160028562.0,,CNY
600050,XSHG,2026-09-29,4.119999885559082,4.150000095367432,4.110000133514404,4.150000095367432,4.150000095367432,RAW_CLOSE,29729133.0,,CNY
600061,XSHG,2026-09-29,6.090000152587891,6.179999828338623,6.090000152587891,6.150000095367432,6.150000095367432,RAW_CLOSE,10312944.0,,CNY
600079,XSHG,2026-09-29,18.799999237060547,19.0,18.75,18.959999084472656,18.959999084472656,RAW_CLOSE,2750000.0,,CNY
600085,XSHG,2026-09-29,23.280000686645508,23.489999771118164,23.219999313354492,23.360000610351562,23.360000610351562,RAW_CLOSE,937295.0,,CNY
600104,XSHG,2026-09-29,10.760000228881836,10.84000015258789,10.710000038146973,10.739999771118164,10.739999771118164,RAW_CLOSE,10618600.0,,CNY
600109,XSHG,2026-09-29,7.989999771118164,8.079999923706055,7.989999771118164,8.079999923706055,8.079999923706055,RAW_CLOSE,3741248.0,,CNY
600111,XSHG,2026-09-29,35.27000045776367,35.849998474121094,35.2599983215332,35.31999969482422,35.31999969482422,RAW_CLOSE,6524742.0,,CNY
600115,XSHG,2026-09-29,3.2899999618530273,3.319999933242798,3.2899999618530273,3.309999942779541,3.309999942779541,RAW_CLOSE,28845867.0,,CNY
600118,XSHG,2026-09-29,55.880001068115234,56.5,55.130001068115234,55.279998779296875,55.279998779296875,RAW_CLOSE,4314491.0,,CNY
600132,XSHG,2026-09-29,37.599998474121094,37.70000076293945,37.310001373291016,37.560001373291016,37.560001373291016,RAW_CLOSE,528700.0,,CNY
600143,XSHG,2026-09-29,12.890000343322754,12.930000305175781,12.8100004196167,12.84000015258789,12.84000015258789,RAW_CLOSE,4372824.0,,CNY
600150,XSHG,2026-09-29,37.970001220703125,38.54999923706055,37.56999969482422,38.27000045776367,38.27000045776367,RAW_CLOSE,32291474.0,,CNY
600161,XSHG,2026-09-29,12.229999542236328,12.300000190734863,12.100000381469727,12.229999542236328,12.229999542236328,RAW_CLOSE,2584640.0,,CNY
600176,XSHG,2026-09-29,39.0,39.47999954223633,38.70000076293945,38.81999969482422,38.81999969482422,RAW_CLOSE,43799947.0,,CNY
600183,XSHG,2026-09-29,131.83999633789062,132.02000427246094,129.1999969482422,129.32000732421875,129.32000732421875,RAW_CLOSE,11097154.0,,CNY
600196,XSHG,2026-09-29,23.18000030517578,23.959999084472656,23.1200008392334,23.780000686645508,23.780000686645508,RAW_CLOSE,14342278.0,,CNY
600233,XSHG,2026-09-29,18.09000015258789,18.139999389648438,17.799999237060547,17.979999542236328,17.979999542236328,RAW_CLOSE,4820805.0,,CNY
600276,XSHG,2026-09-29,44.34000015258789,45.86000061035156,44.290000915527344,45.290000915527344,45.290000915527344,RAW_CLOSE,24331781.0,,CNY
600299,XSHG,2026-09-29,8.0600004196167,8.09000015258789,7.989999771118164,8.0600004196167,8.0600004196167,RAW_CLOSE,7718392.0,,CNY
600309,XSHG,2026-09-29,69.4000015258789,69.4000015258789,67.69999694824219,67.80999755859375,67.80999755859375,RAW_CLOSE,8889266.0,,CNY
600332,XSHG,2026-09-29,19.389999389648438,19.5,19.3700008392334,19.479999542236328,19.479999542236328,RAW_CLOSE,848800.0,,CNY
600340,XSHG,2026-09-29,1.2400000095367432,1.409999966621399,1.2100000381469727,1.3700000047683716,1.3700000047683716,RAW_CLOSE,152605493.0,,CNY
600352,XSHG,2026-09-29,12.140000343322754,12.220000267028809,12.010000228881836,12.09000015258789,12.09000015258789,RAW_CLOSE,9726100.0,,CNY
600362,XSHG,2026-09-29,40.900001525878906,41.22999954223633,40.72999954223633,40.970001220703125,40.970001220703125,RAW_CLOSE,6718554.0,,CNY
600383,XSHG,2026-09-29,2.4200000762939453,2.549999952316284,2.4200000762939453,2.5299999713897705,2.5299999713897705,RAW_CLOSE,86298816.0,,CNY
600406,XSHG,2026-09-29,22.420000076293945,22.5,22.06999969482422,22.09000015258789,22.09000015258789,RAW_CLOSE,14305507.0,,CNY
600426,XSHG,2026-09-29,19.5,19.600000381469727,19.06999969482422,19.1299991607666,19.1299991607666,RAW_CLOSE,8504580.0,,CNY
600436,XSHG,2026-09-29,116.30000305175781,117.08999633789062,116.08999633789062,116.12000274658203,116.12000274658203,RAW_CLOSE,433200.0,,CNY
600438,XSHG,2026-09-29,11.180000305175781,11.229999542236328,11.010000228881836,11.119999885559082,11.119999885559082,RAW_CLOSE,9583050.0,,CNY
600482,XSHG,2026-09-29,33.70000076293945,33.97999954223633,32.91999816894531,33.13999938964844,33.13999938964844,RAW_CLOSE,3195135.0,,CNY
600489,XSHG,2026-09-29,20.950000762939453,21.149999618530273,20.829999923706055,20.93000030517578,20.93000030517578,RAW_CLOSE,19156771.0,,CNY
600519,XSHG,2026-09-29,1244.5999755859375,1245.8699951171875,1230.8800048828125,1235.699951171875,1235.699951171875,RAW_CLOSE,848082.0,,CNY
600521,XSHG,2026-09-29,15.90999984741211,16.3799991607666,15.819999694824219,16.18000030517578,16.18000030517578,RAW_CLOSE,7844401.0,,CNY
600522,XSHG,2026-09-29,30.760000228881836,31.350000381469727,30.690000534057617,30.780000686645508,30.780000686645508,RAW_CLOSE,51098269.0,,CNY
600547,XSHG,2026-09-29,25.360000610351562,26.15999984741211,25.360000610351562,25.770000457763672,25.770000457763672,RAW_CLOSE,39340058.0,,CNY
600570,XSHG,2026-09-29,19.420000076293945,19.600000381469727,19.299999237060547,19.459999084472656,19.459999084472656,RAW_CLOSE,3589049.0,,CNY
600584,XSHG,2026-09-29,65.37999725341797,66.73999786376953,65.0999984741211,65.73999786376953,65.73999786376953,RAW_CLOSE,19209628.0,,CNY
600585,XSHG,2026-09-29,16.84000015258789,16.989999771118164,16.799999237060547,16.920000076293945,16.920000076293945,RAW_CLOSE,7156834.0,,CNY
600588,XSHG,2026-09-29,9.09000015258789,9.220000267028809,9.079999923706055,9.180000305175781,9.180000305175781,RAW_CLOSE,7282676.0,,CNY
600600,XSHG,2026-09-29,49.779998779296875,49.849998474121094,49.5099983215332,49.709999084472656,49.709999084472656,RAW_CLOSE,901900.0,,CNY
600606,XSHG,2026-09-29,1.4199999570846558,1.5199999809265137,1.399999976158142,1.5099999904632568,1.5099999904632568,RAW_CLOSE,201892788.0,,CNY
600655,XSHG,2026-09-29,4.429999828338623,4.550000190734863,4.429999828338623,4.550000190734863,4.550000190734863,RAW_CLOSE,5042500.0,,CNY
600660,XSHG,2026-09-29,53.13999938964844,53.209999084472656,52.0099983215332,52.70000076293945,52.70000076293945,RAW_CLOSE,2379917.0,,CNY
600690,XSHG,2026-09-29,20.209999084472656,20.3700008392334,20.030000686645508,20.1200008392334,20.1200008392334,RAW_CLOSE,9499717.0,,CNY
600703,XSHG,2026-09-29,11.420000076293945,11.59000015258789,11.350000381469727,11.449999809265137,11.449999809265137,RAW_CLOSE,22585000.0,,CNY
600741,XSHG,2026-09-29,14.970000267028809,15.050000190734863,14.9399995803833,15.020000457763672,15.020000457763672,RAW_CLOSE,3119228.0,,CNY
600745,XSHG,2026-09-29,16.389999389648438,16.549999237060547,16.350000381469727,16.469999313354492,16.469999313354492,RAW_CLOSE,4614202.0,,CNY
600760,XSHG,2026-09-29,43.220001220703125,43.599998474121094,42.310001373291016,42.369998931884766,42.369998931884766,RAW_CLOSE,3757540.0,,CNY
600763,XSHG,2026-09-29,33.29999923706055,33.720001220703125,33.150001525878906,33.470001220703125,33.470001220703125,RAW_CLOSE,1404387.0,,CNY
600795,XSHG,2026-09-29,5.369999885559082,5.409999847412109,5.340000152587891,5.349999904632568,5.349999904632568,RAW_CLOSE,43496413.0,,CNY
600809,XSHG,2026-09-29,110.05999755859375,113.33000183105469,110.05999755859375,112.7300033569336,112.7300033569336,RAW_CLOSE,2012774.0,,CNY
600845,XSHG,2026-09-29,18.010000228881836,18.200000762939453,17.8799991607666,17.920000076293945,17.920000076293945,RAW_CLOSE,2524200.0,,CNY
600848,XSHG,2026-09-29,8.529999732971191,8.699999809265137,8.449999809265137,8.6899995803833,8.6899995803833,RAW_CLOSE,3308900.0,,CNY
600872,XSHG,2026-09-29,17.100000381469727,17.1299991607666,16.8799991607666,17.0,17.0,RAW_CLOSE,1923100.0,,CNY
600887,XSHG,2026-09-29,27.049999237060547,27.139999389648438,26.920000076293945,27.0,27.0,RAW_CLOSE,8262883.0,,CNY
600893,XSHG,2026-09-29,38.61000061035156,38.70000076293945,37.75,37.83000183105469,37.83000183105469,RAW_CLOSE,6202214.0,,CNY
600900,XSHG,2026-09-29,28.5,28.649999618530273,28.399999618530273,28.43000030517578,28.43000030517578,RAW_CLOSE,22422175.0,,CNY
600918,XSHG,2026-09-29,5.329999923706055,5.389999866485596,5.320000171661377,5.380000114440918,5.380000114440918,RAW_CLOSE,7346300.0,,CNY
600919,XSHG,2026-09-29,12.260000228881836,12.289999961853027,12.15999984741211,12.1899995803833,12.1899995803833,RAW_CLOSE,18054700.0,,CNY
600926,XSHG,2026-09-29,16.829999923706055,16.889999389648438,16.709999084472656,16.739999771118164,16.739999771118164,RAW_CLOSE,6350400.0,,CNY
600958,XSHG,2026-09-29,8.600000381469727,8.640000343322754,8.59000015258789,8.619999885559082,8.619999885559082,RAW_CLOSE,6350400.0,,CNY
600989,XSHG,2026-09-29,22.260000228881836,22.5,21.799999237060547,21.8799991607666,21.8799991607666,RAW_CLOSE,14753408.0,,CNY
600999,XSHG,2026-09-29,16.93000030517578,17.010000228881836,16.8799991607666,16.940000534057617,16.940000534057617,RAW_CLOSE,6260530.0,,CNY
601006,XSHG,2026-09-29,4.650000095367432,4.679999828338623,4.639999866485596,4.659999847412109,4.659999847412109,RAW_CLOSE,25056157.0,,CNY
601009,XSHG,2026-09-29,11.960000038146973,11.970000267028809,11.75,11.800000190734863,11.800000190734863,RAW_CLOSE,13822223.0,,CNY
601012,XSHG,2026-09-29,10.8100004196167,10.9399995803833,10.800000190734863,10.859999656677246,10.859999656677246,RAW_CLOSE,17221615.0,,CNY
601021,XSHG,2026-09-29,40.0,40.0,39.4900016784668,39.5099983215332,39.5099983215332,RAW_CLOSE,1866433.0,,CNY
601066,XSHG,2026-09-29,23.290000915527344,23.309999465942383,23.09000015258789,23.1299991607666,23.1299991607666,RAW_CLOSE,2680300.0,,CNY
601077,XSHG,2026-09-29,6.650000095367432,6.670000076293945,6.579999923706055,6.619999885559082,6.619999885559082,RAW_CLOSE,17926800.0,,CNY
601088,XSHG,2026-09-29,48.29999923706055,48.310001373291016,46.97999954223633,47.029998779296875,47.029998779296875,RAW_CLOSE,8171700.0,,CNY
601100,XSHG,2026-09-29,89.0999984741211,89.79000091552734,88.19999694824219,89.22000122070312,89.22000122070312,RAW_CLOSE,1520179.0,,CNY
601108,XSHG,2026-09-29,8.119999885559082,8.180000305175781,8.109999656677246,8.170000076293945,8.170000076293945,RAW_CLOSE,7468770.0,,CNY
601111,XSHG,2026-09-29,5.75,5.78000020980835,5.730000019073486,5.760000228881836,5.760000228881836,RAW_CLOSE,9951753.0,,CNY
601138,XSHG,2026-09-29,58.41999816894531,59.150001525878906,58.04999923706055,58.09000015258789,58.09000015258789,RAW_CLOSE,16337865.0,,CNY
601155,XSHG,2026-09-29,12.789999961853027,13.239999771118164,12.649999618530273,13.1899995803833,13.1899995803833,RAW_CLOSE,14037800.0,,CNY
601162,XSHG,2026-09-29,3.4800000190734863,3.549999952316284,3.4800000190734863,3.5399999618530273,3.5399999618530273,RAW_CLOSE,30843910.0,,CNY
601166,XSHG,2026-09-29,17.829999923706055,17.899999618530273,17.739999771118164,17.829999923706055,17.829999923706055,RAW_CLOSE,21136400.0,,CNY
601169,XSHG,2026-09-29,5.460000038146973,5.480000019073486,5.440000057220459,5.460000038146973,5.460000038146973,RAW_CLOSE,30536727.0,,CNY
601186,XSHG,2026-09-29,5.920000076293945,5.96999979019165,5.920000076293945,5.960000038146973,5.960000038146973,RAW_CLOSE,7809426.0,,CNY
601211,XSHG,2026-09-29,16.860000610351562,16.969999313354492,16.75,16.780000686645508,16.780000686645508,RAW_CLOSE,12461222.0,,CNY
601216,XSHG,2026-09-29,4.440000057220459,4.46999979019165,4.420000076293945,4.429999828338623,4.429999828338623,RAW_CLOSE,7475600.0,,CNY
601225,XSHG,2026-09-29,25.959999084472656,26.079999923706055,25.1200008392334,25.200000762939453,25.200000762939453,RAW_CLOSE,10338002.0,,CNY
601229,XSHG,2026-09-29,9.550000190734863,9.569999694824219,9.479999542236328,9.520000457763672,9.520000457763672,RAW_CLOSE,9046800.0,,CNY
601231,XSHG,2026-09-29,23.440000534057617,24.0,23.280000686645508,23.649999618530273,23.649999618530273,RAW_CLOSE,4820722.0,,CNY
601236,XSHG,2026-09-29,6.849999904632568,6.929999828338623,6.840000152587891,6.889999866485596,6.889999866485596,RAW_CLOSE,3972390.0,,CNY
601238,XSHG,2026-09-29,5.599999904632568,5.599999904632568,5.599999904632568,5.599999904632568,5.599999904632568,RAW_CLOSE,5634920.0,,CNY
601288,XSHG,2026-09-29,6.880000114440918,6.900000095367432,6.800000190734863,6.869999885559082,6.869999885559082,RAW_CLOSE,77327745.0,,CNY
601318,XSHG,2026-09-29,52.470001220703125,52.7400016784668,52.29999923706055,52.470001220703125,52.470001220703125,RAW_CLOSE,12926618.0,,CNY
601319,XSHG,2026-09-29,8.0,8.069999694824219,7.920000076293945,7.960000038146973,7.960000038146973,RAW_CLOSE,16642510.0,,CNY
601328,XSHG,2026-09-29,7.579999923706055,7.610000133514404,7.539999961853027,7.570000171661377,7.570000171661377,RAW_CLOSE,50421920.0,,CNY
601336,XSHG,2026-09-29,55.970001220703125,56.290000915527344,55.84000015258789,56.08000183105469,56.08000183105469,RAW_CLOSE,2058827.0,,CNY
601360,XSHG,2026-09-29,8.880000114440918,9.050000190734863,8.880000114440918,8.960000038146973,8.960000038146973,RAW_CLOSE,31565967.0,,CNY
601377,XSHG,2026-09-29,5.769999980926514,5.769999980926514,5.730000019073486,5.739999771118164,5.739999771118164,RAW_CLOSE,7956535.0,,CNY
601390,XSHG,2026-09-29,4.21999979019165,4.260000228881836,4.199999809265137,4.25,4.25,RAW_CLOSE,25728546.0,,CNY
601398,XSHG,2026-09-29,8.15999984741211,8.199999809265137,8.119999885559082,8.170000076293945,8.170000076293945,RAW_CLOSE,83310045.0,,CNY
601555,XSHG,2026-09-29,8.0600004196167,8.100000381469727,8.050000190734863,8.09000015258789,8.09000015258789,RAW_CLOSE,4501600.0,,CNY
601600,XSHG,2026-09-29,8.729999542236328,8.789999961853027,8.680000305175781,8.680000305175781,8.680000305175781,RAW_CLOSE,34642726.0,,CNY
601601,XSHG,2026-09-29,30.65999984741211,30.829999923706055,30.40999984741211,30.56999969482422,30.56999969482422,RAW_CLOSE,8616076.0,,CNY
601607,XSHG,2026-09-29,15.880000114440918,16.049999237060547,15.859999656677246,16.020000457763672,16.020000457763672,RAW_CLOSE,2916784.0,,CNY
601618,XSHG,2026-09-29,2.4600000381469727,2.509999990463257,2.4600000381469727,2.509999990463257,2.509999990463257,RAW_CLOSE,30268677.0,,CNY
601628,XSHG,2026-09-29,36.619998931884766,37.0,36.56999969482422,36.70000076293945,36.70000076293945,RAW_CLOSE,5511700.0,,CNY
601633,XSHG,2026-09-29,13.789999961853027,13.890000343322754,13.720000267028809,13.800000190734863,13.800000190734863,RAW_CLOSE,2856548.0,,CNY
601658,XSHG,2026-09-29,5.329999923706055,5.349999904632568,5.309999942779541,5.340000152587891,5.340000152587891,RAW_CLOSE,37749200.0,,CNY
601668,XSHG,2026-09-29,4.21999979019165,4.269999980926514,4.210000038146973,4.25,4.25,RAW_CLOSE,62473140.0,,CNY
601669,XSHG,2026-09-29,4.519999980926514,4.550000190734863,4.510000228881836,4.53000020980835,4.53000020980835,RAW_CLOSE,16341638.0,,CNY
601688,XSHG,2026-09-29,17.860000610351562,17.950000762939453,17.780000686645508,17.809999465942383,17.809999465942383,RAW_CLOSE,8965400.0,,CNY
601696,XSHG,2026-09-29,10.920000076293945,11.020000457763672,10.90999984741211,10.989999771118164,10.989999771118164,RAW_CLOSE,3808465.0,,CNY
601698,XSHG,2026-09-29,23.0,23.149999618530273,22.760000228881836,22.799999237060547,22.799999237060547,RAW_CLOSE,3054755.0,,CNY
601727,XSHG,2026-09-29,6.440000057220459,6.46999979019165,6.420000076293945,6.420000076293945,6.420000076293945,RAW_CLOSE,9289300.0,,CNY
601766,XSHG,2026-09-29,6.090000152587891,6.179999828338623,6.070000171661377,6.099999904632568,6.099999904632568,RAW_CLOSE,38443140.0,,CNY
601788,XSHG,2026-09-29,13.59000015258789,13.680000305175781,13.579999923706055,13.609999656677246,13.609999656677246,RAW_CLOSE,2140100.0,,CNY
601799,XSHG,2026-09-29,69.66999816894531,70.20999908447266,68.98999786376953,69.66999816894531,69.66999816894531,RAW_CLOSE,1030500.0,,CNY
601800,XSHG,2026-09-29,5.760000228881836,5.820000171661377,5.739999771118164,5.809999942779541,5.809999942779541,RAW_CLOSE,7184652.0,,CNY
601808,XSHG,2026-09-29,12.09000015258789,12.199999809265137,12.029999732971191,12.09000015258789,12.09000015258789,RAW_CLOSE,2795900.0,,CNY
601816,XSHG,2026-09-29,4.78000020980835,4.809999942779541,4.739999771118164,4.739999771118164,4.739999771118164,RAW_CLOSE,38705800.0,,CNY
601818,XSHG,2026-09-29,2.990000009536743,3.0,2.9800000190734863,3.0,3.0,RAW_CLOSE,14425384.0,,CNY
601838,XSHG,2026-09-29,19.100000381469727,19.15999984741211,18.920000076293945,18.979999542236328,18.979999542236328,RAW_CLOSE,6417009.0,,CNY
601857,XSHG,2026-09-29,11.180000305175781,11.260000228881836,11.029999732971191,11.050000190734863,11.050000190734863,RAW_CLOSE,35666800.0,,CNY
601872,XSHG,2026-09-29,20.520000457763672,20.6299991607666,20.200000762939453,20.34000015258789,20.34000015258789,RAW_CLOSE,25532375.0,,CNY
601877,XSHG,2026-09-29,24.399999618530273,24.579999923706055,24.3799991607666,24.520000457763672,24.520000457763672,RAW_CLOSE,2393800.0,,CNY
601878,XSHG,2026-09-29,8.899999618530273,8.979999542236328,8.899999618530273,8.949999809265137,8.949999809265137,RAW_CLOSE,2784600.0,,CNY
601881,XSHG,2026-09-29,11.569999694824219,11.649999618530273,11.5600004196167,11.569999694824219,11.569999694824219,RAW_CLOSE,4141103.0,,CNY
601888,XSHG,2026-09-29,50.79999923706055,51.2599983215332,50.79999923706055,51.189998626708984,51.189998626708984,RAW_CLOSE,3170192.0,,CNY
601899,XSHG,2026-09-29,29.010000228881836,29.3700008392334,29.010000228881836,29.1299991607666,29.1299991607666,RAW_CLOSE,27303891.0,,CNY
601901,XSHG,2026-09-29,6.619999885559082,6.659999847412109,6.610000133514404,6.650000095367432,6.650000095367432,RAW_CLOSE,6537782.0,,CNY
601916,XSHG,2026-09-29,2.819999933242798,2.8499999046325684,2.819999933242798,2.8499999046325684,2.8499999046325684,RAW_CLOSE,39857535.0,,CNY
601919,XSHG,2026-09-29,16.43000030517578,16.450000762939453,16.110000610351562,16.1200008392334,16.1200008392334,RAW_CLOSE,19479070.0,,CNY
601933,XSHG,2026-09-29,2.9600000381469727,2.9800000190734863,2.950000047683716,2.9600000381469727,2.9600000381469727,RAW_CLOSE,11428568.0,,CNY
601939,XSHG,2026-09-29,10.979999542236328,11.039999961853027,10.880000114440918,10.9399995803833,10.9399995803833,RAW_CLOSE,24211600.0,,CNY
601985,XSHG,2026-09-29,9.0,9.050000190734863,8.970000267028809,8.979999542236328,8.979999542236328,RAW_CLOSE,27002910.0,,CNY
601988,XSHG,2026-09-29,6.619999885559082,6.639999866485596,6.570000171661377,6.630000114440918,6.630000114440918,RAW_CLOSE,56115864.0,,CNY
601990,XSHG,2026-09-29,6.480000019073486,6.570000171661377,6.480000019073486,6.559999942779541,6.559999942779541,RAW_CLOSE,4268620.0,,CNY
601995,XSHG,2026-09-29,30.420000076293945,30.639999389648438,30.399999618530273,30.549999237060547,30.549999237060547,RAW_CLOSE,4400332.0,,CNY
601998,XSHG,2026-09-29,9.069999694824219,9.109999656677246,8.960000038146973,8.979999542236328,8.979999542236328,RAW_CLOSE,15661926.0,,CNY
603019,XSHG,2026-09-29,80.0199966430664,80.73999786376953,79.87999725341797,80.0999984741211,80.0999984741211,RAW_CLOSE,3810785.0,,CNY
603087,XSHG,2026-09-29,73.97000122070312,75.5999984741211,73.0999984741211,74.79000091552734,74.79000091552734,RAW_CLOSE,4223089.0,,CNY
603160,XSHG,2026-09-29,53.349998474121094,53.95000076293945,53.279998779296875,53.459999084472656,53.459999084472656,RAW_CLOSE,898208.0,,CNY
603195,XSHG,2026-09-29,37.529998779296875,37.939998626708984,37.5,37.88999938964844,37.88999938964844,RAW_CLOSE,731694.0,,CNY
603233,XSHG,2026-09-29,17.799999237060547,17.889999389648438,17.600000381469727,17.670000076293945,17.670000076293945,RAW_CLOSE,1286609.0,,CNY
603259,XSHG,2026-09-29,161.80999755859375,166.67999267578125,160.85000610351562,164.02000427246094,164.02000427246094,RAW_CLOSE,12037796.0,,CNY
603288,XSHG,2026-09-29,32.91999816894531,33.0,32.529998779296875,32.65999984741211,32.65999984741211,RAW_CLOSE,4770373.0,,CNY
603338,XSHG,2026-09-29,52.029998779296875,52.189998626708984,51.349998474121094,51.439998626708984,51.439998626708984,RAW_CLOSE,459606.0,,CNY
603369,XSHG,2026-09-29,26.700000762939453,26.989999771118164,26.5,26.920000076293945,26.920000076293945,RAW_CLOSE,2490858.0,,CNY
603392,XSHG,2026-09-29,26.440000534057617,27.049999237060547,26.360000610351562,26.670000076293945,26.670000076293945,RAW_CLOSE,1578282.0,,CNY
603501,XSHG,2026-09-29,80.5,81.38999938964844,80.45999908447266,80.63999938964844,80.63999938964844,RAW_CLOSE,1870344.0,,CNY
603517,XSHG,2026-09-29,11.039999961853027,11.270000457763672,11.020000457763672,11.199999809265137,11.199999809265137,RAW_CLOSE,1323200.0,,CNY
603658,XSHG,2026-09-29,34.470001220703125,34.47999954223633,33.93000030517578,33.959999084472656,33.959999084472656,RAW_CLOSE,914200.0,,CNY
603659,XSHG,2026-09-29,20.81999969482422,21.40999984741211,20.81999969482422,21.209999084472656,21.209999084472656,RAW_CLOSE,6921876.0,,CNY
603799,XSHG,2026-09-29,34.45000076293945,34.4900016784668,34.11000061035156,34.220001220703125,34.220001220703125,RAW_CLOSE,7092640.0,,CNY
603806,XSHG,2026-09-29,13.630000114440918,13.760000228881836,13.619999885559082,13.65999984741211,13.65999984741211,RAW_CLOSE,3899440.0,,CNY
603833,XSHG,2026-09-29,29.600000381469727,30.530000686645508,29.479999542236328,30.299999237060547,30.299999237060547,RAW_CLOSE,1033600.0,,CNY
603882,XSHG,2026-09-29,29.059999465942383,29.489999771118164,28.719999313354492,28.790000915527344,28.790000915527344,RAW_CLOSE,3452834.0,,CNY
603899,XSHG,2026-09-29,21.860000610351562,21.989999771118164,21.5,21.799999237060547,21.799999237060547,RAW_CLOSE,809100.0,,CNY
603939,XSHG,2026-09-29,22.459999084472656,22.670000076293945,22.15999984741211,22.309999465942383,22.309999465942383,RAW_CLOSE,1776786.0,,CNY
603986,XSHG,2026-09-29,358.55999755859375,363.3599853515625,358.5199890136719,358.8500061035156,358.8500061035156,RAW_CLOSE,6146598.0,,CNY
603993,XSHG,2026-09-29,16.709999084472656,16.780000686645508,16.600000381469727,16.610000610351562,16.610000610351562,RAW_CLOSE,28868300.0,,CNY
688008,XSHG,2026-09-29,205.0,208.0,205.0,205.47000122070312,205.47000122070312,RAW_CLOSE,7284464.0,,CNY
688009,XSHG,2026-09-29,4.639999866485596,4.670000076293945,4.639999866485596,4.639999866485596,4.639999866485596,RAW_CLOSE,4018539.0,,CNY
688012,XSHG,2026-09-29,329.8800048828125,330.54998779296875,323.2200012207031,324.0199890136719,324.0199890136719,RAW_CLOSE,3192201.0,,CNY
688036,XSHG,2026-09-29,53.959999084472656,54.20000076293945,53.5099983215332,54.04999923706055,54.04999923706055,RAW_CLOSE,1705926.0,,CNY
688111,XSHG,2026-09-29,221.66000366210938,222.75999450683594,219.50999450683594,221.10000610351562,221.10000610351562,RAW_CLOSE,786776.0,,CNY
688126,XSHG,2026-09-29,23.549999237060547,24.0,23.3799991607666,23.56999969482422,23.56999969482422,RAW_CLOSE,13038044.0,,CNY
688169,XSHG,2026-09-29,115.0,115.9800033569336,113.9800033569336,115.4000015258789,115.4000015258789,RAW_CLOSE,970229.0,,CNY
688363,XSHG,2026-09-29,34.29999923706055,34.91999816894531,34.16999816894531,34.56999969482422,34.56999969482422,RAW_CLOSE,1141156.0,,CNY
688396,XSHG,2026-09-29,56.470001220703125,57.900001525878906,55.689998626708984,56.630001068115234,56.630001068115234,RAW_CLOSE,3765737.0,,CNY
